date,PM25,PM10,NO_2,O_3,SO_2,categoria_PM25,categoria_PM10,categoria_NO_2,categoria_O_3,categoria_SO_2,Calidad_Aire_General
2001-01-01,,19.36788711500081,47.760278253969936,22.275356562241264,18.896399978140128,5,1,1,1,1,Muy Malo
2001-01-02,,17.426450490951538,45.14165040422109,36.652238515467424,16.859624155985763,5,1,1,1,1,Muy Malo
2001-01-03,,24.811872947176166,53.401426400893776,23.55879803957083,18.297259609286602,5,1,2,1,1,Muy Malo
2001-01-04,,25.08637589276237,50.055048148601486,25.265473521922985,17.920690221541573,5,2,2,1,1,Muy Malo
2001-01-05,,26.796616666515668,51.62929487992556,11.781987203619419,18.446490362668648,5,2,2,1,1,Muy Malo
2001-01-06,,10.99303333391746,43.12770840640251,29.976554496548115,16.911105810067593,5,1,1,1,1,Muy Malo
2001-01-07,,12.88898331463337,49.13745130966236,24.684743567537037,19.402147468083943,5,1,1,1,1,Muy Malo
2001-01-08,,40.37180136329798,68.80096416126669,19.01478328635949,28.654526542890128,5,2,2,1,1,Muy Malo
2001-01-09,,40.97166668176651,69.12758455875415,6.743750011118559,31.023349317984703,5,2,2,1,1,Muy Malo
2001-01-10,,43.38550915184722,59.893605798482895,7.945320513768074,31.712099368755634,5,2,2,1,1,Muy Malo
2001-01-11,,21.62147153011931,56.844310882381905,17.586153847666885,21.245304485926262,5,1,2,1,1,Muy Malo
2001-01-12,,25.2808361220918,67.76170146752322,13.635730306562605,28.539598762702024,5,2,2,1,1,Muy Malo
2001-01-13,,38.87569995760918,69.06825317404208,12.198814122531658,34.27708335182606,5,2,2,1,1,Muy Malo
2001-01-14,,41.217183271249134,66.02041665407327,12.042291666643742,34.57041666752253,5,2,2,1,1,Muy Malo
2001-01-15,,37.46727435445307,55.561350440672356,9.299356913068287,26.34464626833557,5,2,2,1,1,Muy Malo
2001-01-16,,23.30274999976158,49.39275644796017,17.683221174738346,19.558733943945324,5,1,1,1,1,Muy Malo
2001-01-17,,25.560383301377296,51.36509619882474,20.274375011905647,20.012259611716637,5,2,2,1,1,Muy Malo
2001-01-18,,20.01652029962153,56.0884604709075,19.168555215194626,19.264051840023246,5,1,2,1,1,Muy Malo
2001-01-19,,29.396086988863736,63.182479600144056,16.679022788419008,27.508189229358468,5,2,2,1,1,Muy Malo
2001-01-20,,48.9698667605718,72.30448716573225,12.488926288218071,36.08020832294073,5,2,2,1,1,Muy Malo
2001-01-21,,51.2475665807724,65.50629804722773,11.98322119945899,37.087115346621246,5,3,2,1,1,Muy Malo
2001-01-22,,55.752656472717646,69.0650729433644,7.92555916367319,35.135688801831904,5,3,2,1,1,Muy Malo
2001-01-23,,15.28834754695681,48.94769991941592,18.61143559460539,19.17771616184303,5,1,1,1,1,Muy Malo
2001-01-24,,16.495483341614406,44.698677365241515,25.57293266057968,19.37166666296812,5,1,1,1,1,Muy Malo
2001-01-25,,16.190487386599308,45.46330658228018,34.607724350996506,17.032692315486763,5,1,1,1,1,Muy Malo
2001-01-26,,15.496699988941351,49.86040717343943,26.677996806227245,14.664687003216812,5,1,1,1,1,Muy Malo
2001-01-27,,16.059766617417335,49.4801762658052,22.7570031950107,20.399326915924366,5,1,1,1,1,Muy Malo
2001-01-28,,10.327173935131086,30.39687497044603,43.065945495397614,16.222451894329144,5,1,1,1,1,Muy Malo
2001-01-29,,22.37630002359549,52.292475803812124,31.039439155123173,24.299277685044473,5,1,2,1,1,Muy Malo
2001-01-30,,62.47976609780912,93.15666667696757,10.479102584413994,42.18467949139766,5,3,2,1,1,Muy Malo
2001-01-31,,57.42439599685221,73.43698720977856,13.256185921529928,43.23395839715615,5,3,2,1,1,Muy Malo
2001-02-01,,41.4538898834203,66.63999991248275,13.407532037832798,36.233987145868525,5,2,2,1,1,Muy Malo
2001-02-02,,58.36210337743934,74.77376599342395,9.119599373485798,42.49040062305255,5,3,2,1,1,Muy Malo
2001-02-03,,48.27898335735003,67.67714731357036,10.630849347473719,37.782227570429825,5,2,2,1,1,Muy Malo
2001-02-04,,28.842133304278057,44.92278847289391,19.001089720771862,25.07052887326632,5,2,1,1,1,Muy Malo
2001-02-05,,29.3635999417305,56.71105939159424,18.35134615844641,20.663874618110167,5,2,2,1,1,Muy Malo
2001-02-06,,26.4433166573445,55.676169854326126,16.83642624452328,24.79493587129773,5,2,2,1,1,Muy Malo
2001-02-07,,24.428786347666357,54.301637231633904,23.32727566628884,18.277628225011703,5,1,2,1,1,Muy Malo
2001-02-08,,15.917343758667508,52.36137822614266,29.290256390586876,18.08524038699957,5,1,2,1,1,Muy Malo
2001-02-09,,27.305342742554544,53.2926298737913,23.88845162353208,20.117306464333687,5,2,2,1,1,Muy Malo
2001-02-10,,30.777239572670723,48.241193479107274,18.268141034321907,20.864727593003174,5,2,1,1,1,Muy Malo
2001-02-11,,45.979114583383,53.095160333009865,12.500336536421226,34.89814106928996,5,2,2,1,1,Muy Malo
2001-02-12,,58.811047120036044,75.29496760099165,9.319147900561427,38.71913180550578,5,3,2,1,1,Muy Malo
2001-02-13,,54.01668441041987,72.9642294711754,10.276437907047521,34.74508174416287,5,3,2,1,1,Muy Malo
2001-02-14,,29.13276521599811,56.191073786849394,18.341410216039574,24.21104166207787,5,2,2,1,1,Muy Malo
2001-02-15,,20.208090270662474,51.84825315075712,25.891249975822387,20.888057772458843,5,1,2,1,1,Muy Malo
2001-02-16,,28.133368015703226,67.28557683030765,27.652724356223377,27.01865389713874,5,2,2,1,1,Muy Malo
2001-02-17,,32.29621535829372,81.48046482220674,20.575913459062576,31.256314078202614,5,2,2,1,1,Muy Malo
2001-02-18,,27.505659710615873,57.9009775076157,24.712756413393297,25.36357375903007,5,2,2,1,1,Muy Malo
2001-02-19,,27.6499306095971,58.36293741095554,30.219871814243305,24.15953524563557,5,2,2,1,1,Muy Malo
2001-02-20,,45.32831019557727,83.6641985881023,17.679455140080208,37.22235957079867,5,2,2,1,1,Muy Malo
2001-02-21,,60.44638271027423,103.41881415782831,12.717355769032087,44.16950312562478,5,3,3,1,1,Muy Malo
2001-02-22,,78.57228731432706,111.57461528441844,10.293830109234804,51.1441025688098,5,3,3,1,2,Muy Malo
2001-02-23,,87.94008732008476,95.72575300320601,9.910657049753727,46.8832212579556,5,3,2,1,1,Muy Malo
2001-02-24,,30.32594784612241,54.10327445102159,22.630993599119858,24.678202277010556,5,2,2,1,1,Muy Malo
2001-02-25,,10.140017351549533,41.574439054880386,43.01847750941912,17.89389424217053,5,1,1,1,1,Muy Malo
2001-02-26,,28.792121758564658,67.13275533557132,27.157403794523233,26.151714738362873,5,2,2,1,1,Muy Malo
2001-02-27,,27.567122799890083,52.46628425964824,32.65064624438185,19.99768982719335,5,2,2,1,1,Muy Malo
2001-02-28,,19.864874148325953,51.805243662325275,37.40287125228655,20.977656752362897,5,1,2,1,1,Muy Malo
2001-03-01,,25.76377662107454,63.093251689976334,20.261960834459543,20.421258202565262,5,2,2,1,1,Muy Malo
2001-03-02,,16.496090878356586,53.70223333676656,23.094750006596247,19.404566636482876,5,1,2,1,1,Muy Malo
2001-03-03,,11.418266427125374,40.53886656324069,42.468483344713846,16.076199979980785,5,1,1,1,1,Muy Malo
2001-03-04,,13.810199287058651,43.843549975355465,35.47301665027936,14.354533336162568,5,1,1,1,1,Muy Malo
2001-03-05,,23.8952717271404,55.775483249028525,25.257466673056285,18.6643166577816,5,1,2,1,1,Muy Malo
2001-03-06,,34.002977936583406,48.672168088159644,17.31872909483702,23.534201711766862,5,2,1,1,1,Muy Malo
2001-03-07,,27.9735688480778,58.49183643799592,19.708197000229696,18.704766683975855,5,2,2,1,1,Muy Malo
2001-03-08,,17.722945487715982,43.810850097735724,39.04761673847834,15.548907590313117,5,1,1,1,1,Muy Malo
2001-03-09,,20.34611420253803,40.673966107732156,32.08392560623221,15.408307950508776,5,1,1,1,1,Muy Malo
2001-03-10,,14.44268655799218,27.82017098043719,21.55191454846635,14.355188359748828,5,1,1,1,1,Muy Malo
2001-03-11,,16.01678095090957,29.528850153763536,18.688819439874756,16.109390243212935,5,1,1,1,1,Muy Malo
2001-03-12,,27.002938958941897,46.625847447928734,15.988898337897608,19.93604062656461,5,2,1,1,1,Muy Malo
2001-03-13,,19.921503631533056,54.06548335293929,37.36560005704562,17.481000021497408,5,1,2,1,1,Muy Malo
2001-03-14,,42.272536233283475,83.61588315486908,18.357216637333234,27.36710003852844,5,2,2,1,1,Muy Malo
2001-03-15,,43.681902084661566,76.27098994767105,22.740553609076763,26.612902711301842,5,2,2,1,1,Muy Malo
2001-03-16,,32.778800090876494,61.387189209562756,29.65044293086817,19.607901028398768,5,2,2,1,1,Muy Malo
2001-03-17,,15.045923903800439,41.97643333474795,44.10228333632151,14.393689498678471,5,1,1,1,1,Muy Malo
2001-03-18,,16.531394935172536,39.630833319624266,37.28813333749771,14.1964333152771,5,1,1,1,1,Muy Malo
2001-03-19,,24.627186911941223,49.29229208447533,23.705772540362865,16.567840103389454,5,1,1,1,1,Muy Malo
2001-03-20,,32.10333335399628,47.695888499349664,17.507934019383455,21.056683995657497,5,2,1,1,1,Muy Malo
2001-03-21,,23.436322496853013,39.806493125442,24.75703121556176,16.871147834529047,5,1,1,1,1,Muy Malo
2001-03-22,,31.242536318043005,41.785868010587166,21.44442709783713,20.280746528878808,5,2,1,1,1,Muy Malo
2001-03-23,,73.53825767330163,71.12614581402805,16.750937503452104,30.685937514735592,5,3,2,1,1,Muy Malo
2001-03-24,,35.07056160983832,40.4214757496698,44.99180554536482,17.037586803651518,5,2,1,1,1,Muy Malo
2001-03-25,,10.121814748740602,34.43798907705839,50.0238224375939,12.86965579032034,5,1,1,1,1,Muy Malo
2001-03-26,,18.213550731323767,58.31895839671294,29.38013886825906,16.61467014853325,5,1,2,1,1,Muy Malo
2001-03-27,,25.439130392951377,55.353906241142084,29.559270791709423,18.164623502674537,5,2,2,1,1,Muy Malo
2001-03-28,,19.494927548196006,50.85503471559949,38.967552065849304,17.50654511898756,5,1,2,1,1,Muy Malo
2001-03-29,,20.14768118746039,41.78776034050517,42.175659681359924,15.677604152717524,5,1,1,1,1,Muy Malo
2001-03-30,,21.842083331899367,42.013380331682484,34.11909721212255,18.301545181622107,5,1,1,1,1,Muy Malo
2001-03-31,,20.336559588607184,48.066944512642095,26.71154512878921,19.771128493050735,5,1,1,1,1,Muy Malo
2001-04-01,,17.29121819192713,51.15154503368669,39.70895836460922,15.518402794582975,5,1,2,1,1,Muy Malo
2001-04-02,,40.59377494178536,67.92567950507905,28.251406306607855,19.860679454504407,5,2,2,1,1,Muy Malo
2001-04-03,,24.80485404995236,57.26877629006659,31.55585661801425,15.70881118932804,5,1,2,1,1,Muy Malo
2001-04-04,,29.355444373024834,52.74633632423603,33.31453099588377,14.938867255016765,5,2,2,1,1,Muy Malo
2001-04-05,,20.378079708071724,40.291840302447476,28.40725690830085,13.478437515596548,5,1,1,1,1,Muy Malo
2001-04-06,,40.157332119621515,52.884253423660994,16.915624981746078,19.815416655606693,5,2,2,1,1,Muy Malo
2001-04-07,,18.883321229862,34.247864623657534,51.765138844648995,12.278107658028603,5,1,1,1,1,Muy Malo
2001-04-08,,12.471183938189716,35.84635250481011,53.35931943890104,12.063019218245103,5,1,1,1,1,Muy Malo
2001-04-09,,33.353129710974514,69.89290250824617,31.86820924112983,18.990460181447258,5,2,2,1,1,Muy Malo
2001-04-10,,34.924847447037486,66.92435691696089,27.83531630222614,19.57094338418689,5,2,2,1,1,Muy Malo
2001-04-11,,23.162910052918463,53.710604442010066,44.50768965030539,12.409861835173375,5,1,2,1,1,Muy Malo
2001-04-12,,14.967417769918317,32.89360198300136,62.20452294224187,10.476990126857633,5,1,1,2,1,Muy Malo
2001-04-13,,16.452584294025243,27.703274450849378,61.74502408255735,10.884510425656412,5,1,1,2,1,Muy Malo
2001-04-14,,18.75302250055638,30.021752477267164,64.52745185907071,11.757057886031664,5,1,1,2,1,Muy Malo
2001-04-15,,19.67665065633945,49.63519230867043,48.598846127589546,13.826025621631207,5,1,1,1,1,Muy Malo
2001-04-16,,43.77813200559017,79.62422588640644,33.67470207421676,21.39106282212692,5,2,2,1,1,Muy Malo
2001-04-17,,34.37396463230372,56.0979967340827,37.946490382918945,15.615048094437672,5,2,2,1,1,Muy Malo
2001-04-18,,24.08274035193981,61.45926163705547,37.4264102883828,15.469391020444723,5,1,2,1,1,Muy Malo
2001-04-19,,34.204292616851845,72.38966129729825,26.72998398809861,19.119662385661503,5,2,2,1,1,Muy Malo
2001-04-20,,17.547996660504793,49.36565007150173,50.898566570281986,15.294816651741664,5,1,1,1,1,Muy Malo
2001-04-21,,16.485104888260782,52.781149898671934,50.68375000771549,15.87008710688415,5,1,2,1,1,Muy Malo
2001-04-22,,26.271302089095116,50.963211803593566,30.855381927142542,17.356597235633267,5,2,2,1,1,Muy Malo
2001-04-23,,25.943831242660227,34.60752198555767,31.08224959784107,13.508365515874853,5,2,1,1,1,Muy Malo
2001-04-24,,28.419376104295356,40.127954978463556,33.25367422905497,12.645607628549138,5,2,1,1,1,Muy Malo
2001-04-25,,20.550050077533882,48.83120401627244,48.659549970626834,12.439749571835259,5,1,1,1,1,Muy Malo
2001-04-26,,31.71144053205174,73.1217863531861,39.12171956812201,15.201371216255685,5,2,2,1,1,Muy Malo
2001-04-27,,34.191644287749426,76.62788351456324,34.066350051164626,15.260983326832454,5,2,2,1,1,Muy Malo
2001-04-28,,23.762333351771037,62.325533358256024,44.85728330175082,13.899049994746845,5,1,2,1,1,Muy Malo
2001-04-29,,31.718833374182385,70.46011669953664,31.214333372314773,16.96100000858307,5,2,2,1,1,Muy Malo
2001-04-30,,13.502537812305098,40.356566694378856,53.43898336569468,13.079400030970573,5,1,1,1,1,Muy Malo
2001-05-01,,11.325692813066091,38.49635004015018,48.89618328571319,11.103583342532318,5,1,1,1,1,Muy Malo
2001-05-02,,16.202183308204017,54.23778327385585,33.875533278385795,13.371933344006539,5,1,2,1,1,Muy Malo
2001-05-03,,23.22466667373975,71.07411666631698,31.273416686058045,17.683205343447067,5,1,2,1,1,Muy Malo
2001-05-04,,23.590535137565638,64.54374573661332,38.8499333190918,18.19988290402403,5,1,2,1,1,Muy Malo
2001-05-05,,15.696999984582265,59.29944995800654,42.83001666565736,15.690266650517781,5,1,2,1,1,Muy Malo
2001-05-06,,13.724649994770687,46.84721671203772,49.96141664505005,13.591183342734972,5,1,1,1,1,Muy Malo
2001-05-07,,21.91851417727781,62.46933338324229,40.79656667709351,15.172099998195966,5,1,2,1,1,Muy Malo
2001-05-08,,30.65746668378512,69.0762919035534,32.48843331595262,18.121466670731703,5,2,2,1,1,Muy Malo
2001-05-09,,26.66138567371241,71.31552733491067,35.39186662157377,15.737933325767518,5,2,2,1,1,Muy Malo
2001-05-10,,29.295676120732583,69.1541138078058,30.751799920399982,16.168200039068857,5,2,2,1,1,Muy Malo
2001-05-11,,44.133703692994935,82.75108692159621,30.564657796105877,20.18732887118408,5,2,2,1,1,Muy Malo
2001-05-12,,40.53130213684948,75.63386666933695,38.38911676932126,19.52779999256134,5,2,2,1,1,Muy Malo
2001-05-13,,13.742541818315768,36.08881470635658,54.548380558797234,10.596594314941381,5,1,1,1,1,Muy Malo
2001-05-14,,22.56741667230924,51.6978667596976,38.70253335793813,12.205466662844023,5,1,2,1,1,Muy Malo
2001-05-15,,12.757266684373219,35.78803338686625,38.83021660486857,11.032383356293042,5,1,1,1,1,Muy Malo
2001-05-16,,25.620266642570495,50.804450038274126,34.256366654634476,13.081399973630905,5,2,2,1,1,Muy Malo
2001-05-17,,26.04278523529936,44.6865333378315,27.67846669872602,13.092100017468134,5,2,1,1,1,Muy Malo
2001-05-18,,24.16515860553576,47.97266666531563,35.10053330818812,11.509449998140335,5,1,1,1,1,Muy Malo
2001-05-19,,20.83288591040061,48.918979932631935,32.0133166539669,10.464280940218513,5,1,1,1,1,Muy Malo
2001-05-20,,16.896518743892578,48.42477897032588,40.85244488270862,10.025986405456958,5,1,1,1,1,Muy Malo
2001-05-21,,28.027700171966163,67.21162113150639,38.73931856740273,11.929041087627411,5,2,2,1,1,Muy Malo
2001-05-22,,31.35085001349449,68.31453340053558,41.429950002233184,12.676766668160756,5,2,2,1,1,Muy Malo
2001-05-23,,31.249783318837483,78.58123329639434,43.39775006453196,14.043816654682159,5,2,2,1,1,Muy Malo
2001-05-24,,32.846049981911975,71.65826373983903,45.96246663192908,14.415700001716614,5,2,2,1,1,Muy Malo
2001-05-25,,42.405008413954846,83.35193974038829,43.4575125048674,16.353171932080354,5,2,2,1,1,Muy Malo
2001-05-26,,33.46441666007042,67.0839500673612,59.944066764911014,13.96008331378301,5,2,2,1,1,Muy Malo
2001-05-27,,26.734250041246415,52.51241661628087,63.72828329821428,12.672266676823298,5,2,2,2,1,Muy Malo
2001-05-28,,48.69300672935473,91.62674544030457,44.32128155050551,17.625777025480527,5,2,2,1,1,Muy Malo
2001-05-29,,49.370778575488025,86.04563884475162,43.86545912870744,18.704258939070435,5,2,2,1,1,Muy Malo
2001-05-30,,53.769731984865324,91.07107198897319,45.38525972379312,18.582747049667127,5,3,2,1,1,Muy Malo
2001-05-31,,56.80479137487523,100.35948322137197,46.11975000003974,18.784100023905435,5,3,3,1,1,Muy Malo
2001-06-01,,53.0353999710083,79.34779631992015,47.32516721817961,15.389933321475983,5,3,2,1,1,Muy Malo
2001-06-02,,31.68270000139872,62.56639403512761,52.27788330396017,13.512500024636587,5,2,2,1,1,Muy Malo
2001-06-03,,32.849136362421696,63.644991357297684,46.38065630001931,14.042158869675816,5,2,2,1,1,Muy Malo
2001-06-04,,39.730834790754564,68.24633736139262,41.95465063805069,15.636780253463954,5,2,2,1,1,Muy Malo
2001-06-05,,43.43833332141241,72.4145333524545,39.04349994977315,16.841183320681253,5,2,2,1,1,Muy Malo
2001-06-06,,30.179548506752703,61.693038447273395,50.949515709892935,13.65355000257492,5,2,2,1,1,Muy Malo
2001-06-07,,43.37580873904021,69.97934895087164,46.224264217658984,14.383772960688315,5,2,2,1,1,Muy Malo
2001-06-08,,46.17571180644963,76.56376661817232,33.19173335418105,17.5348166680336,5,2,2,1,1,Muy Malo
2001-06-09,,23.79397568686141,37.496216612259545,34.26021669387817,10.216416669686636,5,1,1,1,1,Muy Malo
2001-06-10,,11.484027803772026,31.753716639479002,42.73119994958242,8.92831667025884,5,1,1,1,1,Muy Malo
2001-06-11,,15.504357650462124,50.07078334013621,49.409250092903775,11.484449990391731,5,1,2,1,1,Muy Malo
2001-06-12,,39.18211803502507,69.63976653814316,40.10426665276289,13.780150008996328,5,2,2,1,1,Muy Malo
2001-06-13,,35.53201407016681,79.32802016583065,37.778288601728896,15.679463074111299,5,2,2,1,1,Muy Malo
2001-06-14,,36.39815974442495,67.73668338656425,39.58309995055199,15.319600005547205,5,2,2,1,1,Muy Malo
2001-06-15,,35.68980824075094,52.13046740172104,37.17494152901766,12.252173907382033,5,2,2,1,1,Muy Malo
2001-06-16,,16.245592320837627,34.241583361824354,50.549366733233136,9.93201666434606,5,1,1,1,1,Muy Malo
2001-06-17,,17.74108011049676,41.325966651439664,53.30396665891011,11.26868334253629,5,1,1,1,1,Muy Malo
2001-06-18,,24.297430581930612,48.24851665529112,49.0964000471433,12.058949998815855,5,1,1,1,1,Muy Malo
2001-06-19,,45.03019095212221,73.83653787181657,52.25101660728455,17.48673335870107,5,2,2,1,1,Muy Malo
2001-06-20,,63.99491195107849,106.21805726434734,42.72795611806214,22.639459466612017,5,3,3,1,1,Muy Malo
2001-06-21,,52.839202893384986,106.59833027051843,34.250468793532086,22.386180535786682,5,3,3,1,1,Muy Malo
2001-06-22,,50.22706525567649,89.83128458054529,48.08217013730771,19.058177093664806,5,3,2,1,1,Muy Malo
2001-06-23,,68.05364803480366,90.09425339930587,47.75340272506906,20.202708335386383,5,3,2,1,1,Muy Malo
2001-06-24,,52.46735401397204,74.58664330319091,51.494405569209086,18.32578671395362,5,3,2,1,1,Muy Malo
2001-06-25,,66.61219047183083,66.89089250043442,49.32989075123069,16.527285985825056,5,3,2,1,1,Muy Malo
2001-06-26,,38.96208491140626,59.745701319022146,57.142684637533655,14.0424640367357,5,2,2,1,1,Muy Malo
2001-06-27,,31.047173879284788,49.72274308858646,50.61232639518049,12.526510402560234,5,2,1,1,1,Muy Malo
2001-06-28,,33.6344363676418,64.76523578208571,52.86439777419205,13.967888284520122,5,2,2,1,1,Muy Malo
2001-06-29,,48.637741276475246,94.63746946061885,45.252460792894766,19.23364271507998,5,2,2,1,1,Muy Malo
2001-06-30,,52.596758737089885,86.06112888628843,60.0307772892524,19.03747796633887,5,3,2,2,1,Muy Malo
2001-07-01,,42.33963767341945,69.42611107188795,67.62722222631176,16.99359373292989,5,2,2,2,1,Muy Malo
2001-07-02,,52.77745449239558,80.31986064196464,53.0234380100202,16.661695817133765,5,3,2,1,1,Muy Malo
2001-07-03,,37.00766605449108,77.87825035885308,65.8723671317714,13.725275865711016,5,2,2,2,1,Muy Malo
2001-07-04,,35.711895660732104,57.03855004588763,46.0695658685369,12.12733335494995,5,2,2,1,1,Muy Malo
2001-07-05,,24.121203551250222,39.90098463760369,42.116247960788485,10.656145988781708,5,1,1,1,1,Muy Malo
2001-07-06,,14.404982523901479,39.67289780572032,43.47948070347209,10.141708529175226,5,1,1,1,1,Muy Malo
2001-07-07,,22.8096925720815,54.67100008865197,48.66476659059524,12.343366671800613,5,1,2,1,1,Muy Malo
2001-07-08,,22.263333347396575,52.53346678217252,51.832949961821235,10.703783330519995,5,1,2,1,1,Muy Malo
2001-07-09,,25.169800383642233,57.651883386969565,45.61365009069443,10.35811664323012,5,2,2,1,1,Muy Malo
2001-07-10,,28.513661189591733,71.44447408295633,44.74552586291588,13.381185303148325,5,2,2,1,1,Muy Malo
2001-07-11,,40.68061594988989,90.65410672205319,35.984216644664606,18.113033317724863,5,2,2,1,1,Muy Malo
2001-07-12,,43.21731396811843,71.53380226529822,31.719300014674662,16.369243688743655,5,2,2,1,1,Muy Malo
2001-07-13,,32.74716365467418,66.43063035389025,33.04464288643834,15.087308318285967,5,2,2,1,1,Muy Malo
2001-07-14,,23.06656362100081,35.821391350704694,36.9604514464736,9.989617368656656,5,1,1,1,1,Muy Malo
2001-07-15,,11.169130429193594,30.450748669697425,48.554843720462586,8.730243064359659,5,1,1,1,1,Muy Malo
2001-07-16,,19.451938414919205,49.58676746344693,42.04296867383851,9.858556530527446,5,1,1,1,1,Muy Malo
2001-07-17,,25.619056275016383,51.39482647677263,41.519322934250035,9.85308899866973,5,2,2,1,1,Muy Malo
2001-07-18,,19.86317031927731,41.79692172776098,49.263854172494675,8.029599309902158,5,1,1,1,1,Muy Malo
2001-07-19,,22.343884749483443,40.634742435087745,49.22598580484068,7.927371220520928,5,1,1,1,1,Muy Malo
2001-07-20,,30.770998059673637,72.92499092522017,45.56908251670522,10.657996329095434,5,2,2,1,1,Muy Malo
2001-07-21,,41.862397032284115,72.77296425700187,53.018645337239946,12.425285709330014,5,2,2,1,1,Muy Malo
2001-07-22,,40.70896740063377,68.732135510693,52.32921867962513,12.208784735865063,5,2,2,1,1,Muy Malo
2001-07-23,,53.128094404016345,87.2017187765903,41.89861107498614,12.56243055438002,5,3,2,1,1,Muy Malo
2001-07-24,,48.22519918282827,71.59611117674245,47.77593754873507,12.116128485235903,5,2,2,1,1,Muy Malo
2001-07-25,,60.58621807705272,87.91732188349185,48.81440006935078,15.533147868280825,5,3,2,1,1,Muy Malo
2001-07-26,,48.868876756101415,70.34170431302941,58.41399308294058,11.40854169925054,5,2,2,1,1,Muy Malo
2001-07-27,,36.671978126203946,68.71461808184783,42.07703125259528,10.855416665733275,5,2,2,1,1,Muy Malo
2001-07-28,,40.97862325198408,60.288576402184034,54.95428814180195,9.814166648934284,5,2,2,1,1,Muy Malo
2001-07-29,,28.574692106765248,35.61659723189142,65.61519100268681,8.253333345883423,5,2,1,2,1,Muy Malo
2001-07-30,,53.17809619877122,68.2036813170509,42.760247851367545,11.701893819538894,5,3,2,1,1,Muy Malo
2001-07-31,,98.98161409692995,68.37449361757106,32.16131676791826,11.865601445870938,5,4,2,1,1,Muy Malo
2001-08-01,,64.88101446283036,66.62753472559982,51.02692710691028,10.947570890188217,5,3,2,1,1,Muy Malo
2001-08-02,,48.28719206823819,47.32519098122915,64.10486122965813,8.498819444949428,5,2,1,2,1,Muy Malo
2001-08-03,,32.50233145620002,53.39893548276412,46.106125549496156,10.458917967103956,5,2,2,1,1,Muy Malo
2001-08-04,,21.524163675741715,42.59799649158837,41.495139414009735,9.094337972614408,5,1,1,1,1,Muy Malo
2001-08-05,,28.885471021351606,38.216718808644345,65.52829877783854,8.500069444792139,5,2,1,2,1,Muy Malo
2001-08-06,,35.903212321432015,74.70538203169902,45.372135458565836,13.505486105879148,5,2,2,1,1,Muy Malo
2001-08-07,,39.68202903607617,69.80045138092504,41.2840972331663,12.532239586528805,5,2,2,1,1,Muy Malo
2001-08-08,,42.8116847432178,50.91140608241161,43.19975685649034,11.422412613680313,5,2,2,1,1,Muy Malo
2001-08-09,,24.066188778937835,55.85881939902902,41.30984371559074,10.093784721982148,5,1,2,1,1,Muy Malo
2001-08-10,,44.48699278416841,48.672291661302246,54.086423587674894,8.419218755016724,5,2,1,1,1,Muy Malo
2001-08-11,,38.28954718207967,44.11067712720897,53.09565969660051,8.073055556457904,5,2,1,1,1,Muy Malo
2001-08-12,,38.182749008340586,48.86901058409324,58.62674907555429,7.763197883279079,5,2,1,1,1,Muy Malo
2001-08-13,,61.88388260295897,56.627536287342295,50.47057972934799,9.273134072621664,5,3,2,1,1,Muy Malo
2001-08-14,,48.89385768313533,51.21872524256338,53.23349548180898,8.309461387526412,5,2,2,1,1,Muy Malo
2001-08-15,,39.42563407144685,47.45773553718691,44.45786232123341,8.069112306703692,5,2,1,1,1,Muy Malo
2001-08-16,,24.78427538405294,42.48502666446286,46.6926156755444,7.3341030228624975,5,1,1,1,1,Muy Malo
2001-08-17,,24.249438373506933,49.23203127748437,51.310765295443325,7.759530434090158,5,1,1,1,1,Muy Malo
2001-08-18,,25.038804332415264,33.707517337674894,46.43722229782078,7.12730900839799,5,2,1,1,1,Muy Malo
2001-08-19,,13.912608687860379,34.436961817244686,59.5342857164996,6.672048612187306,5,1,1,1,1,Muy Malo
2001-08-20,,33.585380407347195,61.61216780022308,38.09332734632746,11.197835945958243,5,2,2,1,1,Muy Malo
2001-08-21,,47.55663042223972,80.18819443136454,35.7570659696228,14.424791648156113,5,2,2,1,1,Muy Malo
2001-08-22,,46.47118185780265,73.90124996585979,36.06607633839465,13.965034735906455,5,2,2,1,1,Muy Malo
2001-08-23,,52.49990859807518,83.81867125817946,30.22062940911188,16.168129389936272,5,3,2,1,1,Muy Malo
2001-08-24,,69.98091406273014,84.70276227947716,29.65615389683655,19.115367178316717,5,3,2,1,1,Muy Malo
2001-08-25,,54.20738193425265,66.57979165431526,36.14932296699327,12.739149314661821,5,3,2,1,1,Muy Malo
2001-08-26,,36.67590585005456,47.4242472947712,45.491899692456784,8.341003585887211,5,2,1,1,1,Muy Malo
2001-08-27,,36.187626892457835,61.921971530304496,53.11518658372056,10.071225575189608,5,2,2,1,1,Muy Malo
2001-08-28,,43.615289861741275,51.861304342850396,48.54615657391756,9.902517478470202,5,2,2,1,1,Muy Malo
2001-08-29,,26.30286761592416,48.25147625264468,45.13943757156077,9.188365554348655,5,2,1,1,1,Muy Malo
2001-08-30,,26.37939336589154,56.461017585219,46.652122875263814,9.59314034215191,5,2,2,1,1,Muy Malo
2001-08-31,,29.171439114971793,53.2836573309275,58.07015895590765,9.35969965491615,5,2,2,1,1,Muy Malo
2001-09-01,,21.80673911238926,36.542690946824024,57.49550354563527,9.072621499084764,5,1,1,1,1,Muy Malo
2001-09-02,,31.732778914258702,44.39061495106647,56.08712463741061,8.931374347231488,5,2,1,1,1,Muy Malo
2001-09-03,,49.44518515004052,65.51019495429722,39.01102836514618,10.503528372404423,5,2,2,1,1,Muy Malo
2001-09-04,,49.89976059929442,72.68015808296539,40.08383127423707,10.85391915661589,5,2,2,1,1,Muy Malo
2001-09-05,,35.7464247716966,57.945895588087,50.01993038923844,11.187182629419409,5,2,2,1,1,Muy Malo
2001-09-06,,42.48041900346405,68.03347298986624,39.82392664937657,11.218795813815133,5,2,2,1,1,Muy Malo
2001-09-07,,27.28527170074159,56.53595486448871,44.2170834104634,10.177812521242434,5,2,2,1,1,Muy Malo
2001-09-08,,23.008605089956436,59.584131964378884,44.50222229688532,10.402083322198855,5,1,2,1,1,Muy Malo
2001-09-09,,23.543188408233117,59.24595481405655,53.19348955697691,10.683142375821868,5,1,2,1,1,Muy Malo
2001-09-10,,30.234119767935002,65.22447921294305,41.06519100587401,12.642135413777497,5,2,2,1,1,Muy Malo
2001-09-11,,46.61079705279806,86.50105903546016,38.29269100032333,15.163333340237537,5,2,2,1,1,Muy Malo
2001-09-12,,56.718405741712324,89.3154687533776,41.05680552207761,14.163408691157466,5,3,2,1,1,Muy Malo
2001-09-13,,60.78606169712738,96.90022553751866,36.79777774701102,17.58682294893596,5,3,2,1,1,Muy Malo
2001-09-14,,44.739130405412205,83.65602440469794,41.45949647782577,20.141600028535596,5,2,2,1,1,Muy Malo
2001-09-15,,36.633915447575205,54.890364627043404,52.04276048599018,11.361614590510726,5,2,2,1,1,Muy Malo
2001-09-16,,30.523061593805533,63.37987846963935,44.70262155340364,10.859131927705473,5,2,2,1,1,Muy Malo
2001-09-17,,34.44038042512493,63.07052083644602,40.809982653500306,10.995920136829632,5,2,2,1,1,Muy Malo
2001-09-18,,29.812870260348486,51.57772577429811,43.00258686657374,10.39873045226802,5,2,2,1,1,Muy Malo
2001-09-19,,53.16335156880224,75.51590291162331,33.9172916086908,12.991128459365832,5,3,2,1,1,Muy Malo
2001-09-20,,64.50885878524919,80.02214297351107,27.58192710361133,12.70368693061497,5,3,2,1,1,Muy Malo
2001-09-21,,48.25133704877162,66.33891970438408,29.001147840126702,9.891132419325334,5,2,2,1,1,Muy Malo
2001-09-22,,18.962859753919645,46.75885224715523,31.356834782724796,7.040800000273663,5,1,1,1,1,Muy Malo
2001-09-23,,12.194112353998682,34.666131950742205,39.68262031711571,6.031336897994108,5,1,1,1,1,Muy Malo
2001-09-24,,22.772065284675445,49.68374105040909,38.35480498126213,7.580408535090475,5,1,1,1,1,Muy Malo
2001-09-25,,28.184392027327025,72.40365226745605,41.85956600391202,10.56878475782772,5,2,2,1,1,Muy Malo
2001-09-26,,34.43018145548237,81.95741331742869,30.321961765281028,14.494270816859272,5,2,2,1,1,Muy Malo
2001-09-27,,48.033007238222204,90.61083488132643,27.622881952155794,16.08279513857431,5,2,2,1,1,Muy Malo
2001-09-28,,38.53136120344463,65.87674836387167,23.934125907771236,9.833076921167907,5,2,2,1,1,Muy Malo
2001-09-29,,34.29147868588319,64.77710995606496,18.534814160060037,12.418814162026464,5,2,2,1,1,Muy Malo
2001-09-30,,26.010978308708772,52.27390634061562,20.297274272164536,10.76722221614586,5,2,2,1,1,Muy Malo
2001-10-01,,33.75728601618977,68.22978942603396,20.050000040839063,12.908324603634979,5,2,2,1,1,Muy Malo
2001-10-02,,47.72721219920426,79.60550949571008,23.286758117569455,17.742616172501634,5,2,2,1,1,Muy Malo
2001-10-03,,22.47422540271786,50.20981414092554,21.05809444058404,11.183096472987064,5,1,2,1,1,Muy Malo
2001-10-04,,27.79312495721711,65.80745000521343,23.871716672877472,12.412454095428098,5,2,2,1,1,Muy Malo
2001-10-05,,34.348281213392816,73.58986670732499,21.36448331693808,13.825416657129923,5,2,2,1,1,Muy Malo
2001-10-06,,18.73689594933175,51.31218338171641,17.27043334543705,8.5826210458211,5,1,2,1,1,Muy Malo
2001-10-07,,12.924781037943207,35.512195526019994,32.58319039123954,7.335077194570473,5,1,1,1,1,Muy Malo
2001-10-08,,21.375009004688778,52.64585620899723,33.271058024806784,7.8329965825358485,5,1,2,1,1,Muy Malo
2001-10-09,,17.51837984340116,54.11681208354515,27.932826136466254,9.674314373113639,5,1,2,1,1,Muy Malo
2001-10-10,,24.501111119364698,54.808250014781954,35.003766602079075,12.387133325139681,5,1,2,1,1,Muy Malo
2001-10-11,,46.96600690525439,45.87371675014496,27.65941663304965,11.097166650692621,5,2,1,1,1,Muy Malo
2001-10-12,,28.620173606193728,37.45093342940012,25.27308339715004,7.505633324782053,5,2,1,1,1,Muy Malo
2001-10-13,,17.857135360025698,56.83868330955505,28.712066666285196,7.945516679883003,5,1,2,1,1,Muy Malo
2001-10-14,,29.408021235213262,58.96355006535848,22.19788328488668,11.04202363583531,5,2,2,1,1,Muy Malo
2001-10-15,,34.37864770965644,66.49826677878697,17.2349833659331,12.289050828400304,5,2,2,1,1,Muy Malo
2001-10-16,,35.43222222311629,61.18361668109894,14.589583328167597,14.235066680113475,5,2,2,1,1,Muy Malo
2001-10-17,,33.56003475975659,55.994333386421204,25.248599997361502,11.02071667989095,5,2,2,1,1,Muy Malo
2001-10-18,,25.034201341784662,56.11208332459132,16.807316670417787,9.690616665482521,5,2,2,1,1,Muy Malo
2001-10-19,,15.75511304108993,51.686750003496805,18.898450004061065,9.054716668128968,5,1,2,1,1,Muy Malo
2001-10-20,,12.908697919920087,50.66148332198461,32.18044994632403,8.38896666387717,5,1,2,1,1,Muy Malo
2001-10-21,,16.306780581422846,39.9780861538032,37.94713788690238,8.44489656532633,5,1,1,1,1,Muy Malo
2001-10-22,,31.725319164019105,61.64401352567737,17.639863924307075,12.969761883725925,5,2,2,1,1,Muy Malo
2001-10-23,,19.662762232593725,51.20474832069954,26.006486400760508,10.145805358086657,5,1,2,1,1,Muy Malo
2001-10-24,,34.51049914377046,68.0456068511702,16.621401705191687,16.36680339095939,5,2,2,1,1,Muy Malo
2001-10-25,,40.102477283642806,71.61739974829123,17.655096000609806,16.075846438216498,5,2,2,1,1,Muy Malo
2001-10-26,,50.04780791203181,73.40991339469039,15.20320069542393,18.307387589583346,5,3,2,1,1,Muy Malo
2001-10-27,,55.58485216970029,71.6620367827121,17.361803014608775,19.627729513808365,5,3,2,1,1,Muy Malo
2001-10-28,,36.483113034289815,53.550616594950355,16.668233306407927,14.919366648197174,5,2,2,1,1,Muy Malo
2001-10-29,,42.27624098259768,60.41386872128501,14.87139657478908,18.095517251409333,5,2,2,1,1,Muy Malo
2001-10-30,,65.7823190096358,78.91513981018866,11.990663182881073,23.58528796290852,5,3,2,1,1,Muy Malo
2001-10-31,,70.60615116012117,77.87086656411489,10.849300007621448,22.89174994945526,5,3,2,1,1,Muy Malo
2001-11-01,,18.932465278233092,47.25371663093567,29.506260459530534,14.716033373673756,5,1,1,1,1,Muy Malo
2001-11-02,,27.378819446389873,56.78936666091283,32.47048330744108,19.78518330693245,5,2,2,1,1,Muy Malo
2001-11-03,,25.82577387187792,55.86398336410522,26.668750026424725,19.97262107231382,5,2,2,1,1,Muy Malo
2001-11-04,,21.986010625007303,55.070646219513044,20.479693864681284,13.955221121813976,5,1,2,1,1,Muy Malo
2001-11-05,,25.430682266207956,54.659227993639625,18.42134812565794,18.629331045657857,5,2,2,1,1,Muy Malo
2001-11-06,,30.267100212234606,53.073935813195,26.36898989789815,19.520942791543824,5,2,2,1,1,Muy Malo
2001-11-07,,35.62200709875693,67.96253396702461,19.435136113239793,25.75920070515198,5,2,2,1,1,Muy Malo
2001-11-08,,50.380954725874794,75.15698332866033,13.286066667437554,30.56879995425542,5,3,2,1,1,Muy Malo
2001-11-09,,15.208956527295319,39.55001670678457,44.52239996115367,14.478883327245713,5,1,1,1,1,Muy Malo
2001-11-10,,18.140244744249156,38.474147120447064,45.63006673631366,14.511722403625182,5,1,1,1,1,Muy Malo
2001-11-11,,25.19286459684372,75.5673621978505,20.114583303232987,27.645933352708816,5,2,2,1,1,Muy Malo
2001-11-12,,43.96343266442027,92.23388962594416,13.370583309233188,36.06966609668254,5,2,2,1,1,Muy Malo
2001-11-13,,29.155555547111565,71.95448322137197,16.926899984081587,27.91104999860128,5,2,2,1,1,Muy Malo
2001-11-14,,24.434461814868783,40.834999965429304,43.4263498433431,15.209766654173533,5,1,1,1,1,Muy Malo
2001-11-15,,20.21222222596407,59.370816784699755,25.93803330163161,18.2084500058492,5,1,2,1,1,Muy Malo
2001-11-16,,15.047299631796648,48.66430001338323,26.02243332018455,19.737983309427896,5,1,1,1,1,Muy Malo
2001-11-17,,23.177339099386465,63.12396666526794,19.009416646560034,21.807099963823955,5,1,2,1,1,Muy Malo
2001-11-18,,24.405312528626787,66.614733376503,16.79746669193109,21.535516699949902,5,1,2,1,1,Muy Malo
2001-11-19,,53.50849910306681,91.56729417688706,10.159549224008503,35.31462959247808,5,3,2,1,1,Muy Malo
2001-11-20,,37.39626743644476,75.209933067602,12.238883339365323,32.158416625658674,5,2,2,1,1,Muy Malo
2001-11-21,,26.89858903876478,59.34066432582459,18.233519447233068,23.096728789604317,5,2,2,1,1,Muy Malo
2001-11-22,,24.46197916267233,71.0921572458784,16.78996668358644,27.6923361061,5,1,2,1,1,Muy Malo
2001-11-23,,29.191336839563316,71.92622081731075,18.597516669332983,24.84197321902948,5,2,2,1,1,Muy Malo
2001-11-24,,38.45105899746219,82.38315516680429,10.146483320593834,30.769550024271012,5,2,2,1,1,Muy Malo
2001-11-25,,33.17203476491182,69.11345009962717,11.690183323522408,28.96860002319018,5,2,2,1,1,Muy Malo
2001-11-26,,63.172069656952566,86.71898164255592,5.105033318003018,32.94133775409647,5,3,2,1,1,Muy Malo
2001-11-27,,45.869244215568045,77.67851354302587,7.8799662064458875,26.233153474270594,5,2,2,1,1,Muy Malo
2001-11-28,,58.817609083798125,97.31226908900156,5.48100165950635,36.75424501359863,5,3,2,1,1,Muy Malo
2001-11-29,,78.77633674939473,109.20683332761129,4.440766672293345,42.85533330480258,5,3,3,1,1,Muy Malo
2001-11-30,,85.8448148000808,107.60197970467776,4.467225043200801,42.52441628612641,5,3,3,1,1,Muy Malo
2001-12-01,,80.50977418488927,95.55721197144217,3.753983337233464,26.34336669921875,5,3,2,1,1,Muy Malo
2001-12-02,,39.66046864870522,77.11696677049001,6.484899997115135,27.516733386119206,5,2,2,1,1,Muy Malo
2001-12-03,,71.65803266819634,97.6728721203276,5.5971626303187705,38.43584783184487,5,3,2,1,1,Muy Malo
2001-12-04,,105.43646735212077,111.18211817906962,4.05194444488734,37.89635414423214,5,4,3,1,1,Muy Malo
2001-12-05,,128.6513627491166,143.1521050658817,4.10353141486746,49.012325924806966,5,4,3,1,1,Muy Malo
2001-12-06,,51.776684019921554,102.76829992930094,6.4618500014642875,43.56084999402364,5,3,3,1,1,Muy Malo
2001-12-07,,69.19654504872031,100.65056662559509,4.660183332512776,43.179866405480695,5,3,3,1,1,Muy Malo
2001-12-08,,38.56350175885789,72.42003326861807,10.122933319509029,29.589549229817717,5,2,2,1,1,Muy Malo
2001-12-09,,22.240625025497543,66.18476664543152,11.558000003298124,22.691833314498265,5,1,2,1,1,Muy Malo
2001-12-10,,25.571687202461995,70.62268119477503,19.974148413383137,21.522849944148458,5,2,2,1,1,Muy Malo
2001-12-11,,22.43521737717632,75.85095499952634,14.134288188277019,21.778536530321897,5,1,2,1,1,Muy Malo
2001-12-12,,41.95255769717757,87.14054303258304,10.70292022394203,27.738183351850267,5,2,2,1,1,Muy Malo
2001-12-13,,67.52140623620815,103.98029987335205,5.815066669086615,36.05108328501383,5,3,3,1,1,Muy Malo
2001-12-14,,81.27447921534379,114.06598318735759,6.377699989974499,38.39701665242513,5,3,3,1,1,Muy Malo
2001-12-15,,21.80836807563901,60.4688667456309,21.75369998951753,18.99188333829244,5,1,2,1,1,Muy Malo
2001-12-16,,46.4476562688748,96.19725003560384,8.179466647803784,39.259983292420706,5,2,2,1,1,Muy Malo
2001-12-17,,41.89370174261562,91.13068677752062,9.995008382565612,32.87927972132237,5,2,2,1,1,Muy Malo
2001-12-18,,28.421972100855378,78.31940000534058,17.335749970078467,25.63208328485489,5,2,2,1,1,Muy Malo
2001-12-19,,30.09640624995033,81.3953833993276,9.45708336065213,27.106816653410593,5,2,2,1,1,Muy Malo
2001-12-20,,42.5294260991138,94.23588335355123,7.765533342758815,30.63493330001831,5,2,2,1,1,Muy Malo
2001-12-21,,37.33240417113287,86.01529204507105,11.343439063166139,29.31307171183158,5,2,2,1,1,Muy Malo
2001-12-22,,42.61615649264792,87.86878333091735,5.688866659204165,30.0433500623703,5,2,2,1,1,Muy Malo
2001-12-23,,11.178784736432135,58.751116568247475,14.64694998482863,16.545366690158843,5,1,2,1,1,Muy Malo
2001-12-24,,19.584660888547482,56.65510012348493,26.80660534283788,22.8477999907732,5,1,2,1,1,Muy Malo
2001-12-25,,22.128194488998915,63.426483357747394,15.409083301226298,24.302966663042703,5,1,2,1,1,Muy Malo
2001-12-26,,68.571078350233,94.74211655934651,4.871783336599668,32.535666639407474,5,3,2,1,1,Muy Malo
2001-12-27,,104.69383271646001,132.02334982395172,4.61253332922856,46.735466583569846,5,4,3,1,1,Muy Malo
2001-12-28,,76.5772346222919,109.89963343461355,4.484783336420854,39.73259997924169,5,3,3,1,1,Muy Malo
2001-12-29,,67.85874798318613,91.25978323618571,4.436800002828241,29.850333330631255,5,3,2,1,1,Muy Malo
2001-12-30,,54.749704867601395,83.89366665840149,4.722699995140235,34.37681663751602,5,3,2,1,1,Muy Malo
2001-12-31,,38.778747845525324,70.07340012629827,4.906033328870932,28.90726664463679,5,2,2,1,1,Muy Malo
2002-01-01,,20.088199303700375,48.095635442829455,10.90374581859662,22.369615313201447,5,1,1,1,1,Muy Malo
2002-01-02,,11.600973888272824,59.87451670249303,16.12236668010553,15.757133319775264,5,1,2,1,1,Muy Malo
2002-01-03,,15.356911000156902,64.10249168817016,10.248183321356773,14.779866206207403,5,1,2,1,1,Muy Malo
2002-01-04,,24.40889667379042,62.64610002199809,7.954783324599266,23.172783368031183,5,1,2,1,1,Muy Malo
2002-01-05,,12.404739594707886,57.34920013109843,15.076849981546403,20.379083373149236,5,1,2,1,1,Muy Malo
2002-01-06,,8.555312501473558,52.62343328634898,24.47888333360354,17.771783359448115,5,1,2,1,1,Muy Malo
2002-01-07,,19.416267345348995,63.64359994570414,17.40241665740808,18.244950004816054,5,1,2,1,1,Muy Malo
2002-01-08,,30.803663187556797,75.33215008417766,9.279333331982295,23.03255000034968,5,2,2,1,1,Muy Malo
2002-01-09,,27.625776639159437,73.19499994679838,16.707458191691433,21.59207357849963,5,2,2,1,1,Muy Malo
2002-01-10,,35.846869604691214,80.74968233076625,14.409899817086222,21.338797997154657,5,2,2,1,1,Muy Malo
2002-01-11,,60.815208242585264,87.14723328113556,5.89123332798481,29.380716678698857,5,3,2,1,1,Muy Malo
2002-01-12,,50.41961738254713,77.26499151506886,6.729166668653488,27.73226666768392,5,3,2,1,1,Muy Malo
2002-01-13,,41.069236167603066,62.955933316548666,5.777383336424828,19.86118333299955,5,2,2,1,1,Muy Malo
2002-01-14,,48.60715278941724,83.28608052175449,5.944450015326341,24.85299998164177,5,2,2,1,1,Muy Malo
2002-01-15,,49.322795036352346,78.98288327852885,5.0911333307623865,24.5508666408062,5,2,2,1,1,Muy Malo
2002-01-16,,59.540260919902636,97.30880017916361,8.494616670807202,35.00069996277491,5,3,2,1,1,Muy Malo
2002-01-17,,49.168243358446205,88.81023341496785,8.220483333468437,32.921283269723254,5,2,2,1,1,Muy Malo
2002-01-18,,40.200173637933204,89.17646660486857,7.949966668089231,28.025533415873845,5,2,2,1,1,Muy Malo
2002-01-19,,48.876076471888354,84.24439995765687,5.708033338983854,29.391416627963384,5,2,2,1,1,Muy Malo
2002-01-20,,32.55010422898663,67.25936674435934,12.981666659911474,25.635433307091397,5,2,2,1,1,Muy Malo
2002-01-21,,43.68411145787621,81.70347828689626,7.879483322501183,29.674616686503093,5,2,2,1,1,Muy Malo
2002-01-22,,20.69688690247743,64.02712846319743,22.129366635481517,16.568266656796137,5,1,2,1,1,Muy Malo
2002-01-23,,20.38838260339654,70.72651666005453,12.901566653847695,15.487966676553091,5,1,2,1,1,Muy Malo
2002-01-24,,21.37351299472477,57.780233237743374,26.927283305724462,16.35335558742434,5,1,2,1,1,Muy Malo
2002-01-25,,57.84821193582482,86.03749999682108,6.877700006564458,23.187729538979635,5,3,2,1,1,Muy Malo
2002-01-26,,43.36928815477424,76.95249998410543,5.732583333055178,21.94893338004748,5,2,2,1,1,Muy Malo
2002-01-27,,28.740381959411835,62.78091671625773,11.041750002702077,22.81398326834043,5,2,2,1,1,Muy Malo
2002-01-28,,64.77944252756829,86.82205121945113,6.771435729052269,33.601923049891674,5,3,2,1,1,Muy Malo
2002-01-29,,64.56301920076939,97.00616810902828,7.538599991599718,40.14351668437322,5,3,2,1,1,Muy Malo
2002-01-30,,57.28062495051159,91.75207011966356,7.430899975498518,32.818233381311096,5,3,2,1,1,Muy Malo
2002-01-31,,24.31226874250808,62.69375007152557,21.729716705878577,18.97296665986379,5,1,2,1,1,Muy Malo
2002-02-01,,55.48146338786813,91.5780369259367,7.152449986537298,30.951399972041447,5,3,2,1,1,Muy Malo
2002-02-02,,51.091510439912476,93.52148829495229,10.818033349911373,31.633566726843515,5,3,2,1,1,Muy Malo
2002-02-03,,37.2459722219242,73.72993319034576,12.147366665999094,24.702999981244407,5,2,2,1,1,Muy Malo
2002-02-04,,29.73828379619351,62.256783312161765,16.181216678619386,17.688049985170366,5,2,2,1,1,Muy Malo
2002-02-05,,21.297526099955995,51.141483256022134,17.64278332034747,14.184700015385946,5,1,2,1,1,Muy Malo
2002-02-06,,20.114513872915673,46.64954775781488,37.288247116420024,13.631966387925027,5,1,1,1,1,Muy Malo
2002-02-07,,34.15521885175421,64.96738321741422,24.163949988683065,19.11443142249034,5,2,2,1,1,Muy Malo
2002-02-08,,52.92309048316545,78.37841645558674,8.873116662104925,29.440000045677657,5,3,2,1,1,Muy Malo
2002-02-09,,53.811927139759064,71.29854516759764,8.270699985424677,25.545108513760447,5,3,2,1,1,Muy Malo
2002-02-10,,41.63914924321903,63.570183436075844,9.25523334244887,20.26909997065862,5,2,2,1,1,Muy Malo
2002-02-11,,54.59848953121238,81.0417998568217,8.286950004498165,22.739065069786097,5,3,2,1,1,Muy Malo
2002-02-12,,58.0268576906787,80.94258782859637,10.190083313981692,25.462708977951255,5,3,2,1,1,Muy Malo
2002-02-13,,67.24744343342988,92.74013337786488,8.58693336069584,27.48326637996501,5,3,2,1,1,Muy Malo
2002-02-14,,29.02980799949606,59.116811523851446,30.421803031421465,14.562737868305836,5,2,2,1,1,Muy Malo
2002-02-15,,21.426180578768253,59.04831662019094,26.934833341439564,15.303071811720605,5,1,2,1,1,Muy Malo
2002-02-16,,18.742048617866303,54.18690006256104,26.864150046110154,15.182733356753985,5,1,2,1,1,Muy Malo
2002-02-17,,23.8132291585207,55.131841639848666,25.19350000023842,16.54003335873286,5,1,2,1,1,Muy Malo
2002-02-18,,28.27210803480514,62.851409254737945,24.990600030024847,18.03153333624204,5,2,2,1,1,Muy Malo
2002-02-19,,23.035182637961015,64.51125221698233,27.57250000198682,17.54390649803493,5,1,2,1,1,Muy Malo
2002-02-20,,44.42520907697777,78.2981167236964,21.099816656510036,22.379165297955623,5,2,2,1,1,Muy Malo
2002-02-21,,34.47465283009741,71.47345019896825,28.087699954907098,21.612650023500123,5,2,2,1,1,Muy Malo
2002-02-22,,47.23706611494223,92.4900001080831,15.128316645224889,25.694173609872095,5,2,2,1,1,Muy Malo
2002-02-23,,43.77333331273662,83.36866662820181,15.099216654698054,28.50468329866727,5,2,2,1,1,Muy Malo
2002-02-24,,32.537517353892326,68.70636666615805,24.215683312416076,23.27155005256335,5,2,2,1,1,Muy Malo
2002-02-25,,40.98180554062128,80.32939996719361,18.518716676632565,22.201055240790847,5,2,2,1,1,Muy Malo
2002-02-26,,41.0942086982727,70.32838061337479,17.951083351373672,17.78505018881731,5,2,2,1,1,Muy Malo
2002-02-27,,29.090694491648012,53.82376664241155,23.259283379713693,14.292566677133243,5,2,2,1,1,Muy Malo
2002-02-28,,16.118678232690563,47.09368949183239,31.37058336933454,13.779716218552725,5,1,1,1,1,Muy Malo
2002-03-01,,16.900277788440388,60.79713571730571,24.546466654936474,13.437583358635505,5,1,2,1,1,Muy Malo
2002-03-02,,15.887395831031931,60.90843324422836,26.64133340915044,13.65266666372617,5,1,2,1,1,Muy Malo
2002-03-03,,13.698958338341779,51.36721669514974,29.315916722615558,11.656133352518081,5,1,2,1,1,Muy Malo
2002-03-04,,19.876027881476105,64.50390289536672,26.86752513569334,14.673812721883971,5,1,2,1,1,Muy Malo
2002-03-05,,23.344273081273897,63.248892663893955,28.412976192636734,16.03787414030153,5,1,2,1,1,Muy Malo
2002-03-06,,24.573298648413683,60.47033330758413,38.388066645463304,15.107245389726604,5,1,2,1,1,Muy Malo
2002-03-07,,24.97685763467517,70.81001656214396,21.254266645709674,18.152345053115283,5,1,2,1,1,Muy Malo
2002-03-08,,33.249461798618235,74.8139332739512,18.219633375803628,20.845742930753005,5,2,2,1,1,Muy Malo
2002-03-09,,41.73980804180392,83.14581661542256,15.32511662443479,21.213083330392838,5,2,2,1,1,Muy Malo
2002-03-10,,23.94868882761135,57.78821064875676,33.344983233855324,15.617056860572918,5,1,2,1,1,Muy Malo
2002-03-11,,45.631480839194325,81.28659435027032,21.351299972931542,18.77298834526877,5,2,2,1,1,Muy Malo
2002-03-12,,63.58209891209947,81.4279357132371,22.93556686666008,20.960744489469707,5,3,2,1,1,Muy Malo
2002-03-13,,32.599537337377825,63.80969327799912,30.454275916747786,12.913458246997918,5,2,2,1,1,Muy Malo
2002-03-14,,15.989218777045608,62.676850011348726,32.62073329687119,11.444166669448217,5,1,2,1,1,Muy Malo
2002-03-15,,21.19054099985026,63.6831884941394,29.29511669476827,12.605308850937972,5,1,2,1,1,Muy Malo
2002-03-16,,13.148379758467657,64.43118317604065,24.43356668750445,12.404366661310195,5,1,2,1,1,Muy Malo
2002-03-17,,18.72873260287775,52.49736669500669,28.312333316802977,13.04201669136683,5,1,2,1,1,Muy Malo
2002-03-18,,22.6661979092492,53.014733300209045,27.628966633876164,13.191333332459132,5,1,2,1,1,Muy Malo
2002-03-19,,26.066458355635405,43.72028330961863,31.713966688315075,12.346733343203862,5,2,1,1,1,Muy Malo
2002-03-20,,61.289739429950714,83.17274997234344,10.589183305501939,21.795599970817566,5,3,2,1,1,Muy Malo
2002-03-21,,60.52428827351994,90.74753351370494,16.71303332110246,23.9229333204031,5,3,2,1,1,Muy Malo
2002-03-22,,61.105000005000164,103.78689984957377,17.91623335679372,23.123350001573563,5,3,3,1,1,Muy Malo
2002-03-23,,51.11460066421164,85.03346682548523,25.07098338842392,16.727333321968715,5,3,2,1,1,Muy Malo
2002-03-24,,48.72112840248479,61.74961674690247,33.97616673231125,12.47560001929601,5,2,2,1,1,Muy Malo
2002-03-25,,34.80218751687143,74.89548326810201,35.4842167075475,13.206450005372366,5,2,2,1,1,Muy Malo
2002-03-26,,39.48986083694126,70.95816654682159,46.67934995094935,12.334850025177001,5,2,2,1,1,Muy Malo
2002-03-27,,41.49230767130018,60.39190001646678,40.43155001322428,11.588150009512901,5,2,2,1,1,Muy Malo
2002-03-28,,26.099531222548748,34.345516651471456,75.47925001780192,9.839050008058548,5,2,1,2,1,Muy Malo
2002-03-29,,12.861875027832058,37.90933330694834,66.9024500242869,10.075483329494794,5,1,1,2,1,Muy Malo
2002-03-30,,17.356713102382162,50.81528335730235,47.02785002390544,10.94933222052649,5,1,2,1,1,Muy Malo
2002-03-31,,24.381449283465095,59.982208660789155,44.07182610428852,12.196852174634518,5,1,2,1,1,Muy Malo
2002-04-01,,33.008949273939514,73.03803348220697,36.428931530807574,11.77168893814087,5,2,2,1,1,Muy Malo
2002-04-02,,31.17878467672401,61.4450999101003,53.4692666974167,11.140666672984759,5,2,2,1,1,Muy Malo
2002-04-03,,19.601908954346452,42.90035292080471,54.396016846985376,9.514907570245887,5,1,1,1,1,Muy Malo
2002-04-04,,18.662491059069957,53.11507648684982,48.72446521069279,12.80891341993076,5,1,2,1,1,Muy Malo
2002-04-05,,32.40272730964047,68.02246647713169,23.91854517954249,13.482281877490498,5,2,2,1,1,Muy Malo
2002-04-06,,12.49338539979524,48.77315001408259,40.33855001449585,9.014216664632162,5,1,1,1,1,Muy Malo
2002-04-07,,11.665364606512917,44.58991659084956,49.19983329455058,9.154983329574266,5,1,1,1,1,Muy Malo
2002-04-08,,24.047930475317912,72.79456660111745,32.6577333843708,13.199650004704793,5,1,2,1,1,Muy Malo
2002-04-09,,36.16157979476783,80.59053331216177,27.80300002614657,16.61936669588089,5,2,2,1,1,Muy Malo
2002-04-10,,32.11733912986258,79.3882637055768,27.293639415293583,15.706677783311706,5,2,2,1,1,Muy Malo
2002-04-11,,14.221197933786446,51.81201662302017,48.37738321304321,10.702587658853483,5,1,2,1,1,Muy Malo
2002-04-12,,19.082187502541476,57.81674988627434,37.25986663659414,12.13469999372959,5,1,2,1,1,Muy Malo
2002-04-13,,28.818819438003832,65.05015015482704,47.76648340741793,11.95056761624618,5,2,2,1,1,Muy Malo
2002-04-14,,19.85791667426626,44.70105006456375,67.63761653105418,9.751216673851014,5,1,1,2,1,Muy Malo
2002-04-15,,24.19772567931149,63.31548336982727,50.41330004851023,12.339400032162667,5,1,2,1,1,Muy Malo
2002-04-16,,34.88951385724876,77.56313311417898,43.84033335606257,13.754133329788845,5,2,2,1,1,Muy Malo
2002-04-17,,50.54848692023236,92.80166938985529,32.67716667373975,16.005776294085738,5,3,2,1,1,Muy Malo
2002-04-18,,47.14617390591165,82.77946674346924,30.478216666380565,13.995468211413227,5,2,2,1,1,Muy Malo
2002-04-19,,38.58792326046742,76.92705001354217,34.54371666232745,12.41184999148051,5,2,2,1,1,Muy Malo
2002-04-20,,33.70801745870839,72.73353329499562,40.90168332298597,11.025083352526028,5,2,2,1,1,Muy Malo
2002-04-21,,22.262135472562576,59.505599927902225,44.229949917395906,9.771352268817628,5,1,2,1,1,Muy Malo
2002-04-22,,35.54057290322251,68.36591674009959,55.90109991629918,10.414700003067653,5,2,2,1,1,Muy Malo
2002-04-23,,37.275347155415346,83.97088346481323,51.22208338101705,10.844749990502994,5,2,2,1,1,Muy Malo
2002-04-24,,38.697556730756375,77.50090147696672,52.95804682279469,9.696110176920692,5,2,2,1,1,Muy Malo
2002-04-25,,45.63238683311781,97.69823330084483,38.946999969085056,13.220986387559346,5,2,2,1,1,Muy Malo
2002-04-26,,56.82871311187744,104.93814675358182,38.228297171489224,14.814129687209991,5,3,3,1,1,Muy Malo
2002-04-27,,48.19142861814864,75.45869778870342,48.13228324453036,12.026193656786058,5,2,2,1,1,Muy Malo
2002-04-28,,35.980839215375326,57.889783271948495,40.52265000085036,10.042816664377849,5,2,2,1,1,Muy Malo
2002-04-29,,34.64374566618159,60.190500010649366,48.99719998240471,8.341333330074946,5,2,2,1,1,Muy Malo
2002-04-30,,51.029062485529316,72.2126166899999,37.65200005849203,9.397133340438208,5,3,2,1,1,Muy Malo
2002-05-01,,37.24598966124985,31.096159200354844,61.56519032679627,5.931522483334822,5,2,1,2,1,Muy Malo
2002-05-02,,14.133784695631928,25.43873263978296,63.80958334604899,5.309496522156729,5,1,1,2,1,Muy Malo
2002-05-03,,15.991027910534928,37.24574103022353,63.445067889025424,6.659778546434042,5,1,1,2,1,Muy Malo
2002-05-04,,14.135833335419496,44.567899992465975,58.198399900197984,7.162099997997284,5,1,1,1,1,Muy Malo
2002-05-05,,18.51270034130442,54.778578633847445,31.68463216657224,8.923662202812757,5,1,2,1,1,Muy Malo
2002-05-06,,18.104999938425625,56.98119870114,36.82195240289529,9.170904452076543,5,1,2,1,1,Muy Malo
2002-05-07,,12.91383275960796,51.24751662413279,44.04158328572909,10.182933337688446,5,1,2,1,1,Muy Malo
2002-05-08,,16.268211789843107,63.95214997132619,31.475999985138575,9.115666668017706,5,1,2,1,1,Muy Malo
2002-05-09,,24.902135407345163,69.51931675752004,29.210650007724762,11.980766645272572,5,1,2,1,1,Muy Malo
2002-05-10,,33.229670188079275,78.62406678676605,35.008066724936164,12.636816653410593,5,2,2,1,1,Muy Malo
2002-05-11,,23.896991273216578,63.8468665933609,36.68438341339429,10.972400002876917,5,1,2,1,1,Muy Malo
2002-05-12,,30.446428575582207,54.970849997202556,40.10868339657784,12.681866654157638,5,2,2,1,1,Muy Malo
2002-05-13,,33.86312499973509,62.47166660944621,33.043766657908755,11.92934999982516,5,2,2,1,1,Muy Malo
2002-05-14,,26.406567915806786,49.100666710535684,36.80354999581973,9.555533330043158,5,2,1,1,1,Muy Malo
2002-05-15,,34.146678301769754,59.30613319238027,39.969416654904684,10.601283333698909,5,2,2,1,1,Muy Malo
2002-05-16,,53.14421608888314,71.65698317527772,37.26269998431206,10.547349994182587,5,3,2,1,1,Muy Malo
2002-05-17,,36.1518576339715,45.738916697502134,48.11786666353544,8.546143571204057,5,2,1,1,1,Muy Malo
2002-05-18,,14.314913204146755,46.009733366966245,57.87335002740224,7.263533347646395,5,1,1,1,1,Muy Malo
2002-05-19,,22.231597234805424,55.39748327414195,55.636016618808114,8.504216678142548,5,1,2,1,1,Muy Malo
2002-05-20,,34.0775351935709,74.5447553953071,34.24003374154411,11.172344015983466,5,2,2,1,1,Muy Malo
2002-05-21,,27.730036289363667,50.312989475010156,51.357083251078926,8.187674824591284,5,2,2,1,1,Muy Malo
2002-05-22,,20.70985502091007,35.325157353094404,50.39083339605067,7.133374129141961,5,1,1,1,1,Muy Malo
2002-05-23,,14.720396365346135,41.48754324426288,50.310602289469024,7.243958350270987,5,1,1,1,1,Muy Malo
2002-05-24,,27.20001735082931,54.740909061849315,32.57661663929621,7.8162352998717495,5,2,2,1,1,Muy Malo
2002-05-25,,11.61374998630749,39.58076668381691,51.42283335844676,6.490866661866506,5,1,1,1,1,Muy Malo
2002-05-26,,18.806770824723774,36.94198334256808,65.9653333679835,6.1805833413203555,5,1,1,2,1,Muy Malo
2002-05-27,,16.293913036844003,41.51709518926172,56.49408328851064,6.964565208923059,5,1,1,1,1,Muy Malo
2002-05-28,,28.911081986069473,60.62328312624639,43.668400168418884,8.62321606473108,5,2,2,1,1,Muy Malo
2002-05-29,,30.66976904318557,64.93037533068413,35.97691647848035,9.448139930747882,5,2,2,1,1,Muy Malo
2002-05-30,,45.45410844912896,63.87629820633573,51.763833318750066,9.637063746084303,5,2,2,1,1,Muy Malo
2002-05-31,,47.47274308403333,56.18637729606565,37.76036667346954,8.98391666094462,5,2,2,1,1,Muy Malo
2002-06-01,,52.84550338569615,51.142416618267696,52.69956659317017,8.172933334906896,5,3,2,1,1,Muy Malo
2002-06-02,,63.35227441291014,51.65818335612615,54.40314991235733,7.931983347833157,5,3,2,1,1,Muy Malo
2002-06-03,,54.46498247306106,60.73754999478658,45.09633330464363,7.877933336893718,5,3,2,1,1,Muy Malo
2002-06-04,,33.4924479259385,43.86909995237986,54.28693322340647,6.216399996678034,5,2,1,1,1,Muy Malo
2002-06-05,,17.611562519230777,36.75155002951622,44.21710003058116,6.305333338975906,5,1,1,1,1,Muy Malo
2002-06-06,,18.60517422309736,46.991018473604484,42.90484996000926,6.331966673135757,5,1,1,1,1,Muy Malo
2002-06-07,,19.763489618897438,51.191266666253405,35.419133339722954,6.876633342901866,5,1,2,1,1,Muy Malo
2002-06-08,,10.408645830634567,32.54353327512741,46.9513333495458,6.054383324186007,5,1,1,1,1,Muy Malo
2002-06-09,,17.416840285890633,35.07521662314733,47.58264999071757,7.027900010347366,5,1,1,1,1,Muy Malo
2002-06-10,,20.815208349583877,50.985633361339566,45.30186661720276,7.523999999364217,5,1,2,1,1,Muy Malo
2002-06-11,,28.725607635660303,70.10477465978249,43.867350016832354,9.153766666253407,5,2,2,1,1,Muy Malo
2002-06-12,,39.28716034756305,75.71986645171559,39.312883410851164,10.867650008996328,5,2,2,1,1,Muy Malo
2002-06-13,,34.90633686259389,61.01419033948488,41.61918336311976,9.597316652536392,5,2,2,1,1,Muy Malo
2002-06-14,,42.691884795616645,66.32546808169438,39.66621669054032,9.786555177790664,5,2,2,1,1,Muy Malo
2002-06-15,,53.60026133018919,62.835752404254414,54.85314983526866,9.015384617856514,5,3,2,1,1,Muy Malo
2002-06-16,,70.47161465717687,45.530033279458685,63.85718333641688,7.9512666598955795,5,3,1,2,1,Muy Malo
2002-06-17,,72.22152373419125,66.98865874878214,51.259411766949825,9.478453793245203,5,3,2,1,1,Muy Malo
2002-06-18,,73.82758269600247,68.99101834384746,54.02221659183502,9.679300015767415,5,3,2,1,1,Muy Malo
2002-06-19,,63.899407604430195,82.5160769429151,30.709649466911024,10.382587616750115,5,3,2,1,1,Muy Malo
2002-06-20,,53.86333914549454,56.473785549751675,46.60247075836328,8.419198653534776,5,3,2,1,1,Muy Malo
2002-06-21,,48.35442706031932,76.71506641467413,42.78343333999316,10.264699997901916,5,2,2,1,1,Muy Malo
2002-06-22,,55.92590272592174,84.55318316698074,49.15263329849889,12.434550024469694,5,3,2,1,1,Muy Malo
2002-06-23,,43.055902764615084,67.75665000518163,49.59463331818581,10.095983326236407,5,2,2,1,1,Muy Malo
2002-06-24,,50.517204872436,48.35500002145767,52.19440009117127,8.360500006278356,5,3,1,1,1,Muy Malo
2002-06-25,,50.00411252941943,47.2035918983601,50.683962997658455,8.273220902550683,5,3,1,1,1,Muy Malo
2002-06-26,,70.24522876235801,55.81271960848087,37.419408717670954,7.853412170919615,5,3,2,1,1,Muy Malo
2002-06-27,,45.229234746850054,51.78756248533029,60.19338888954837,7.5000834735685675,5,2,2,2,1,Muy Malo
2002-06-28,,38.215607633193336,66.13366657098135,65.95983342329662,7.297733343044917,5,2,2,2,1,Muy Malo
2002-06-29,,36.64395839555396,53.44710006515185,56.601533333063124,6.600383331477642,5,2,2,1,1,Muy Malo
2002-06-30,,28.631284738580387,36.59145234224195,59.76488319079081,5.762466680208842,5,2,1,1,1,Muy Malo
2002-07-01,,18.493229160706203,52.802968726389935,42.92828345855077,5.7555000069240725,5,1,2,1,1,Muy Malo
2002-07-02,,31.07608690717946,62.24301020466552,40.797116669416425,7.681616668105125,5,2,2,1,1,Muy Malo
2002-07-03,,28.618146858848892,55.2631658197847,42.62541045535549,7.247102179818817,5,2,2,1,1,Muy Malo
2002-07-04,,29.40357644069526,60.050000038146976,51.922550008296966,8.063150009910265,5,2,2,1,1,Muy Malo
2002-07-05,,38.25838535113467,64.98046660979588,46.9719333076477,8.066200002630552,5,2,2,1,1,Muy Malo
2002-07-06,,25.712743040588165,47.077549957434336,60.997950080235796,7.45064999461174,5,2,1,2,1,Muy Malo
2002-07-07,,35.28687500250008,51.708883277575175,55.19549997607867,7.131350000699361,5,2,2,1,1,Muy Malo
2002-07-08,,41.92798579270402,55.911049065049326,43.571912001837326,7.2011505924102215,5,2,2,1,1,Muy Malo
2002-07-09,,40.99579232985422,42.665173617502056,41.43670135984818,7.374791655068596,5,2,1,1,1,Muy Malo
2002-07-10,,21.774124047616972,34.28404516436987,36.11602434143424,6.319513887011756,5,1,1,1,1,Muy Malo
2002-07-11,,31.11090746895155,64.36612840410736,43.43428820371628,8.102447917684913,5,2,2,1,1,Muy Malo
2002-07-12,,42.20195328377481,61.020814911011726,49.54938879482613,8.348709685490775,5,2,2,1,1,Muy Malo
2002-07-13,,31.566132382648746,37.098979989023114,54.06178338209788,6.780401332521917,5,2,1,1,1,Muy Malo
2002-07-14,,16.678802072587942,26.625799998442332,59.44041662851969,5.413833324710528,5,1,1,1,1,Muy Malo
2002-07-15,,29.566614281652694,40.69522544060008,61.26234980901082,6.137712864177255,5,2,1,2,1,Muy Malo
2002-07-16,,33.13199292529713,42.37550004641215,75.282599995931,6.547699998617173,5,2,1,2,1,Muy Malo
2002-07-17,,29.957033101592806,50.65370000998179,70.85139998396238,7.178583337863286,5,2,2,2,1,Muy Malo
2002-07-18,,45.25895480411808,74.28416376369056,57.227466691335046,8.962116672992707,5,2,2,1,1,Muy Malo
2002-07-19,,77.51107827062192,98.7917587321807,42.72016668081284,13.62346666375796,5,3,2,1,1,Muy Malo
2002-07-20,,69.85336284806243,80.8624109331335,50.63168066223935,11.132325974708907,5,3,2,1,1,Muy Malo
2002-07-21,,35.66791284495387,47.75973952147696,65.71810761342446,6.974288197855155,5,2,1,2,1,Muy Malo
2002-07-22,,49.626279472655696,54.80954866359631,50.03350704866979,8.198385415288309,5,2,2,1,1,Muy Malo
2002-07-23,,39.34807138528143,54.55323630081464,53.009965760250616,7.120017323171658,5,2,2,1,1,Muy Malo
2002-07-24,,33.51460076413221,60.99798331419627,44.899400052229566,8.23947917131914,5,2,2,1,1,Muy Malo
2002-07-25,,37.729547838957416,54.116763179103195,47.659582571115635,8.48194871274834,5,2,2,1,1,Muy Malo
2002-07-26,,34.1558853942487,56.18593329111735,46.5707833580176,8.470233712451089,5,2,2,1,1,Muy Malo
2002-07-27,,57.325269553972326,65.20020095387495,55.240799963474274,10.251549997329711,5,3,2,1,1,Muy Malo
2002-07-28,,54.77802084883054,63.56174213802395,54.27658334116141,10.057733339866003,5,3,2,1,1,Muy Malo
2002-07-29,,51.858173895296844,64.1857167506218,56.313483371337256,8.489632718352125,5,3,2,1,1,Muy Malo
2002-07-30,,52.1861347991524,63.68998286193822,64.0849915417022,8.111629877106646,5,3,2,2,1,Muy Malo
2002-07-31,,25.8122398415991,39.35420950991182,49.06213068060858,7.301237114925974,5,2,1,1,1,Muy Malo
2002-08-01,,29.285130451036537,47.0349333357811,54.690916614135105,7.563500008583069,5,2,1,1,1,Muy Malo
2002-08-02,,39.9608854767349,56.14528323968251,52.27168341000875,7.864233331382275,5,2,2,1,1,Muy Malo
2002-08-03,,36.29340865176657,61.80823237887938,44.291212014879044,8.73260944218748,5,2,2,1,1,Muy Malo
2002-08-04,,35.2714412399034,45.045955581876605,52.94010245271103,6.861757681434879,5,2,1,1,1,Muy Malo
2002-08-05,,41.68208849155798,59.48128813889067,37.44259326902487,8.501152545516774,5,2,2,1,1,Muy Malo
2002-08-06,,41.424843741787804,55.271766656239826,55.119749967257185,8.27718333085378,5,2,2,1,1,Muy Malo
2002-08-07,,34.44527776001228,47.06391672531764,68.91523334423701,7.304516654709975,5,2,1,2,1,Muy Malo
2002-08-08,,28.250121737770414,43.20821661949158,71.92023331721624,7.137429033575551,5,2,1,2,1,Muy Malo
2002-08-09,,32.86720484536555,43.169366714557015,49.49969990412394,7.516000009377797,5,2,1,1,1,Muy Malo
2002-08-10,,21.374253527157837,22.744966674248378,41.18809998353322,6.202349999348322,5,1,1,1,1,Muy Malo
2002-08-11,,15.0086284743415,27.513383330504098,66.98275006930034,5.50643333653609,5,1,1,2,1,Muy Malo
2002-08-12,,39.879184026685024,68.41046674251557,38.00890009601911,9.359033328096071,5,2,2,1,1,Muy Malo
2002-08-13,,40.53736369387756,66.6954529877477,46.61994979429485,9.600938025032056,5,2,2,1,1,Muy Malo
2002-08-14,,57.87506087842195,86.81818035329523,33.208714521787,10.380651070796986,5,3,2,1,1,Muy Malo
2002-08-15,,41.28046866423554,53.714545420062684,54.81991415653589,7.397066916650605,5,2,2,1,1,Muy Malo
2002-08-16,,30.291868343047824,49.971768894462784,63.37678940630796,7.315306481463271,5,2,1,2,1,Muy Malo
2002-08-17,,38.76296875129143,54.981800048947335,56.43043338219325,7.190850008626779,5,2,2,1,1,Muy Malo
2002-08-18,,35.074808986650574,52.76169993678729,47.17904994130134,7.843166669209798,5,2,2,1,1,Muy Malo
2002-08-19,,39.24010472439139,49.984053569023736,45.50316586965692,7.616499183565328,5,2,1,1,1,Muy Malo
2002-08-20,,41.4250520757503,61.17331668059031,42.67558333039284,9.129166681269805,5,2,2,1,1,Muy Malo
2002-08-21,,47.83865852804549,64.98905008474986,45.010266635417935,8.839198643058687,5,2,2,1,1,Muy Malo
2002-08-22,,32.683895648044086,50.664490858979136,58.873422383068004,7.656611007123638,5,2,2,1,1,Muy Malo
2002-08-23,,47.427395877738796,50.751350027720136,48.99614994128545,7.361683338880539,5,2,2,1,1,Muy Malo
2002-08-24,,36.40671374519806,35.91498336633047,54.4276331837972,6.1916166655222575,5,2,1,1,1,Muy Malo
2002-08-25,,23.774079851806164,34.35758329391479,47.75693331241607,5.488633339603742,5,1,1,1,1,Muy Malo
2002-08-26,,22.614600696911413,46.7138166530927,46.92953329066435,6.1483666721979775,5,1,1,1,1,Muy Malo
2002-08-27,,17.85376738384366,51.33579293157103,44.00963324983915,6.2703000074625015,5,1,2,1,1,Muy Malo
2002-08-28,,21.34205218605373,46.69259190320171,43.714273763220376,7.307262091883435,5,1,1,1,1,Muy Malo
2002-08-29,,19.92684019729495,52.5163334274292,52.9183499733607,7.462833329439163,5,1,2,1,1,Muy Malo
2002-08-30,,30.70692710702618,64.74536662101745,49.56385001619657,8.113999988635381,5,2,2,1,1,Muy Malo
2002-08-31,,34.67118056118488,76.87823318958283,50.9466334104538,9.13238333384196,5,2,2,1,1,Muy Malo
2002-09-01,,25.517534719987047,43.16113329966863,72.26038353363673,6.877099991440773,5,2,1,2,1,Muy Malo
2002-09-02,,37.79484373744991,58.024440712841205,48.53434998075167,7.5356928249432364,5,2,2,1,1,Muy Malo
2002-09-03,,47.309965178526234,59.398707929073566,43.99863322625558,8.279348916322839,5,2,2,1,1,Muy Malo
2002-09-04,,45.34012170874554,50.96545000473658,55.35195002555847,8.005333337585132,5,2,2,1,1,Muy Malo
2002-09-05,,27.342031550282147,54.100369838906936,50.57294613263422,8.207092431413026,5,2,2,1,1,Muy Malo
2002-09-06,,30.493054062908232,56.14832495205366,48.98837525720772,8.592713579660284,5,2,2,1,1,Muy Malo
2002-09-07,,39.625538205934895,67.69903330246608,38.43088337063789,9.94135000526905,5,2,2,1,1,Muy Malo
2002-09-08,,14.083611140234602,37.06599994897842,33.97808334668478,6.406366669634978,5,1,1,1,1,Muy Malo
2002-09-09,,15.842712768848907,39.797210834464245,33.27336739277353,6.560408851458632,5,1,1,1,1,Muy Malo
2002-09-10,,33.97744565251945,76.8389044653851,29.846197921782732,10.79556522079136,5,2,2,1,1,Muy Malo
2002-09-11,,45.183677459540576,93.7106967836307,34.22312502790656,12.72824651375413,5,2,2,1,1,Muy Malo
2002-09-12,,36.63216361392628,87.90205201770948,34.67430313455934,11.829391288757325,5,2,2,1,1,Muy Malo
2002-09-13,,47.202719056693304,97.39945973751853,30.34592330704998,12.551846706181868,5,2,2,1,1,Muy Malo
2002-09-14,,41.62670287446699,60.14744778308604,42.03704858240154,8.583559036254883,5,2,2,1,1,Muy Malo
2002-09-15,,37.639945625395015,55.99649314085642,32.762743133016755,8.50993056067576,5,2,2,1,1,Muy Malo
2002-09-16,,30.254580273680443,48.63886156098855,25.058695604490197,6.830958183426475,5,2,1,1,1,Muy Malo
2002-09-17,,25.441231892160747,51.20348958339956,20.23673613824778,7.392482642912203,5,2,2,1,1,Muy Malo
2002-09-18,,24.83385871199594,43.93366317202648,25.018524253120024,7.681631942176157,5,1,1,1,1,Muy Malo
2002-09-19,,27.503442028726358,57.12548607587814,23.79369788823856,9.083194449543953,5,2,2,1,1,Muy Malo
2002-09-20,,42.516394982303396,65.71006936662727,18.31609376437134,10.415312509569857,5,2,2,1,1,Muy Malo
2002-09-21,,22.729800318633146,41.97744786077075,25.135520849169957,8.021440966261757,5,1,1,1,1,Muy Malo
2002-09-22,,13.684257258539615,35.7247222190102,33.18416666901774,6.5888888914552,5,1,1,1,1,Muy Malo
2002-09-23,,23.307586202604153,53.584965190125835,24.834809051619636,8.150121550593111,5,1,2,1,1,Muy Malo
2002-09-24,,30.393577974214466,74.11755717366357,32.18407734542404,10.402952551213216,5,2,2,1,1,Muy Malo
2002-09-25,,33.87772649912208,75.50353368769265,35.1087831416458,10.675229677463168,5,2,2,1,1,Muy Malo
2002-09-26,,43.43658798662591,89.21248694378397,26.435373903772106,12.277860845482868,5,2,2,1,1,Muy Malo
2002-09-27,,44.20088766407275,103.55478252245032,26.410850686538552,13.524477389216008,5,2,3,1,1,Muy Malo
2002-09-28,,50.10833332201709,101.79963466146718,25.242968784024317,14.348732630722225,5,3,3,1,1,Muy Malo
2002-09-29,,39.35394937188729,75.45015702405733,32.95696182631784,12.702916685077879,5,2,2,1,1,Muy Malo
2002-09-30,,50.478312239672874,74.58401730827663,23.41973919059919,10.72485215352929,5,3,2,1,1,Muy Malo
2002-10-01,,25.81166663290798,60.11501740829812,25.96590276269449,8.089234798680181,5,2,2,1,1,Muy Malo
2002-10-02,,27.722645963848073,65.005873989392,21.85816435630505,7.8149125734409255,5,2,2,1,1,Muy Malo
2002-10-03,,42.076413125231646,74.95262148727973,15.851892336375183,11.204634150561555,5,2,2,1,1,Muy Malo
2002-10-04,,35.00878620881965,70.4283160749409,19.840104145722258,10.79584642771443,5,2,2,1,1,Muy Malo
2002-10-05,,32.671177573826,66.09572918547525,31.451093771391445,9.583055564926731,5,2,2,1,1,Muy Malo
2002-10-06,,30.1075905971769,72.20218755801518,26.318420102198917,11.058836803668076,5,2,2,1,1,Muy Malo
2002-10-07,,45.65090580954068,81.44376731912295,20.147309001328217,11.9651735847195,5,2,2,1,1,Muy Malo
2002-10-08,,45.268196765190915,70.97203122741647,14.460815929290321,10.080503464986881,5,2,2,1,1,Muy Malo
2002-10-09,,14.38389494712802,47.54162597489524,30.73769235402554,7.248339163777712,5,1,1,1,1,Muy Malo
2002-10-10,,17.350915731527866,53.1363985946962,26.432899280554718,8.765243043088251,5,1,2,1,1,Muy Malo
2002-10-11,,32.65171844911314,65.48795822236758,20.82451046471829,12.441169293555081,5,2,2,1,1,Muy Malo
2002-10-12,,19.56144923619602,45.359757106337284,26.735729162477785,8.20170138652126,5,1,1,1,1,Muy Malo
2002-10-13,,25.223430123822443,50.62043487714684,18.99841738410618,8.637356515967328,5,2,2,1,1,Muy Malo
2002-10-14,,27.53424405747641,51.17773125017709,16.459301895704154,8.824188473753072,5,2,2,1,1,Muy Malo
2002-10-15,,28.550400670977456,57.42111302085545,14.985130447304767,9.956643486852231,5,2,2,1,1,Muy Malo
2002-10-16,,23.405543442653574,49.373836766514515,26.09803818497393,9.010086831533247,5,1,1,1,1,Muy Malo
2002-10-17,,16.57880433961965,52.38968757291635,36.285624998725126,9.129687508775127,5,1,2,1,1,Muy Malo
2002-10-18,,33.60070909370076,76.21355382407585,17.264965193404553,14.429041839642807,5,2,2,1,1,Muy Malo
2002-10-19,,36.88570911147378,73.69128909094408,22.241637639675407,12.69810102625591,5,2,2,1,1,Muy Malo
2002-10-20,,27.862862330415975,60.3736631307337,19.154027770376867,9.834774322807789,5,2,2,1,1,Muy Malo
2002-10-21,,20.837343487839092,47.48479125460782,28.72154509110583,8.334954804149717,5,1,1,1,1,Muy Malo
2002-10-22,,21.01646737927112,40.3977778011726,46.92522567179468,8.052152769433128,5,1,1,1,1,Muy Malo
2002-10-23,,19.765329766825985,52.480819198458676,33.225631324911284,9.755887373315597,5,1,2,1,1,Muy Malo
2002-10-24,,33.371269483980925,67.53984973108231,18.1054257474877,10.984774629341342,5,2,2,1,1,Muy Malo
2002-10-25,,34.78034048610263,60.21428573942509,16.489560797810555,10.047431976211314,5,2,2,1,1,Muy Malo
2002-10-26,,31.863812054725404,63.35761904635397,9.756547623345641,11.949778909991387,5,2,2,1,1,Muy Malo
2002-10-27,,38.45150535294659,66.26746967305758,13.862710054701843,16.081080618280897,5,2,2,1,1,Muy Malo
2002-10-28,,37.335898337044,69.85570420638375,17.26886955800264,16.892747815173607,5,2,2,1,1,Muy Malo
2002-10-29,,57.556956466125406,90.01281736456829,12.403003489598632,18.741478250752326,5,3,2,1,1,Muy Malo
2002-10-30,,37.93230488512347,69.00125231825787,17.339687563478947,13.673078253372855,5,2,2,1,1,Muy Malo
2002-10-31,,31.585281273847052,71.01266095617544,17.89173911260522,13.191200007563053,5,2,2,1,1,Muy Malo
2002-11-01,,33.60902174702589,63.69177085823483,10.79984377283189,13.717517394158575,5,2,2,1,1,Muy Malo
2002-11-02,,28.95510865294415,57.22408707328465,9.995920143193668,11.472643475739853,5,2,2,1,1,Muy Malo
2002-11-03,,15.700126809054527,39.42092014186912,15.90743055484361,10.152534725765387,5,1,1,1,1,Muy Malo
2002-11-04,,29.49641340907808,69.46278252974801,14.031284726535281,16.340853649564735,5,2,2,1,1,Muy Malo
2002-11-05,,44.62963483271391,88.93128937046703,14.22352429231008,19.058728244661868,5,2,2,1,1,Muy Malo
2002-11-06,,59.3552777643005,86.0600173175335,9.67852429052194,22.177090617837806,5,3,2,1,1,Muy Malo
2002-11-07,,25.781986116116887,59.21450262502434,31.49651043013566,14.18351396897456,5,2,2,1,1,Muy Malo
2002-11-08,,51.03515632285012,91.37706590361066,8.175399291846487,23.735594403493653,5,3,2,1,1,Muy Malo
2002-11-09,,32.93569449335337,58.54260427587562,23.191371479175157,15.342013865709305,5,2,2,1,1,Muy Malo
2002-11-10,,34.827760357409716,60.60982636527883,16.35614580888715,17.04168402693338,5,2,2,1,1,Muy Malo
2002-11-11,,34.05447913954655,55.810208302405144,17.28307292237878,13.019270800881916,5,2,2,1,1,Muy Malo
2002-11-12,,13.278697928413749,46.122777759201,26.162569436348146,10.382713030939517,5,1,1,1,1,Muy Malo
2002-11-13,,17.368888881885344,49.561145815584396,32.45095492568281,9.875677067372534,5,1,1,1,1,Muy Malo
2002-11-14,,15.472717747871053,56.45482638478279,25.170885384082794,10.210486121475697,5,1,2,1,1,Muy Malo
2002-11-15,,19.186533061884838,62.9177351097612,18.826898922488247,11.971811856957679,5,1,2,1,1,Muy Malo
2002-11-16,,14.861302078184154,53.00305562549167,19.488402829608983,10.761440992355347,5,1,2,1,1,Muy Malo
2002-11-17,,16.213229169034296,45.38111115578148,20.814913177448844,12.068611114389366,5,1,1,1,1,Muy Malo
2002-11-18,,28.718205591527425,59.79980874268905,13.915008699997612,14.439217402416727,5,2,2,1,1,Muy Malo
2002-11-19,,17.49772498927416,56.14840412301807,16.770152781127063,12.033735134403248,5,1,2,1,1,Muy Malo
2002-11-20,,19.26293824590705,53.59388981677455,26.898266727924348,13.51741235443268,5,1,2,1,1,Muy Malo
2002-11-21,,17.409049989779792,51.44559668773363,23.904550018310548,11.296933343807856,5,1,2,1,1,Muy Malo
2002-11-22,,22.244250013232232,59.8473167292277,22.793983317216238,12.179666650692623,5,1,2,1,1,Muy Malo
2002-11-23,,12.683916669885317,50.678299946784975,32.956199998458224,11.11641667286555,5,1,2,1,1,Muy Malo
2002-11-24,,15.06073333978653,58.482403357690124,18.17131667137146,12.300999987920125,5,1,2,1,1,Muy Malo
2002-11-25,,20.671237449382858,54.46789642009194,21.53233331243197,13.611185323017866,5,1,2,1,1,Muy Malo
2002-11-26,,54.30596667488416,73.0795333369573,9.201883332033953,20.669633336861928,5,3,2,1,1,Muy Malo
2002-11-27,,62.7255260391108,76.81849741736715,6.159833047644722,23.19193654307141,5,3,2,1,1,Muy Malo
2002-11-28,,23.532899973392485,64.00423330307007,14.423400026013454,17.65038330078125,5,1,2,1,1,Muy Malo
2002-11-29,,23.833433309992156,60.32726665377617,19.19964997212092,13.57411667307218,5,1,2,1,1,Muy Malo
2002-11-30,,21.290433372656505,62.6500666197141,20.87411668141683,18.31831664721171,5,1,2,1,1,Muy Malo
2002-12-01,,15.913483333190282,50.66463334878286,18.681516671975455,13.32298332810402,5,1,2,1,1,Muy Malo
2002-12-02,,19.882199977437654,49.726533273061115,31.050483350157737,16.457649985154468,5,1,1,1,1,Muy Malo
2002-12-03,,17.50688331504663,46.54044986883799,32.530649987459185,15.351183344523111,5,1,1,1,1,Muy Malo
2002-12-04,,52.46776653031508,79.63471670468648,13.851016640365124,26.16708331823349,5,3,2,1,1,Muy Malo
2002-12-05,,33.20155001481374,64.728816781044,20.03259999314944,20.439833339850107,5,2,2,1,1,Muy Malo
2002-12-06,,13.932433356245358,43.77448331753413,32.6350500647227,16.43108332912127,5,1,1,1,1,Muy Malo
2002-12-07,,26.35240003168583,63.0835999806722,11.613166675766308,22.196349997520446,5,2,2,1,1,Muy Malo
2002-12-08,,25.92190004090468,63.40471667289734,11.435716655651728,22.70631664911906,5,2,2,1,1,Muy Malo
2002-12-09,,42.51018335024516,75.83360011418661,6.778916674057642,22.394216667811076,5,2,2,1,1,Muy Malo
2002-12-10,,18.952333366274832,62.38963334242503,17.469750020106634,15.298049981196721,5,1,2,1,1,Muy Malo
2002-12-11,,25.88180007060369,60.8982666683197,21.53103333055973,17.209399974346162,5,2,2,1,1,Muy Malo
2002-12-12,,57.060671062277464,78.90246647956387,7.870167785742939,26.16162748064771,5,3,2,1,1,Muy Malo
2002-12-13,,41.96127554186347,71.73533086663393,7.3491511048404385,26.88066214818906,5,2,2,1,1,Muy Malo
2002-12-14,,16.547599995533627,49.55625002940496,21.417733363111815,14.327350002924602,5,1,1,1,1,Muy Malo
2002-12-15,,18.571051772130353,51.38793336073557,21.50503332912922,14.525066666205724,5,1,2,1,1,Muy Malo
2002-12-16,,38.122704436265565,68.85393335342407,9.885733311772347,24.17330554252077,5,2,2,1,1,Muy Malo
2002-12-17,,35.59356905133636,62.45665004650752,9.668466656217351,17.236966691647346,5,2,2,1,1,Muy Malo
2002-12-18,,37.879450004100796,55.36165002504985,9.786050011316934,16.084816683133443,5,2,2,1,1,Muy Malo
2002-12-19,,26.767324445239677,55.643016645113626,9.294033342103164,14.587683322429656,5,2,2,1,1,Muy Malo
2002-12-20,,38.31020000060399,55.88273328145345,7.400000007351239,16.255716661612194,5,2,2,1,1,Muy Malo
2002-12-21,,33.49593336343765,60.82770001014074,8.997349995970726,14.870116693178813,5,2,2,1,1,Muy Malo
2002-12-22,,23.458866659005484,53.178833424250286,10.86418333609899,14.604566635290782,5,1,2,1,1,Muy Malo
2002-12-23,,38.16424950660783,56.22814073993932,7.035883341828982,21.41051663796107,5,2,2,1,1,Muy Malo
2002-12-24,,26.017351487294118,54.03272109596877,13.054683326880138,13.766700007915496,5,2,2,1,1,Muy Malo
2002-12-25,,11.715347227950891,33.015125206993496,30.29654998064041,10.354066668351491,5,1,1,1,1,Muy Malo
2002-12-26,,17.538037838090514,48.78619133466042,22.27838922587017,12.557281885771143,5,1,1,1,1,Muy Malo
2002-12-27,,13.058683310747147,42.38458330233892,31.63221663236618,10.427499998410543,5,1,1,1,1,Muy Malo
2002-12-28,,11.690671144915907,40.417541852364174,40.39205003817876,12.28729999701182,5,1,1,1,1,Muy Malo
2002-12-29,,25.910766653617223,60.9387832514445,15.070999990502994,17.137633341153464,5,2,2,1,1,Muy Malo
2002-12-30,,28.506649925081774,61.1771786455718,11.601652723122918,16.632637741569685,5,2,2,1,1,Muy Malo
2002-12-31,,16.612633349398774,41.091500081618626,32.72716665108999,13.367283328374226,5,1,1,1,1,Muy Malo
2003-01-01,,14.256965956820792,36.11015479188217,25.920176578754408,9.74905572771657,5,1,1,1,1,Muy Malo
2003-01-02,,12.268503934191907,44.018148135255885,17.065192302259113,9.709305556100091,5,1,1,1,1,Muy Malo
2003-01-03,,15.266228466433166,42.65516976294694,29.272916631820873,10.616280871041027,5,1,1,1,1,Muy Malo
2003-01-04,,14.316805576468692,45.74009268298561,23.76907051450167,11.86546297132233,5,1,1,1,1,Muy Malo
2003-01-05,,17.64376541144318,53.55317904919754,11.94552883085532,11.42348767467487,5,1,2,1,1,Muy Malo
2003-01-06,,8.440277791685528,33.70649692416191,41.75056086289577,11.212391958928402,5,1,1,1,1,Muy Malo
2003-01-07,,19.014695779395737,58.8127952029246,17.881870949460613,11.729860266173109,5,1,2,1,1,Muy Malo
2003-01-08,,13.657140609589044,51.23902053554288,26.83573070770414,12.140537131642466,5,1,2,1,1,Muy Malo
2003-01-09,,13.193276668626705,45.812488530113306,28.80460675627615,12.269860881557788,5,1,1,1,1,Muy Malo
2003-01-10,,21.052361120228415,47.65168212078236,28.845176251270832,16.075324057060996,5,1,1,1,1,Muy Malo
2003-01-11,,23.843950618564346,60.97050921784507,20.223413471036995,18.4675771045832,5,1,2,1,1,Muy Malo
2003-01-12,,16.441785692057994,47.2436222092655,27.24900634548603,17.393848545215967,5,1,1,1,1,Muy Malo
2003-01-13,,45.09717584318585,79.42996900611453,13.205913462126867,29.049043208360672,5,2,2,1,1,Muy Malo
2003-01-14,,56.834799256589676,94.59342598032069,9.260977555161867,33.92870177662538,5,3,2,1,1,Muy Malo
2003-01-15,,72.80358027951952,108.91503869285879,8.262211557477713,36.47217049302981,5,3,3,1,1,Muy Malo
2003-01-16,,54.474303266212296,92.13507741154532,9.851923068316701,33.0873643416767,5,3,2,1,1,Muy Malo
2003-01-17,,66.45763243655921,99.13199383893117,7.806779911313628,30.81908098930882,5,3,2,1,1,Muy Malo
2003-01-18,,43.571344914315624,76.8302207414284,7.56529507099605,16.613643506347945,5,2,2,1,1,Muy Malo
2003-01-19,,12.547947540327355,49.363533903787165,24.975448700862053,13.85973765121566,5,1,1,1,1,Muy Malo
2003-01-20,,19.792978402273153,58.24808641495528,21.309487154850594,12.454336400385257,5,1,2,1,1,Muy Malo
2003-01-21,,16.420562504045666,40.858403737183096,37.43554297065426,10.637656250596047,5,1,1,1,1,Muy Malo
2003-01-22,,20.094783963612567,55.42396611563953,24.012532046016975,11.408040117702367,5,1,2,1,1,Muy Malo
2003-01-23,,25.06137559679229,61.39941354408676,21.71727124473639,19.53496909987779,5,2,2,1,1,Muy Malo
2003-01-24,,45.8499845104453,84.02054174987155,12.534519233191626,26.303384870428943,5,2,2,1,1,Muy Malo
2003-01-25,,41.921916482621775,79.89373639646426,15.410737183804695,27.329552475317026,5,2,2,1,1,Muy Malo
2003-01-26,,27.218904294165565,59.70813279608149,23.53467945028574,21.4596296519409,5,2,2,1,1,Muy Malo
2003-01-27,,22.016959825231705,46.126259551718945,21.758910252879826,18.24966052211361,5,1,1,1,1,Muy Malo
2003-01-28,,40.572735670729436,69.77445131991709,12.010737195037878,22.71689336340431,5,2,2,1,1,Muy Malo
2003-01-29,,18.04401245050445,50.32835652107416,33.24892630600012,13.910263557212298,5,1,2,1,1,Muy Malo
2003-01-30,,16.509783945149845,47.696961304198865,37.27982368453955,13.495919599046664,5,1,1,1,1,Muy Malo
2003-01-31,,16.80659446996801,37.95992282934395,47.3179647334111,11.82526234270614,5,1,1,1,1,Muy Malo
2003-02-01,,24.90926566775888,63.5958843380446,25.21603896962358,16.27629684135318,5,1,2,1,1,Muy Malo
2003-02-02,,32.2833493279341,63.98051288800362,16.023016652266186,20.464583343038193,5,2,2,1,1,Muy Malo
2003-02-03,,16.724738512477483,51.221070971451404,29.771276609011835,15.162519693186903,5,1,2,1,1,Muy Malo
2003-02-04,,14.963071002084533,35.58878084612481,38.571378178321396,12.160231508958487,5,1,1,1,1,Muy Malo
2003-02-05,,29.60782405844441,72.07813271916943,18.856570480725704,18.502330235493037,5,2,2,1,1,Muy Malo
2003-02-06,,40.650987644622354,73.90367279376512,18.276298108009193,21.36942904746091,5,2,2,1,1,Muy Malo
2003-02-07,,37.780710983497464,68.28791674750822,7.336794873747306,21.443780876236197,5,2,2,1,1,Muy Malo
2003-02-08,,30.81328700501242,58.73503081261376,12.928910258870859,19.020756163714843,5,2,2,1,1,Muy Malo
2003-02-09,,32.510848708358814,64.79773157908593,13.37624999976311,20.802145096254936,5,2,2,1,1,Muy Malo
2003-02-10,,43.98876540565196,78.01865733037761,8.874679513371143,27.151666665518725,5,2,2,1,1,Muy Malo
2003-02-11,,52.647295117193984,78.14788580970999,9.954951924391281,23.14817903218446,5,3,2,1,1,Muy Malo
2003-02-12,,37.42235205821094,67.8791047307537,10.080660386186725,19.758075771909773,5,2,2,1,1,Muy Malo
2003-02-13,,16.28840301339306,52.347477539973475,28.966367879643506,15.351164204327029,5,1,2,1,1,Muy Malo
2003-02-14,,24.601220262547333,65.04538683664231,19.082438257557374,18.083824418130376,5,1,2,1,1,Muy Malo
2003-02-15,,18.271711300881137,47.980669687901226,33.81225300460686,13.986175631838185,5,1,1,1,1,Muy Malo
2003-02-16,,20.71436008881955,49.912470305249805,36.52043213962037,15.59985119423696,5,1,1,1,1,Muy Malo
2003-02-17,,36.35482867428514,78.813124977407,23.070324084089126,22.029806574895268,5,2,2,1,1,Muy Malo
2003-02-18,,26.31244043970392,67.11569933380399,18.4915431783891,16.380654767155647,5,2,2,1,1,Muy Malo
2003-02-19,,22.81385417637371,61.97084812607084,21.693533901263166,14.295744054019451,5,1,2,1,1,Muy Malo
2003-02-20,,16.169940477325802,50.29999995586418,32.30950618838823,13.396160710780393,5,1,2,1,1,Muy Malo
2003-02-21,,33.28032736551194,72.29324277098182,16.77961420773724,19.50220237601371,5,2,2,1,1,Muy Malo
2003-02-22,,17.220803609916143,53.52596715234575,28.104922794633442,11.606666660379796,5,1,2,1,1,Muy Malo
2003-02-23,,14.913817332533306,44.766130952608016,23.907484558997332,13.820744062108654,5,1,1,1,1,Muy Malo
2003-02-24,,18.766800620371388,44.96921128744171,41.33788576096664,13.128377970130671,5,1,1,1,1,Muy Malo
2003-02-25,,16.40933035243125,52.57293158130987,28.27435182163745,10.54267856620607,5,1,2,1,1,Muy Malo
2003-02-26,,17.932212255549896,60.16041672939346,29.084151225877395,11.998988095848333,5,1,2,1,1,Muy Malo
2003-02-27,,17.60928569308349,50.745967232755255,32.39356487768668,13.021979158123335,5,1,2,1,1,Muy Malo
2003-02-28,,44.253928574068205,70.91775296273686,12.066743827528423,14.530327348127251,5,2,2,1,1,Muy Malo
2003-03-01,,35.07219370915561,52.78806352110385,20.294638376753284,14.695506812945437,5,2,2,1,1,Muy Malo
2003-03-02,,11.321056560036682,36.84151791887624,30.674830266722925,11.36665178799913,5,1,1,1,1,Muy Malo
2003-03-03,,20.306086320252646,38.54306552026953,23.19686731107441,14.07226193199555,5,1,1,1,1,Muy Malo
2003-03-04,,54.100104211696554,62.83898804798012,10.070802452939528,20.709910696461087,5,3,2,1,1,Muy Malo
2003-03-05,,45.31308380429616,58.304624536015965,15.482437869221528,17.878860515811812,5,2,2,1,1,Muy Malo
2003-03-06,,31.782306591847114,64.97111605036827,30.73072527404185,14.665029765239783,5,2,2,1,1,Muy Malo
2003-03-07,,51.932544968799206,87.09339791367555,13.303091188486798,19.49373132292904,5,3,2,1,1,Muy Malo
2003-03-08,,31.651116064616613,63.143526768400555,34.09384249224339,16.512291642881575,5,2,2,1,1,Muy Malo
2003-03-09,,40.47040226349355,72.08764867697444,29.549398132680373,17.037544648562157,5,2,2,1,1,Muy Malo
2003-03-10,,51.01202981863449,88.53293149811881,21.05109569080818,19.807708359899976,5,3,2,1,1,Muy Malo
2003-03-11,,54.386866484446145,92.23451426781168,20.429567230171546,20.01311378636046,5,3,2,1,1,Muy Malo
2003-03-12,,65.70163687495958,96.42874250583306,16.063873481971246,23.308928530131066,5,3,2,1,1,Muy Malo
2003-03-13,,66.49415178171226,75.5875109972435,17.568071035507284,18.44764879842599,5,3,2,1,1,Muy Malo
2003-03-14,,79.13579098751296,79.79206586312391,24.83741491885377,16.313168947650357,5,3,2,1,1,Muy Malo
2003-03-15,,89.61504583475423,60.28710167035347,24.71067717863819,13.978922609855987,5,3,2,1,1,Muy Malo
2003-03-16,,19.272529790798824,34.56705353302615,59.95987657264427,9.984479184306803,5,1,1,1,1,Muy Malo
2003-03-17,,30.755150173877453,49.42034376540704,49.51566355758243,12.292929747001294,5,2,1,1,1,Muy Malo
2003-03-18,,33.33344310468542,61.66304472453559,46.347484548518686,12.824813718412033,5,2,2,1,1,Muy Malo
2003-03-19,,28.106371894233053,63.577321380376816,36.47768517739979,13.234553591481276,5,2,2,1,1,Muy Malo
2003-03-20,,36.435412320061246,73.49958283499704,36.59000003521825,15.850567156521242,5,2,2,1,1,Muy Malo
2003-03-21,,38.94442106046175,72.90134322465356,46.76992285214824,14.777055300048293,5,2,2,1,1,Muy Malo
2003-03-22,,46.938526738257636,68.42169647273563,41.60524685073782,13.708494778361654,5,2,2,1,1,Muy Malo
2003-03-23,,39.32102684108984,41.834732169906296,56.73714495956162,10.742202378809452,5,2,1,1,1,Muy Malo
2003-03-24,,36.80072943816431,55.73315710459591,51.640328580038464,11.372760181153701,5,2,2,1,1,Muy Malo
2003-03-25,,52.90162035712489,71.56945983716,46.976217922109825,13.542901249947372,5,3,2,1,1,Muy Malo
2003-03-26,,53.74172841251632,74.43381172197836,21.601073779165745,12.986172836503865,5,3,2,1,1,Muy Malo
2003-03-27,,25.209783639937317,57.013688218446426,23.40368592624481,8.550694444665202,5,2,2,1,1,Muy Malo
2003-03-28,,16.784243822649675,48.23554016189811,41.981618662675224,10.367253080562309,5,1,1,1,1,Muy Malo
2003-03-29,,26.131574047936333,50.695771635314564,33.404198752381866,11.343780860488797,5,2,2,1,1,Muy Malo
2003-03-30,,13.146409053733384,30.4866183752407,42.995385862836905,7.688953310587172,5,1,1,1,1,Muy Malo
2003-03-31,,24.876223255005815,45.72646867484988,40.44540291224234,11.210547948718252,5,1,1,1,1,Muy Malo
2003-04-01,,31.849164162820845,59.355952312903746,40.26234564884209,11.082053579035259,5,2,2,1,1,Muy Malo
2003-04-02,,34.73842904646951,63.023776524016505,31.10840122901534,12.578277925710303,5,2,2,1,1,Muy Malo
2003-04-03,,25.887155652403116,40.476676649676115,56.61810557257315,9.75311377341162,5,2,1,1,1,Muy Malo
2003-04-04,,27.341624451109976,52.35478385550077,53.19114375888288,11.420700466224227,5,2,2,1,1,Muy Malo
2003-04-05,,28.24894191469059,48.51820896846145,57.80299840423018,10.812313444578825,5,2,1,1,1,Muy Malo
2003-04-06,,28.286279726950895,63.06575888892015,37.072407424265954,13.108065449056172,5,2,2,1,1,Muy Malo
2003-04-07,,34.64343748099747,63.467827306616876,33.86608023389622,12.835193404129573,5,2,2,1,1,Muy Malo
2003-04-08,,47.68955357514677,62.021383922724496,45.379830294553145,10.692291668837978,5,2,2,1,1,Muy Malo
2003-04-09,,52.05319941753433,58.1847767524776,48.731095769891034,10.800818453587237,5,3,2,1,1,Muy Malo
2003-04-10,,32.90540989287386,58.49418780132129,51.141901051979715,11.453591659420827,5,2,2,1,1,Muy Malo
2003-04-11,,16.751939854586034,41.16995487284839,53.04780033784054,9.175127808491986,5,1,1,1,1,Muy Malo
2003-04-12,,24.220773883518717,49.08481380871973,35.87055552815214,9.091639336104187,5,1,1,1,1,Muy Malo
2003-04-13,,20.266294650378683,39.88794640558107,35.585910450897096,10.067574408082734,5,1,1,1,1,Muy Malo
2003-04-14,,17.38154651810815,48.146761592896446,44.843545940393234,8.961079458425427,5,1,1,1,1,Muy Malo
2003-04-15,,19.808803004568272,46.26060609962001,38.49915083811718,9.957575750712193,5,1,1,1,1,Muy Malo
2003-04-16,,29.21105656630936,45.91773816872211,67.95123457172771,10.110922625022274,5,2,1,2,1,Muy Malo
2003-04-17,,37.70354692200435,48.41406251632032,72.07787038919366,9.89227678520339,5,2,1,2,1,Muy Malo
2003-04-18,,33.579449396403064,47.62098201612631,53.657854827833766,10.11212795263245,5,2,1,1,1,Muy Malo
2003-04-19,,14.791636919336659,31.017619062037696,53.231589429172466,7.572797630159628,5,1,1,1,1,Muy Malo
2003-04-20,,10.524880961648055,23.347827369968098,63.135231612641135,7.410744045816717,5,1,1,2,1,Muy Malo
2003-04-21,,22.115714287119253,50.224538654088974,38.90847222709361,9.425610134289379,5,1,2,1,1,Muy Malo
2003-04-22,,26.968763014243365,65.75718759497006,35.30320989404932,11.241698972869736,5,2,2,1,1,Muy Malo
2003-04-23,,25.232683675399965,57.15628189375733,45.1069517139328,10.217552548772222,5,2,2,1,1,Muy Malo
2003-04-24,,36.57659607936323,65.29793934099602,34.80918372032968,11.549969742770635,5,2,2,1,1,Muy Malo
2003-04-25,,40.02577615495938,68.79762686793484,28.93450617937394,12.076626844548468,5,2,2,1,1,Muy Malo
2003-04-26,,20.99154997547053,45.935722762888126,40.93436727994754,8.781669153008838,5,1,1,1,1,Muy Malo
2003-04-27,,21.76257440802597,52.88799104307379,39.024074126356915,9.341354168241931,5,1,2,1,1,Muy Malo
2003-04-28,,39.58274626589533,58.94062507933094,32.416466026762386,10.486086304698672,5,2,2,1,1,Muy Malo
2003-04-29,,21.63293594326241,41.95736209131034,44.922519381669055,8.482652741288641,5,1,1,1,1,Muy Malo
2003-04-30,,20.041661580523694,41.973383688494515,64.16181821135518,7.724977320153125,5,1,1,2,1,Muy Malo
2003-05-01,,28.551934529628074,55.910000030483516,41.051018565157314,8.738437492577802,5,2,2,1,1,Muy Malo
2003-05-02,,18.810178552000295,39.491517803143886,57.0377777432218,7.374761908182076,5,1,1,1,1,Muy Malo
2003-05-03,,28.829028401852366,40.13355228651815,62.88001549797531,7.652701498501337,5,2,1,2,1,Muy Malo
2003-05-04,,39.784177972180814,38.15358975929732,68.79607185399588,7.761960798439038,5,2,1,2,1,Muy Malo
2003-05-05,,32.36074583570344,42.90166150542294,53.12434444156303,7.754085366318866,5,2,1,1,1,Muy Malo
2003-05-06,,19.809573815474952,46.962435242247906,43.469067907634695,7.911400297461035,5,1,1,1,1,Muy Malo
2003-05-07,,22.32124616256127,55.605768705974796,30.66289099603656,9.127001527237566,5,1,2,1,1,Muy Malo
2003-05-08,,23.01638397326072,53.48145829283056,29.9874845708226,9.348571433552674,5,1,2,1,1,Muy Malo
2003-05-09,,34.02068659334041,62.57479887392411,31.295966045473236,10.670491804131453,5,2,2,1,1,Muy Malo
2003-05-10,,34.913943410629315,59.648541661955065,41.63723768257064,9.528110119913306,5,2,2,1,1,Muy Malo
2003-05-11,,29.095791072987797,53.880731284796305,44.449366378728904,8.797761192962305,5,2,2,1,1,Muy Malo
2003-05-12,,35.05507441645577,65.75566960658345,38.322006167545,9.75928571004243,5,2,2,1,1,Muy Malo
2003-05-13,,39.99013393549692,68.87867558641094,37.59197522681436,10.643303579517774,5,2,2,1,1,Muy Malo
2003-05-14,,38.999448578332824,62.571892752555016,56.57035562649392,9.925081979322362,5,2,2,1,1,Muy Malo
2003-05-15,,36.60680060478903,50.41693466050284,59.082608096209576,8.561279771228632,5,2,2,1,1,Muy Malo
2003-05-16,,33.038032775486634,53.9470238174711,45.11604937543104,8.46055059986455,5,2,2,1,1,Muy Malo
2003-05-17,,23.875014877035504,47.329107218555045,49.7338425381868,8.225550587333384,5,1,1,1,1,Muy Malo
2003-05-18,,30.19998512523515,50.64419635846501,38.56174383211283,9.014985111142908,5,2,2,1,1,Muy Malo
2003-05-19,,34.35243644985205,46.941743659191445,31.27212962232254,9.150417296612849,5,2,1,1,1,Muy Malo
2003-05-20,,31.726438154229108,59.49392858644327,56.17501553433177,9.632395830537591,5,2,2,1,1,Muy Malo
2003-05-21,,37.72241745481978,48.25946429371834,48.39978395899137,9.075067061425676,5,2,1,1,1,Muy Malo
2003-05-22,,35.646299056056044,51.15017862688927,41.32665116827429,9.5773214318213,5,2,2,1,1,Muy Malo
2003-05-23,,43.49997016209275,66.8168303462721,38.817962927582826,11.524955364565054,5,2,2,1,1,Muy Malo
2003-05-24,,32.6966815129632,45.082157792789594,66.40683644200548,8.26662202108474,5,2,1,2,1,Muy Malo
2003-05-25,,16.297455352331912,26.365163692761037,73.30788578516172,6.794761923452218,5,1,1,2,1,Muy Malo
2003-05-26,,23.58755221847278,43.814389891567686,65.20074074871746,7.798571426244009,5,1,1,2,1,Muy Malo
2003-05-27,,32.90849703266507,47.04531242840347,62.874645013132216,8.408258916721458,5,2,1,2,1,Muy Malo
2003-05-28,,44.73794637478533,66.3662145645892,54.19236109764488,10.572395843409357,5,2,2,1,1,Muy Malo
2003-05-29,,51.975537262389906,82.55427506508136,50.116445169566774,11.273617353139972,5,3,2,1,1,Muy Malo
2003-05-30,,58.76727940398303,79.8488838842937,48.04589501998307,11.681904753049215,5,3,2,1,1,Muy Malo
2003-05-31,,55.273378720428006,58.391462689015405,55.221481412649155,9.761279754340649,5,3,2,1,1,Muy Malo
2003-06-01,,23.910044619724864,43.282157695009595,50.67595676138399,7.418437511083626,5,1,1,1,1,Muy Malo
2003-06-02,,29.7877976305428,44.951577347658926,39.70330243309339,8.37779760928381,5,2,1,1,1,Muy Malo
2003-06-03,,28.493199415150144,48.19279765089353,52.72419762390631,8.623869053664661,5,2,1,1,1,Muy Malo
2003-06-04,,36.02218744690929,50.91561012041001,35.4168055407059,8.34157974460619,5,2,2,1,1,Muy Malo
2003-06-05,,31.95394128404408,56.73416669427613,38.11561601581573,9.221124808116025,5,2,2,1,1,Muy Malo
2003-06-06,,53.55986619066624,71.90931550945554,56.81620371654446,9.644672604189033,5,3,2,1,1,Muy Malo
2003-06-07,,54.38034229902994,62.41626494200457,54.291404309280125,9.594613087319193,5,3,2,1,1,Muy Malo
2003-06-08,,40.043377953625864,46.494806492612476,57.45685189852008,8.292366090274992,5,2,1,1,1,Muy Malo
2003-06-09,,46.26281385234192,54.693257831700066,49.31012488491833,8.972394572683127,5,2,2,1,1,Muy Malo
2003-06-10,,51.550610161962965,78.15247023034664,34.385725256285546,11.623422616294452,5,3,2,1,1,Muy Malo
2003-06-11,,74.36109774955233,74.32016534375069,42.65839506262614,11.957533833496553,5,3,2,1,1,Muy Malo
2003-06-12,,55.541709848942645,60.09024283448192,58.69925924215788,9.793186627678878,5,3,2,1,1,Muy Malo
2003-06-13,,57.78075998053288,69.59150290631112,65.50441351054627,10.292157743658338,5,3,2,2,1,Muy Malo
2003-06-14,,83.61013423277262,64.65833344913665,34.46720680557651,10.457842262018294,5,3,2,1,1,Muy Malo
2003-06-15,,38.489016373004716,43.861800648626826,40.65371917629683,8.188154767311755,5,2,1,1,1,Muy Malo
2003-06-16,,40.388214221667674,56.92672615817615,50.03692901428835,9.267589275680837,5,2,2,1,1,Muy Malo
2003-06-17,,51.04964231130086,70.74638265700975,52.36762337405005,9.78546407354806,5,3,2,1,1,Muy Malo
2003-06-18,,51.07814653108651,55.90514158456407,74.25418209440915,8.752648817197908,5,3,2,2,1,Muy Malo
2003-06-19,,45.01999990867846,56.19470405795686,70.98224493323166,9.183622533690803,5,2,2,2,1,Muy Malo
2003-06-20,,45.1499398067055,62.89720540608524,57.45529691167176,9.951676726881471,5,2,2,1,1,Muy Malo
2003-06-21,,30.142458836356738,50.55469961782118,49.027406896586,9.311766481060468,5,2,2,1,1,Muy Malo
2003-06-22,,40.77493938749487,47.017116844020954,71.25262576641526,8.970484842856726,5,2,1,2,1,Muy Malo
2003-06-23,,84.18090085295944,61.89582956425278,59.34641968026573,8.905848207307004,5,3,2,1,1,Muy Malo
2003-06-24,,67.36773467454753,52.463832290586595,40.31347225229313,8.033967072512219,5,3,2,1,1,Muy Malo
2003-06-25,,57.0957290828228,69.93562022951865,38.9255092335336,10.263883934666714,5,3,2,1,1,Muy Malo
2003-06-26,,52.93999998295894,76.01016681067871,43.61623456430288,11.2201347459933,5,3,2,1,1,Muy Malo
2003-06-27,,45.70523168367121,77.99706504564963,55.761990639162654,10.2704640719705,5,2,2,1,1,Muy Malo
2003-06-28,,48.85173398675049,57.12467957182542,69.54370945646001,9.27080476941366,5,2,2,2,1,Muy Malo
2003-06-29,,33.84703867847011,39.79833339367594,71.60466051322443,8.313124992662953,5,2,1,2,1,Muy Malo
2003-06-30,,32.08126488700509,34.29465776717379,45.81251545452777,7.2234575519929525,5,2,1,1,1,Muy Malo
2003-07-01,,24.036398779423465,34.83388397807167,58.02987659566196,7.344464281219102,5,1,1,1,1,Muy Malo
2003-07-02,,24.50558868641292,43.725529132408106,49.44237653340822,7.77468656737413,5,1,1,1,1,Muy Malo
2003-07-03,,24.391415798539732,51.657100194238225,58.6377743016439,8.15345291791119,5,1,2,1,1,Muy Malo
2003-07-04,,47.937068517719,60.74794634254206,40.24018515480889,8.929046202523164,5,2,2,1,1,Muy Malo
2003-07-05,,23.11620061230877,46.477507779663455,87.6166563913226,8.142957299220853,5,1,1,2,1,Muy Malo
2003-07-06,,33.14085327294058,46.94983530936841,60.582111816968975,8.382994033485472,5,2,1,2,1,Muy Malo
2003-07-07,,50.34482174585032,69.26489196883307,54.17822964681963,9.386687210372122,5,3,2,1,1,Muy Malo
2003-07-08,,53.35456057028337,79.04085972082561,58.10633810930222,10.486772248108462,5,3,2,1,1,Muy Malo
2003-07-09,,58.50872896787401,91.54159022033761,52.479999888889374,11.381207948977794,5,3,2,1,1,Muy Malo
2003-07-10,,65.28869544977191,76.04198507266258,76.3122222909221,10.729196426236914,5,3,2,2,1,Muy Malo
2003-07-11,,73.60754455413137,92.24181824895913,55.03240736665917,13.470312487511407,5,3,2,1,1,Muy Malo
2003-07-12,,73.25959577103575,59.91312960825094,66.37272030787638,10.323189263549896,5,3,2,2,1,Muy Malo
2003-07-13,,39.989613087404344,49.88836304062889,85.76867276761267,8.812232143112592,5,2,1,2,1,Muy Malo
2003-07-14,,46.94590080607761,52.622740935489354,59.046422954573416,8.74577211189842,5,2,2,1,1,Muy Malo
2003-07-15,,42.21609092914697,42.055869901054024,51.126970259697885,8.583888041450107,5,2,1,1,1,Muy Malo
2003-07-16,,17.942533502280266,40.538437511239735,55.98040118923894,7.823229143129928,5,1,1,1,1,Muy Malo
2003-07-17,,33.45730649857294,62.21989583117621,47.40941363241937,9.246458342121471,5,2,2,1,1,Muy Malo
2003-07-18,,49.327611871263876,77.80909221938678,42.42097226502719,12.023273801164967,5,2,2,1,1,Muy Malo
2003-07-19,,33.560194949517545,64.54836579706,50.22314807919808,10.255367325878572,5,2,2,1,1,Muy Malo
2003-07-20,,33.23944937898999,55.56690469419672,52.08905867753941,9.249776773509526,5,2,2,1,1,Muy Malo
2003-07-21,,36.4948881724197,64.74977671248573,47.8726235523268,9.629611930028716,5,2,2,1,1,Muy Malo
2003-07-22,,57.51496270800845,79.17389536900306,41.42836424404824,12.23437499964521,5,3,2,1,1,Muy Malo
2003-07-23,,52.20859062475064,73.93815861133758,43.210586334544196,11.707649708508017,5,3,2,1,1,Muy Malo
2003-07-24,,41.3421162258495,63.4862499559919,58.59770071727258,10.191889882797287,5,2,2,1,1,Muy Malo
2003-07-25,,48.76831842426743,64.72974714672281,43.852530817190804,10.42483629499163,5,2,2,1,1,Muy Malo
2003-07-26,,28.2487331339215,39.07659225449676,39.16856480159877,8.218005957348007,5,2,1,1,1,Muy Malo
2003-07-27,,20.921026792554628,31.762113071268512,43.89637347283187,7.501741058503588,5,1,1,1,1,Muy Malo
2003-07-28,,33.4261158999233,66.2459672817162,63.728503033334825,9.193809525242873,5,2,2,2,1,Muy Malo
2003-07-29,,47.72517235454233,58.2929491611298,77.73284138211552,9.108892219776878,5,2,2,2,1,Muy Malo
2003-07-30,,43.3588674633407,56.742559547935215,59.49589505386941,9.319330349830645,5,2,2,1,1,Muy Malo
2003-07-31,,46.582805919647214,64.67358616349243,45.716481486956276,10.264642863046555,5,2,2,1,1,Muy Malo
2003-08-01,,52.82155004236986,77.10700898440112,37.02515437941492,11.525223195552826,5,3,2,1,1,Muy Malo
2003-08-02,,58.33745164984918,66.78233620595364,59.49055556640213,11.631413692519779,5,3,2,1,1,Muy Malo
2003-08-03,,49.149343352887165,45.06002977388271,66.9742966378122,9.20885245348764,5,2,1,2,1,Muy Malo
2003-08-04,,46.869357131165415,53.57260417441527,74.61217599297747,9.059985140604633,5,2,2,2,1,Muy Malo
2003-08-05,,62.99854502597593,67.06736498464367,70.02238750531691,10.194260097939871,5,3,2,2,1,Muy Malo
2003-08-06,,45.38225044294548,59.66755941084453,75.88220665116368,9.529851201034727,5,2,2,2,1,Muy Malo
2003-08-07,,42.7654259707361,64.77553897061034,73.616074110662,13.098479882437852,5,2,2,2,1,Muy Malo
2003-08-08,,45.46994031061892,65.14657653058255,69.38654322830247,10.194687495628992,5,2,2,2,1,Muy Malo
2003-08-09,,52.73408348265419,58.37526784198625,72.096311783717,9.394211295814742,5,3,2,2,1,Muy Malo
2003-08-10,,37.615454597018335,44.24194935602801,89.01324071302827,8.196413681265854,5,2,1,2,1,Muy Malo
2003-08-11,,50.1069940463418,60.93282746771971,77.08938265950592,9.146116063353562,5,3,2,2,1,Muy Malo
2003-08-12,,53.49400302271048,70.8115475305489,72.49836412440112,10.194613107613154,5,3,2,2,1,Muy Malo
2003-08-13,,54.47761185418314,76.772906195389,70.27958330990356,11.209404764430863,5,3,2,2,1,Muy Malo
2003-08-14,,72.62081564733269,88.70755944791294,59.20378082861871,12.565558861247117,5,3,2,1,1,Muy Malo
2003-08-15,,61.666626790744154,52.36879468744709,67.95376529903324,9.345104168923129,5,3,2,2,1,Muy Malo
2003-08-16,,35.05174103201855,27.874493989916076,63.41929014818168,7.217630410691843,5,2,1,2,1,Muy Malo
2003-08-17,,23.521235159820034,37.85575887401189,57.70509246653981,7.425550591732774,5,1,1,1,1,Muy Malo
2003-08-18,,34.718000005608175,48.90280601800378,54.27303406845305,8.49729851537676,5,2,1,1,1,Muy Malo
2003-08-19,,52.27361736561329,71.09735118704182,47.712685148289175,11.243511918400015,5,3,2,1,1,Muy Malo
2003-08-20,,44.993462665757136,65.16818461815517,48.9418055722375,10.665669655161244,5,2,2,1,1,Muy Malo
2003-08-21,,65.30443451234272,46.21120541791121,57.83496910701563,8.554374990851752,5,3,1,1,1,Muy Malo
2003-08-22,,35.345888743260545,49.974472924887415,52.00864061228931,7.716536149292825,5,2,1,1,1,Muy Malo
2003-08-23,,22.212746885087753,43.49932103502898,48.18636228736394,7.301172842582067,5,1,1,1,1,Muy Malo
2003-08-24,,33.1122102674782,46.51106643455659,64.6000963460959,8.048547133688212,5,2,1,2,1,Muy Malo
2003-08-25,,36.52646424593079,51.32112115440947,71.13077158740187,8.34189395994851,5,2,2,2,1,Muy Malo
2003-08-26,,28.03185631914767,46.272571020596764,51.66582558311035,8.425613778704655,5,2,1,1,1,Muy Malo
2003-08-27,,43.30308042165904,61.89151515888445,43.13930820219172,11.052696950146647,5,2,2,1,1,Muy Malo
2003-08-28,,28.577268643516692,36.27326296391444,44.216153847740806,7.543761341323305,5,2,1,1,1,Muy Malo
2003-08-29,,20.428646663436314,29.191559232871928,53.99666139302127,7.319925036700233,5,1,1,1,1,Muy Malo
2003-08-30,,30.442252649019842,45.967413982824716,36.883763626426415,8.640358747031835,5,2,1,1,1,Muy Malo
2003-08-31,,18.66505991163368,37.10171130884971,41.677391413205896,7.893497036237802,5,1,1,1,1,Muy Malo
2003-09-01,,27.703556479797477,49.325997000826256,36.810138917079676,8.618690466774362,5,2,1,1,1,Muy Malo
2003-09-02,,24.82180591928425,48.16664681527014,42.229366336392104,8.895991047519507,5,1,1,1,1,Muy Malo
2003-09-03,,39.01831334669198,49.250416564799494,51.47944437832008,9.320044648789224,5,2,1,1,1,Muy Malo
2003-09-04,,33.254836303137594,42.06721734397468,57.23807096775667,8.358690478617238,5,2,1,1,1,Muy Malo
2003-09-05,,28.77146050329535,56.63443454532396,42.60546299134508,8.85514881284464,5,2,2,1,1,Muy Malo
2003-09-06,,33.69133930369502,53.84270829139721,55.156682111598826,8.901309535262131,5,2,2,1,1,Muy Malo
2003-09-07,,31.385122610016104,32.672251234740976,55.52570749200964,7.860842253858791,5,2,1,1,1,Muy Malo
2003-09-08,,19.546899647879382,32.08737324771061,45.049023615469146,8.247632781724828,5,1,1,1,1,Muy Malo
2003-09-09,,19.988226511794657,28.01983612091815,53.76282839060198,7.958882271799352,5,1,1,1,1,Muy Malo
2003-09-10,,30.533503013456652,51.09200286223749,38.62296296895286,9.652570998187556,5,2,2,1,1,Muy Malo
2003-09-11,,40.642083349327244,53.6035863061746,31.099907447158554,10.169419641296068,5,2,2,1,1,Muy Malo
2003-09-12,,30.561488118554866,47.86345456152251,30.52645671930839,9.38575113091013,5,2,1,1,1,Muy Malo
2003-09-13,,36.40858633958158,61.52732530988096,45.11502349708855,10.766102733568843,5,2,2,1,1,Muy Malo
2003-09-14,,43.93848208976643,51.85617691430374,50.08146605088755,10.76738097057456,5,2,2,1,1,Muy Malo
2003-09-15,,31.70177085520256,51.814693621277634,70.65212961626642,8.962950820539108,5,2,2,2,1,Muy Malo
2003-09-16,,49.495402996575656,78.84335869786224,55.072531658825994,10.972702286989634,5,2,2,1,1,Muy Malo
2003-09-17,,60.81983618863991,98.14851294808395,35.60954179131024,13.947735577731146,5,3,2,1,1,Muy Malo
2003-09-18,,57.922955243978926,94.65828100341318,35.1958539987573,15.292122597829822,5,3,2,1,1,Muy Malo
2003-09-19,,65.60872018408207,83.23660211662599,42.091959880457985,12.529701924359568,5,3,2,1,1,Muy Malo
2003-09-20,,51.87239585533028,56.26651783145609,55.91608958727057,9.042537313788685,5,3,2,1,1,Muy Malo
2003-09-21,,52.524345282287825,57.51701933936106,35.28506170875497,10.818571421362105,5,3,2,1,1,Muy Malo
2003-09-22,,33.71296565063664,54.86521595814189,35.46379257429495,8.75783258453791,5,2,2,1,1,Muy Malo
2003-09-23,,41.19971724706037,57.332366053547176,39.11831788065625,8.744553572010426,5,2,2,1,1,Muy Malo
2003-09-24,,44.507138608287235,61.24140302458806,41.047222241575334,9.213751871667814,5,2,2,1,1,Muy Malo
2003-09-25,,64.53809520673184,86.16869050832022,27.811682121437272,11.615907733639082,5,3,2,1,1,Muy Malo
2003-09-26,,60.508488021210994,85.61089289897964,29.94493825476111,11.710267849621319,5,3,2,1,1,Muy Malo
2003-09-27,,38.60399408454156,62.70617552101612,46.38949072250613,8.21747024250882,5,2,2,1,1,Muy Malo
2003-09-28,,30.42794643945637,48.89383926207111,37.65731475529847,7.783377977354186,5,2,1,1,1,Muy Malo
2003-09-29,,29.00242917726008,48.2581845890908,33.01253089897426,8.19040298995687,5,2,1,1,1,Muy Malo
2003-09-30,,31.818513491132236,51.84553226430913,22.2166925268884,7.4443562923077335,5,2,2,1,1,Muy Malo
2003-10-01,,18.8616393461668,42.77086434669893,25.318549389088595,6.719041897508198,5,1,1,1,1,Muy Malo
2003-10-02,,19.341220264633495,47.00927084329582,23.890277767622912,6.608229176274368,5,1,1,1,1,Muy Malo
2003-10-03,,20.59648284613642,51.189806537259194,26.66993828835311,7.2281940207552555,5,1,2,1,1,Muy Malo
2003-10-04,,17.039062512417633,46.41580349277882,31.419907413882974,7.583457533897479,5,1,1,1,1,Muy Malo
2003-10-05,,16.035573785599937,39.349806330776076,38.41791337571888,7.479865878953664,5,1,1,1,1,Muy Malo
2003-10-06,,22.476029874495605,45.22622031753971,41.887824067363034,8.02575892848628,5,1,1,1,1,Muy Malo
2003-10-07,,34.68166911708616,63.58453862936724,28.931052669098502,10.589775785380594,5,2,2,1,1,Muy Malo
2003-10-08,,33.589090894835536,58.659077369741034,19.081589478953386,10.248616058911596,5,2,2,1,1,Muy Malo
2003-10-09,,28.977108760313556,53.73219393758632,22.918933503778863,9.709865878484644,5,2,2,1,1,Muy Malo
2003-10-10,,48.54281194962953,78.73029941784408,18.478763487092127,12.839955149210088,5,2,2,1,1,Muy Malo
2003-10-11,,40.8330044397146,67.77497752531357,25.949674962105767,10.343731354955416,5,2,2,1,1,Muy Malo
2003-10-12,,24.020505917569,43.04650297831921,21.23320984987565,6.83489583716506,5,1,1,1,1,Muy Malo
2003-10-13,,31.441473110091117,59.129283574801775,10.556275106287076,7.766711306713876,5,2,2,1,1,Muy Malo
2003-10-14,,25.74311375974895,59.77269050358657,19.046207401774616,7.976029858660342,5,2,2,1,1,Muy Malo
2003-10-15,,36.92019346728921,63.27294467133435,16.570308633608583,9.827619060164405,5,2,2,1,1,Muy Malo
2003-10-16,,26.90819134662326,63.120074571068606,14.747932134219157,8.811636909487701,5,2,2,1,1,Muy Malo
2003-10-17,,25.396462686026275,65.93991071269626,16.193796301881473,8.774761927269754,5,2,2,1,1,Muy Malo
2003-10-18,,26.404836331804592,57.80529757553623,22.27805561121599,8.255357154778071,5,2,2,1,1,Muy Malo
2003-10-19,,12.26922385265578,34.528003033866824,39.152515489378096,6.357306546753361,5,1,1,1,1,Muy Malo
2003-10-20,,15.53285713529303,42.46758564680415,38.05862645013833,6.95041665718669,5,1,1,1,1,Muy Malo
2003-10-21,,26.041994007925194,55.57852014190947,18.505524664749334,8.996919643666063,5,2,2,1,1,Muy Malo
2003-10-22,,28.32766367623671,57.5951790126402,23.68009254777873,10.672366093311991,5,2,2,1,1,Muy Malo
2003-10-23,,17.277511181845572,50.78576981932237,38.39967597303567,11.297217277543885,5,1,2,1,1,Muy Malo
2003-10-24,,32.325282689361345,67.76073242267329,21.195910478999586,14.572678558173633,5,2,2,1,1,Muy Malo
2003-10-25,,19.918590934348828,48.92645843823751,26.700216084350775,11.016473205671424,5,1,1,1,1,Muy Malo
2003-10-26,,15.5386707744053,55.45352674878779,22.981867289653533,9.034017860179855,5,1,2,1,1,Muy Malo
2003-10-27,,24.444714058864246,66.93614004621207,17.43748457122732,10.990163924974762,5,1,2,1,1,Muy Malo
2003-10-28,,17.744117667800502,61.56438981351398,24.398950543300604,9.333764889055775,5,1,2,1,1,Muy Malo
2003-10-29,,13.936414192780461,48.469463479856444,34.15275109127463,9.470804775880453,5,1,1,1,1,Muy Malo
2003-10-30,,15.713984526220218,40.33997015675087,38.517038774120714,9.34164671234028,5,1,1,1,1,Muy Malo
2003-10-31,,11.686450642016199,41.90904324792426,41.48183647129271,8.141056546143123,5,1,1,1,1,Muy Malo
2003-11-01,,12.660740762029166,38.22382438040915,39.672268476751114,10.33316963520788,5,1,1,1,1,Muy Malo
2003-11-02,,22.412006159623463,56.33995533840997,19.189537043924684,12.772752969392709,5,1,2,1,1,Muy Malo
2003-11-03,,47.51393192618993,69.59115440162762,10.091238393687611,16.094014928590006,5,2,2,1,1,Muy Malo
2003-11-04,,46.75509470701218,72.43246190961008,10.062665597873531,19.353738564488374,5,2,2,1,1,Muy Malo
2003-11-05,,40.695872958122735,68.23365299741609,11.459905049091653,16.777960423828077,5,2,2,1,1,Muy Malo
2003-11-06,,56.307515416616276,73.24099849979497,12.431419752814152,16.833005947371323,5,3,2,1,1,Muy Malo
2003-11-07,,68.32904982938201,92.98665173563366,10.315364321627358,20.58195811928833,5,3,2,1,1,Muy Malo
2003-11-08,,49.53087973705045,70.59644342036475,11.568487659648612,14.812976182926269,5,2,2,1,1,Muy Malo
2003-11-09,,15.831033990706926,54.173363073950725,23.42547839180923,10.280669633831296,5,1,2,1,1,Muy Malo
2003-11-10,,23.062078730703337,61.8956949026563,23.369952832510933,10.944795761093971,5,1,2,1,1,Muy Malo
2003-11-11,,40.164444515734544,70.06985114585785,12.613395076475026,15.248407751676583,5,2,2,1,1,Muy Malo
2003-11-12,,46.70622254912756,67.241742291595,9.889658919415732,13.673867048453708,5,2,2,1,1,Muy Malo
2003-11-13,,41.502067852167436,62.92614585445041,12.080756188726719,14.425982192158699,5,2,2,1,1,Muy Malo
2003-11-14,,43.5003875769386,68.93885249210363,7.722058816775449,14.198850730639785,5,2,2,1,1,Muy Malo
2003-11-15,,17.83463677390834,51.766974649557234,16.403044812461875,10.712869946732114,5,1,2,1,1,Muy Malo
2003-11-16,,10.068148148096638,46.683095303319746,21.303148161114,10.689077386189075,5,1,1,1,1,Muy Malo
2003-11-17,,13.661944424664533,49.37075300604464,33.0339688109234,13.276204811880387,5,1,1,1,1,Muy Malo
2003-11-18,,21.693472180101608,56.866116063935415,28.5418083442971,14.751862897958201,5,1,2,1,1,Muy Malo
2003-11-19,,51.33751928067022,74.01426829942842,16.39773147654386,22.586145801203592,5,3,2,1,1,Muy Malo
2003-11-20,,89.78228746352276,71.4019667485478,8.488055548366205,25.421278217860632,5,3,2,1,1,Muy Malo
2003-11-21,,78.20223759721827,69.4521941341571,7.062793223118341,19.19908818713931,5,3,2,1,1,Muy Malo
2003-11-22,,25.400077642491144,48.31902835401184,18.11699688619135,11.581210760079514,5,2,1,1,1,Muy Malo
2003-11-23,,10.861631314867278,47.91789804249311,26.994895664876385,8.757310672742323,5,1,1,1,1,Muy Malo
2003-11-24,,24.260879102456887,61.44337370319915,14.596159866237342,13.33663651198823,5,1,2,1,1,Muy Malo
2003-11-25,,19.920540988537407,53.74784231469745,26.42060175758821,14.314813158080895,5,1,2,1,1,Muy Malo
2003-11-26,,32.02533954418736,62.64949333117012,13.532731502512355,14.376317355804101,5,2,2,1,1,Muy Malo
2003-11-27,,14.812766640779593,45.13970154043454,36.756831516254074,11.49385308111268,5,1,1,1,1,Muy Malo
2003-11-28,,24.91279321053514,60.39725783116416,20.380309107130426,13.344828624839044,5,1,2,1,1,Muy Malo
2003-11-29,,20.727700623097242,47.40915182658604,17.62848765173076,9.749627990736847,5,1,1,1,1,Muy Malo
2003-11-30,,8.821388887034523,37.10956848093441,29.82013888123595,8.895833350718021,5,1,1,1,1,Muy Malo
2003-12-01,,14.057314804490701,52.39324407776197,30.381188208122314,11.314017850373473,5,1,2,1,1,Muy Malo
2003-12-02,,40.9676080721396,79.71389888014112,7.674043232368098,17.905684510866802,5,2,2,1,1,Muy Malo
2003-12-03,,40.48895054393344,74.03351176636559,9.457932111657696,16.925014864830743,5,2,2,1,1,Muy Malo
2003-12-04,,32.88229942910465,67.85900300457364,6.0072222290399635,17.287187511012668,5,2,2,1,1,Muy Malo
2003-12-05,,41.23589792229443,60.190119347643495,15.469566589723062,15.078340807659565,5,2,2,1,1,Muy Malo
2003-12-06,,39.339134669456726,55.97418219071847,12.98522434823024,13.323564841423506,5,2,2,1,1,Muy Malo
2003-12-07,,16.939166652850616,56.24773146340876,18.25158654153347,12.00540123603962,5,1,2,1,1,Muy Malo
2003-12-08,,21.640817314386368,59.08459879660312,9.249230773785175,13.382608035464346,5,1,2,1,1,Muy Malo
2003-12-09,,13.151135674598466,56.181474097956276,15.204267718097356,12.28153263129667,5,1,2,1,1,Muy Malo
2003-12-10,,34.75478390521474,65.65819942880245,23.617021597645902,18.04933035870393,5,2,2,1,1,Muy Malo
2003-12-11,,91.25152766630973,98.93822922025409,4.677839496621379,27.479613110423088,5,4,2,1,1,Muy Malo
2003-12-12,,118.27467500019368,124.72501508086475,4.862885796729429,35.23596725151653,5,4,3,1,1,Muy Malo
2003-12-13,,74.18264712342537,95.57260402469407,5.542222229234966,28.500595197081566,5,3,2,1,1,Muy Malo
2003-12-14,,73.60683161176891,99.41328871959732,5.506651226937035,31.200193486043386,5,3,2,1,1,Muy Malo
2003-12-15,,79.19507718233415,102.91265665025854,5.530231484108501,31.950104235893203,5,3,3,1,1,Muy Malo
2003-12-16,,46.35263147627237,77.39440486544655,6.374506166319788,24.054005978531546,5,2,2,1,1,Muy Malo
2003-12-17,,36.398715187152476,70.31605121681282,7.665524699345783,20.658854155490797,5,2,2,1,1,Muy Malo
2003-12-18,,21.116300299994347,61.61491055275077,13.905162785219591,13.523970148100782,5,1,2,1,1,Muy Malo
2003-12-19,,31.97504631439109,65.28702374299367,12.938919761758527,15.280520851413408,5,2,2,1,1,Muy Malo
2003-12-20,,39.56179020618215,61.735089250973296,7.105617289833816,16.031577390574274,5,2,2,1,1,Muy Malo
2003-12-21,,48.4470216024805,65.20193449372337,5.93334876773534,19.970639891567686,5,2,2,1,1,Muy Malo
2003-12-22,,19.527047943939934,54.91529061719664,22.68471404343521,15.897898648072994,5,1,2,1,1,Muy Malo
2003-12-23,,22.08052632904643,58.606880474802274,21.490185746375253,16.279298491086532,5,1,2,1,1,Muy Malo
2003-12-24,,26.179043192922332,69.1684226890405,14.482299381016214,20.455863135024195,5,2,2,1,1,Muy Malo
2003-12-25,,22.223287019096773,54.828348242201,12.27052468944479,20.80883926011267,5,1,2,1,1,Muy Malo
2003-12-26,,33.825987571691094,63.885825835056494,8.178343761526047,19.969474441296345,5,2,2,1,1,Muy Malo
2003-12-27,,35.99069288584191,60.85037883700746,9.948050323522315,17.54999997362946,5,2,2,1,1,Muy Malo
2003-12-28,,10.715239570166634,34.54627981391691,40.697160491972795,12.62101189153535,5,1,1,1,1,Muy Malo
2003-12-29,,17.672868207998054,53.028958439826965,23.458333352097757,15.015758911413807,5,1,2,1,1,Muy Malo
2003-12-30,,13.928840803768388,42.83873317387349,32.8789953887002,14.252131172868072,5,1,1,1,1,Muy Malo
2003-12-31,,12.33315786756229,44.14294645793381,31.50711417823662,15.359389884131295,5,1,1,1,1,Muy Malo
2004-01-01,,30.86410210929788,55.77215785284837,12.896574064721296,17.038794645241328,5,2,2,1,1,Muy Malo
2004-01-02,,24.35680552305263,65.4989583222639,15.92083332935969,18.860654763522604,5,1,2,1,1,Muy Malo
2004-01-03,,14.758333325570012,54.052172645926476,25.579660446187596,16.22395833173678,5,1,2,1,1,Muy Malo
2004-01-04,,26.323626511626774,64.79002985783985,14.026141970613857,22.06877974562702,5,2,2,1,1,Muy Malo
2004-01-05,,40.87496126342962,78.95311937189814,7.709938156733742,25.237078981143707,5,2,2,1,1,Muy Malo
2004-01-06,,37.42597226430605,73.11318463938576,8.078780861088523,23.372157705681666,5,2,2,1,1,Muy Malo
2004-01-07,,50.31599992662668,76.3322338836304,6.284650078272189,22.60631976911565,5,3,2,1,1,Muy Malo
2004-01-08,,42.33760435577522,57.67520178380034,9.85833852409576,13.83150969848861,5,2,2,1,1,Muy Malo
2004-01-09,,18.698533944325682,44.98420270118202,15.828070987521865,13.238614023353588,5,1,1,1,1,Muy Malo
2004-01-10,,26.843818415311954,51.30271484409522,15.305336461380614,16.73013574001836,5,2,2,1,1,Muy Malo
2004-01-11,,30.169984532655484,46.591997030062046,6.191282837615684,12.467287636194072,5,2,1,1,1,Muy Malo
2004-01-12,,31.873446720460837,50.253596909366436,5.560556412480161,12.034828642974489,5,2,2,1,1,Muy Malo
2004-01-13,,12.9552160549311,38.23383007390666,10.565324083522514,10.407537314607136,5,1,1,1,1,Muy Malo
2004-01-14,,16.964166640683455,47.409552877599545,15.705177763882892,12.589776472611861,5,1,1,1,1,Muy Malo
2004-01-15,,39.083919698073544,74.10107461445367,7.498160744008178,18.33652759344496,5,2,2,1,1,Muy Malo
2004-01-16,,48.650360017688435,73.60473682719066,7.961053456337947,19.357280988347494,5,2,2,1,1,Muy Malo
2004-01-17,,15.378916434643807,48.600298517141766,21.016692419509063,11.770892868794146,5,1,1,1,1,Muy Malo
2004-01-18,,10.719208881447587,29.39063542693538,48.242175321623755,9.095520375181287,5,1,1,1,1,Muy Malo
2004-01-19,,22.226719827219178,51.685516696570495,30.584589919363285,14.919300933150534,5,1,2,1,1,Muy Malo
2004-01-20,,51.487755418931,85.7500451405843,9.088935174691825,22.314047563643683,5,3,2,1,1,Muy Malo
2004-01-21,,84.24123643244252,109.50244428290695,5.1877006124935034,31.742499990832236,5,3,3,1,1,Muy Malo
2004-01-22,,78.02324075242619,100.51396421668426,5.32524691466932,28.534538696919167,5,3,3,1,1,Muy Malo
2004-01-23,,76.36461418352009,91.00268270717115,7.035740729467369,27.72700892104989,5,3,2,1,1,Muy Malo
2004-01-24,,31.08304010184459,68.06460501362422,11.056234570565048,21.620684571918986,5,2,2,1,1,Muy Malo
2004-01-25,,23.578071002239064,52.776184710234006,11.933040108577705,15.920997010810035,5,1,2,1,1,Muy Malo
2004-01-26,,9.30431675966482,33.33835576236337,25.51462732486843,8.479327354374131,5,1,1,1,1,Muy Malo
2004-01-27,,12.577681609154485,39.97597609937813,33.23433645492719,10.137663712531017,5,1,1,1,1,Muy Malo
2004-01-28,,15.899629621594041,49.64571642235144,38.93904314217744,11.74090774862894,5,1,1,1,1,Muy Malo
2004-01-29,,54.40412031665996,91.99989575999123,7.490833347778262,21.795729171307315,5,3,2,1,1,Muy Malo
2004-01-30,,36.64078708085013,72.96476193836757,6.802577163150281,16.52529763252962,5,2,2,1,1,Muy Malo
2004-01-31,,26.065864188435636,60.85860118411836,7.83043212250427,10.992991079709359,5,2,2,1,1,Muy Malo
2004-02-01,,21.27447533276346,49.7060714051837,7.435972232509543,10.981235127718676,5,1,1,1,1,Muy Malo
2004-02-02,,33.45618236230735,61.05776124641077,8.066522409226831,17.992280170743406,5,2,2,1,1,Muy Malo
2004-02-03,,43.81762345282384,66.95610125008083,9.380123458894683,19.551636914589576,5,2,2,1,1,Muy Malo
2004-02-04,,55.605679002073074,78.50933041175206,8.282839513487286,22.82830356629122,5,3,2,1,1,Muy Malo
2004-02-05,,47.73081784630999,76.89162437393485,9.171234565384594,21.95843751444703,5,2,2,1,1,Muy Malo
2004-02-06,,51.83001539258309,77.88333337438837,9.789722220213324,20.823735126072453,5,3,2,1,1,Muy Malo
2004-02-07,,56.2369598823565,78.17312963460135,8.221296313000314,20.806354177494843,5,3,2,1,1,Muy Malo
2004-02-08,,46.44322785961477,56.34218846845772,18.234511023440195,16.622386003700072,5,2,2,1,1,Muy Malo
2004-02-09,,57.632480164590056,61.43436821628379,9.732267736074492,15.588952946192578,5,3,2,1,1,Muy Malo
2004-02-10,14.038571467647305,37.07287985727757,66.59522787923146,15.140458126580358,17.515644905418835,1,2,2,1,1,Bueno
2004-02-11,22.009761972796348,45.24029964415433,89.31503025739026,12.26758291681796,22.748768994782832,2,2,2,1,1,Bueno
2004-02-12,38.467362070376154,78.38014018424204,101.52543674032373,8.013547883443593,27.896646605039898,3,3,3,1,1,Regular
2004-02-13,27.9049102617595,56.674459809138455,89.2673659835543,10.659321003490025,22.97616991680532,2,3,2,1,1,Regular
2004-02-14,26.199107187134878,46.019537103028945,79.19613086609613,13.36594138837155,19.81937497428485,2,2,2,1,1,Bueno
2004-02-15,30.881964376994542,42.367820742694086,67.33608054972619,17.31928899409782,17.10488825085977,3,2,2,1,1,Regular
2004-02-16,38.74863105799471,50.847573381303086,70.17620532853263,10.666882704069584,13.199360120864142,3,3,2,1,1,Regular
2004-02-17,19.019226155243814,37.753919808217034,71.01385411478225,19.420324097444983,16.64464286998624,2,2,2,1,1,Bueno
2004-02-18,20.770419246422318,42.11306605623953,71.26144166926152,12.32492041815618,17.72748104918166,2,2,2,1,1,Bueno
2004-02-19,9.263273781076784,17.20613599413145,49.575111780720924,37.297666127383245,12.153815176510065,1,1,1,1,1,Muy Bueno
2004-02-20,14.607305405003403,21.441452891601845,55.890745113929945,21.34398762188518,12.192131141636482,1,1,2,1,1,Bueno
2004-02-21,10.701390733041906,13.35265404503869,46.691562976750326,20.079622061797014,9.959059187783456,1,1,1,1,1,Muy Bueno
2004-02-22,13.563818180651376,16.839736438167186,54.303991004134154,31.301565921768663,10.311479821511627,1,1,2,1,1,Bueno
2004-02-23,14.065870941069818,22.010063096833907,65.96286362590212,26.63393361685212,12.298803068652298,1,1,2,1,1,Bueno
2004-02-24,12.117664648833388,12.742519572680358,58.18944763212062,19.60356036354514,10.70971640864415,1,1,2,1,1,Bueno
2004-02-25,16.678928568959236,18.63486700233346,65.70581834656852,13.667669729502112,11.954419655104479,2,1,2,1,1,Bueno
2004-02-26,9.764047557754177,13.33145063250889,61.568184509163814,22.500555552082297,11.69095238936799,1,1,2,1,1,Bueno
2004-02-27,10.229101785910343,17.7936842153685,58.41071637210561,30.03174383184056,11.515238822396121,1,1,2,1,1,Bueno
2004-02-28,8.333511914170924,12.135231507413181,39.084580859738196,51.30972219102176,11.9551190414599,1,1,1,1,1,Muy Bueno
2004-02-29,7.431964286026501,9.475565911263459,37.09213114069045,53.549659368792554,10.801104490792573,1,1,1,1,1,Muy Bueno
2004-03-01,9.843797440770306,15.526970635794415,49.51354165659065,44.991589536637434,12.02547619243463,1,1,1,1,1,Muy Bueno
2004-03-02,17.572261906628096,29.188719077610674,66.4377014202858,38.45873460311581,15.86918152584916,2,2,2,1,1,Bueno
2004-03-03,29.995059589544933,54.03061717380712,94.24869691819856,15.648379674480285,22.74764885788872,2,3,2,1,1,Regular
2004-03-04,29.10553564060302,52.695740790278826,92.40130952142533,12.741635789519842,22.580431542226247,2,3,2,1,1,Regular
2004-03-05,26.59670658382827,47.862561618104394,87.44440770327955,15.215524726167873,20.26528277283623,2,2,2,1,1,Bueno
2004-03-06,16.88810458448198,32.43967491886564,47.17205747064772,39.423765394422745,12.375074383048783,2,2,1,1,1,Bueno
2004-03-07,10.909192568767144,15.70689814105446,49.59937500811758,42.78250008563936,12.460892870312644,1,1,1,1,1,Muy Bueno
2004-03-08,23.268928589565412,40.79492282425916,74.97997028061322,17.99675928350584,16.251130946335337,2,2,2,1,1,Bueno
2004-03-09,25.528905221145518,42.90142206486078,71.26477610317629,16.965232196976157,16.03444776819713,2,2,2,1,1,Bueno
2004-03-10,12.268682636186748,22.852376563681496,52.639492496803626,34.69996908057954,11.96531343744762,1,1,2,1,1,Bueno
2004-03-11,11.67863098070735,20.640465126111526,46.48632439119475,40.14665124298614,10.357976196067673,1,1,1,1,1,Muy Bueno
2004-03-12,13.804642893728756,18.364334381401722,60.03113108021872,20.23554010781241,9.067872025427365,1,1,2,1,1,Bueno
2004-03-13,7.877321430615017,9.501811125699211,47.807336303449816,40.07952160857342,9.497351189454397,1,1,1,1,1,Muy Bueno
2004-03-14,10.282797677176339,13.409876539383406,43.97068453686578,39.509691278967594,11.643467262032486,1,1,1,1,1,Muy Bueno
2004-03-15,15.868690524427663,36.088083513553215,48.86023942867439,37.842021647610785,12.46494782130871,2,2,1,1,1,Bueno
2004-03-16,28.092944835592633,84.17864895866525,61.52446256324426,23.075557264196615,14.308388054548804,2,3,2,1,1,Regular
2004-03-17,28.993392898922874,78.54155870425848,62.03882096134015,19.939027803731552,11.477812516547385,2,3,2,1,1,Regular
2004-03-18,37.765654751232695,97.04716057836274,70.11566962656521,14.169290115803848,15.861458337732724,3,4,2,1,1,Malo
2004-03-19,24.280476212501526,45.523765425623196,51.24526781837145,34.09881168787862,12.647321421475638,2,2,2,1,1,Bueno
2004-03-20,24.206607154437474,35.305170848502875,59.66568861750071,30.48990683674072,13.857260503454837,2,2,2,1,1,Bueno
2004-03-21,20.819464281910943,32.834018576089896,55.61182625993283,30.551530075497016,12.794038753395819,2,2,2,1,1,Bueno
2004-03-22,10.444880986852306,17.708792573896353,47.90460267774705,48.441856556861154,10.506481195033942,1,1,1,1,1,Muy Bueno
2004-03-23,9.743354882732515,16.004692924304273,51.034719297846095,48.55181961836694,10.18683411106127,1,1,2,1,1,Bueno
2004-03-24,12.803377524906436,16.818466430654922,51.57734749666074,40.865573191339045,10.313941728849352,1,1,2,1,1,Bueno
2004-03-25,8.186845257523514,14.471010877778333,43.488923738533785,60.40051964737299,10.581834579051886,1,1,1,2,1,Bueno
2004-03-26,12.154702358302616,19.740201555481253,47.11756722179811,50.9458386113372,9.70751868110423,1,1,1,1,1,Muy Bueno
2004-03-27,11.525178619793483,13.583441376686096,39.807009023569876,48.117885722054375,8.848392867305805,1,1,1,1,1,Muy Bueno
2004-03-28,11.263975173790262,11.110807755459492,37.59322984914602,38.32578355237625,7.717593169094335,1,1,1,1,1,Muy Bueno
2004-03-29,11.98874995289814,12.76266354081044,50.420090693388694,36.71690404599665,9.19262686852199,1,1,2,1,1,Bueno
2004-03-30,11.486144570342029,13.082810592438493,51.92752648557625,31.263786684416544,8.9630253588567,1,1,2,1,1,Bueno
2004-03-31,9.811137716927215,13.859721765820357,45.68426230269999,48.7466769690123,9.096080481917243,1,1,1,1,1,Muy Bueno
2004-04-01,11.320059514471463,15.314790668783262,59.941000100747864,37.211302324043686,8.63271642549714,1,1,2,1,1,Bueno
2004-04-02,10.7564670447104,15.048203140124679,50.76705258663436,52.406793623121956,8.583639102950132,1,1,2,1,1,Bueno
2004-04-03,13.397857095514025,19.371128298215556,50.59639881480308,41.150927677282,9.125476207761537,1,1,2,1,1,Bueno
2004-04-04,19.77624996716068,31.62679684869945,64.91338350683226,24.59690618664026,13.043999977398636,2,2,2,1,1,Bueno
2004-04-05,18.738143799547665,37.3125400928439,71.56114014712247,23.50939200439453,13.059999998618714,2,2,2,1,1,Bueno
2004-04-06,20.40096970507593,41.889617829565786,72.86404288161951,27.94933115429939,13.19777945756547,2,2,2,1,1,Bueno
2004-04-07,18.618795127035625,35.67528856897875,63.05878388774288,35.492819349528105,11.542912908502528,2,2,2,1,1,Bueno
2004-04-08,7.932678584541593,15.122962967665107,28.229672608631,62.06400317054996,8.202336324112755,1,1,1,2,1,Bueno
2004-04-09,5.3207142651081085,9.480771606719053,22.051279749543895,71.38262334870703,6.861473224347546,1,1,1,2,1,Bueno
2004-04-10,7.378095241529601,10.771640877790126,29.019582080841065,72.56232190353583,7.524089552039531,1,1,1,2,1,Bueno
2004-04-11,10.781011885120755,13.470000001567382,32.79407736375218,73.12064807556202,7.730104165417807,1,1,1,2,1,Bueno
2004-04-12,12.242499980188551,20.343101843639655,51.21071423944973,43.47350305093475,10.520982139167332,1,1,2,1,1,Bueno
2004-04-13,11.502440449027787,20.20816359328635,48.10790185417448,48.94428135106884,9.836607147185575,1,1,1,1,1,Muy Bueno
2004-04-14,12.659285702875682,22.75616695302347,46.320074475824214,50.84527036610421,9.51477612061287,1,1,1,1,1,Muy Bueno
2004-04-15,19.783712572680262,42.35939722267516,55.227675085451494,49.08029413887591,10.254232501486197,2,2,2,1,1,Bueno
2004-04-16,21.500833382973305,36.59944801225271,60.85262451560249,39.2195618107845,9.29891402048493,2,2,2,1,1,Bueno
2004-04-17,17.491011961585,22.781381970606976,37.72083961123648,56.58685934394598,8.10817091316655,2,1,1,1,1,Bueno
2004-04-18,7.166309534439018,12.316774696111679,29.552008895646956,61.050865608168166,7.307142851962929,1,1,1,2,1,Bueno
2004-04-19,9.225773794310433,16.450927318892855,35.974724327221004,59.43406485921633,8.277391961363495,1,1,1,1,1,Muy Bueno
2004-04-20,12.090838309533583,20.791823792862928,38.58955154504476,44.24445981964653,8.5173770581912,1,1,1,1,1,Muy Bueno
2004-04-21,18.95649996101856,31.81821429100096,57.78129659999501,26.77265432913914,11.38426231236465,2,2,2,1,1,Bueno
2004-04-22,11.377730057283413,16.938487655586666,40.240833351654665,51.37602788108578,8.575267851352692,1,1,1,1,1,Muy Bueno
2004-04-23,12.603988133370876,22.01904325886273,48.66141370009808,47.06165378502753,9.264940478262448,1,1,1,1,1,Muy Bueno
2004-04-24,12.067380947016535,20.783641922805046,51.86596720417341,49.305579600415236,8.181398821373781,1,1,2,1,1,Bueno
2004-04-25,16.570718488293494,26.19043342616905,59.817767744263016,49.94121918790502,8.579062487752665,2,2,2,1,1,Bueno
2004-04-26,22.281428479012988,39.347306486622834,70.23623133564854,47.36654741100353,9.72534848018126,2,2,2,1,1,Bueno
2004-04-27,19.124107139451162,39.24273149613981,68.801927827927,43.28580749886377,9.014834334333258,2,2,2,1,1,Bueno
2004-04-28,19.82945123605612,36.913426788796514,73.86265449466389,39.76318251361341,8.117380246787729,2,2,2,1,1,Bueno
2004-04-29,12.235476155366216,16.88733231221644,55.915476519969516,42.60957682001927,6.729713853044682,1,1,2,1,1,Bueno
2004-04-30,12.099551304028584,16.342999990024264,44.81048929035117,59.31462637684493,8.265984738328076,1,1,1,1,1,Muy Bueno
2004-05-01,9.619047657364892,16.09027778219294,35.01456844664755,61.95339498254988,6.365714284635725,1,1,1,2,1,Bueno
2004-05-02,11.075773794026603,15.402206809064488,48.81607150179999,27.745370350042244,7.326741080198969,1,1,1,1,1,Muy Bueno
2004-05-03,8.735476147915636,11.267488081049654,45.67968561977683,50.2291666769687,7.765178570435161,1,1,1,1,1,Muy Bueno
2004-05-04,14.105868356670449,22.86378207153235,57.538925402911744,54.50408953851388,9.082797615655831,1,1,2,1,1,Bueno
2004-05-05,9.979107167039599,19.119674437914707,38.47644247887558,55.393720944722496,7.135964135239833,1,1,1,1,1,Muy Bueno
2004-05-06,9.826309499996048,14.605817907110408,43.127462707704574,56.58879638454061,7.500267852275145,1,1,1,1,1,Muy Bueno
2004-05-07,11.213690479596456,14.911236467833128,50.35441968696458,60.2274537851781,8.058020847893896,1,1,2,2,1,Bueno
2004-05-08,9.93071429786228,14.356512333691857,49.98675597423599,53.719104911810085,8.15116072233234,1,1,1,1,1,Muy Bueno
2004-05-09,16.098392875421617,25.904428992006515,56.102217236445064,39.855493873725706,8.63968750160365,2,2,2,1,1,Bueno
2004-05-10,11.930714283670698,16.42353944561028,54.17367562190408,35.324320993305726,7.4171577379817055,1,1,2,1,1,Bueno
2004-05-11,11.458988093904086,12.839151244472575,48.267704897594875,38.150740712513155,7.103244052401611,1,1,1,1,1,Muy Bueno
2004-05-12,15.750184040859432,22.514813100251825,64.49013458987523,32.24758564256062,8.784902832076867,2,1,2,1,1,Bueno
2004-05-13,13.793353303463872,21.209489148836756,59.70671641435196,46.8023040675818,8.549179110064435,1,1,2,1,1,Bueno
2004-05-14,16.022023833933332,23.68477521571078,50.28730532937421,54.99560928829014,7.179476830635013,2,1,2,1,1,Bueno
2004-05-15,16.79255943638938,24.52703701051665,46.65336313843727,58.46791668916926,6.602842264586971,2,1,1,1,1,Bueno
2004-05-16,16.492559552192688,26.552828459319596,56.62916547957192,61.73368830960474,7.121207147703441,2,2,2,2,1,Bueno
2004-05-17,20.42952383132208,39.42081916977117,75.18475403764387,44.23981273044104,8.089612523418603,2,2,2,1,1,Bueno
2004-05-18,17.769879474697344,27.774179546456587,66.1282686874048,56.063034011114496,7.671701496038864,2,2,2,1,1,Bueno
2004-05-19,16.363614455763116,29.765541847276246,69.23838789356289,52.55345203522189,8.040910454294576,2,2,2,1,1,Bueno
2004-05-20,14.576726224450837,28.631459636347635,66.16934133718114,49.955776531133594,7.866781427474793,1,2,2,1,1,Bueno
2004-05-21,19.515297595943725,41.289212716846016,70.34860392007553,36.215338621740266,8.039742024064244,2,2,2,1,1,Bueno
2004-05-22,10.593511927695502,16.20769466937888,45.530899523258924,41.58637633627718,5.8669848391504,1,1,1,1,1,Muy Bueno
2004-05-23,11.7423214082207,16.220689080655575,39.04856482111377,47.60985576113065,5.957275637831444,1,1,1,1,1,Muy Bueno
2004-05-24,15.663353292171113,22.398761915782142,62.00722146507438,33.50942951450257,6.38167962909301,2,1,2,1,1,Bueno
2004-05-25,14.1919642750706,19.6359282495823,60.91804515006847,29.04790952090354,6.172036205841225,1,1,2,1,1,Bueno
2004-05-26,16.550238197048504,27.448237993986197,72.99211941050059,19.036126537087522,7.353934415584172,2,2,2,1,1,Bueno
2004-05-27,18.354047623418627,31.023075724127118,74.5351935156754,25.497330238789687,7.718318449954192,2,2,2,1,1,Bueno
2004-05-28,22.20839277051744,35.03466046665922,73.61785707232498,30.93615737134292,8.09163689081158,2,2,2,1,1,Bueno
2004-05-29,22.55392858953703,35.629327116624474,68.66485669566136,34.398247287120434,7.8458974508858015,2,2,2,1,1,Bueno
2004-05-30,17.56154762705167,26.51447116220609,55.296188321378494,34.30383017219794,7.232376539228875,2,2,2,1,1,Bueno
2004-05-31,17.805808418525192,28.787594912172874,59.94604858873825,37.98501578753679,7.450562316958303,2,2,2,1,1,Bueno
2004-06-01,20.919758946062572,35.92599071216288,68.66237313427142,41.133544911910136,7.982373131566973,2,2,2,1,1,Bueno
2004-06-02,21.589047585569677,34.602395703287726,53.62997007583824,41.169860895855535,7.472637859080126,2,2,2,1,1,Bueno
2004-06-03,13.617023812518234,33.90128086728078,72.4052687232174,51.54584875224549,8.192127979937053,1,2,2,1,1,Bueno
2004-06-04,11.913095197507314,27.794466789944277,56.94532749340648,59.837654347037095,7.147901790127868,1,2,2,1,1,Bueno
2004-06-05,14.80505951032752,28.728101820121577,57.38324413625967,44.5233024465449,7.327053570321628,1,2,2,1,1,Bueno
2004-06-06,13.566964278618494,27.033503079855883,45.80744051507541,64.571527964539,6.693095254401366,1,2,1,2,1,Bueno
2004-06-07,24.658598747982342,40.56819483266471,62.93394495952384,41.56474609185779,6.043195096395349,2,2,2,1,1,Bueno
2004-06-08,20.95595242402383,36.14399688920857,63.99007433369046,53.63759263430113,6.722470235966501,2,2,2,1,1,Bueno
2004-06-09,18.8847619167396,41.42041786388716,61.07643818180181,50.85534786772691,7.1133383169859465,2,2,2,1,1,Bueno
2004-06-10,24.546845211869194,58.280334392171,63.60813705398855,46.836904040062024,7.0321556922204485,2,3,2,1,1,Regular
2004-06-11,29.249642939794633,67.96764423373418,77.0644710756805,39.17326124484609,7.504605074753171,2,3,2,1,1,Regular
2004-06-12,23.96898809501103,47.56869991097366,54.90967253985859,49.14399693188844,6.176845231936092,2,2,2,1,1,Bueno
2004-06-13,10.838750032087168,17.165288457503685,33.99072918508734,55.949104963261405,5.184568460853327,1,1,1,1,1,Muy Bueno
2004-06-14,9.281616807697775,24.480368601588104,39.886577397584915,64.44805904500973,5.676796400261496,1,1,1,2,1,Bueno
2004-06-15,13.159047618508339,25.90432475540799,48.16323386396985,61.01350313719408,5.809120708712878,1,2,1,2,1,Bueno
2004-06-16,14.624821390424456,27.46793266901603,54.388616025447845,61.35732610590491,6.08157738049825,1,2,2,2,1,Bueno
2004-06-17,16.713734994451684,27.293665618758492,62.55505219870282,63.72430130376579,6.61779939735721,2,2,2,2,1,Bueno
2004-06-18,17.499523800753412,35.720176320427505,81.35169646711577,48.22225657791775,8.414732140444574,2,2,2,1,1,Bueno
2004-06-19,22.388511910325004,33.699230758043434,41.12925983807832,81.39640301992726,5.594047619473367,2,2,1,2,1,Bueno
2004-06-20,18.938392830746515,22.316153798347866,32.540972187195294,60.72780522459994,6.186889874793234,2,1,1,2,1,Bueno
2004-06-21,18.43940469764528,30.25847511230273,56.6727921307901,39.23300935493575,7.363497036553564,2,2,2,1,1,Bueno
2004-06-22,17.87425152984208,32.803509597594925,57.415178624647005,34.80909927966802,7.887916674216588,2,2,2,1,1,Bueno
2004-06-23,15.820479027525394,26.968461518868423,43.84184786850578,38.9429212169264,6.210178569314026,2,2,1,1,1,Bueno
2004-06-24,13.78064936786503,22.643397128182734,48.50756024632109,31.631768393591162,6.2886295297059664,1,1,1,1,1,Muy Bueno
2004-06-25,21.289349144027078,31.5082177104258,57.24650988484731,40.35223633623499,6.668528064067881,2,2,2,1,1,Bueno
2004-06-26,22.89333331088225,36.13779871081406,61.705698937315,47.393495989221286,6.383530297062614,2,2,2,1,1,Bueno
2004-06-27,20.956666762630146,32.816839560772635,62.23772598649854,56.92021946450199,7.264024014229531,2,2,2,1,1,Bueno
2004-06-28,24.997634367917172,49.55585734427279,72.06212900838544,46.95016897248255,7.363634922012451,2,2,2,1,1,Bueno
2004-06-29,26.224450304870206,48.971217505343546,75.58861855173036,51.663462887304114,7.66113004079175,2,2,2,1,1,Bueno
2004-06-30,26.734816713794988,48.660943108070185,95.09741899992989,34.97735725977682,9.875610506331903,2,2,2,1,1,Bueno
2004-07-01,25.990624929467838,45.58870198405706,82.61820983371616,50.1262659577605,9.016111103104956,2,2,2,1,1,Bueno
2004-07-02,23.884764458496534,42.59158476294504,69.72203644430746,59.54720388524717,7.981504569662378,2,2,2,1,1,Bueno
2004-07-03,21.979685878254354,41.83281301309742,43.76660713624386,80.29428787423362,6.045327379944778,2,2,1,2,1,Bueno
2004-07-04,18.362656249975164,33.313101852749604,49.653040254169355,68.1618576271246,6.348883919063068,2,2,1,2,1,Bueno
2004-07-05,25.470677070319653,53.51407410553944,71.24002987084197,49.17647604411684,7.81031251202027,2,3,2,1,1,Regular
2004-07-06,32.36875660612777,71.50561139613484,59.54509148655868,36.57490630969405,6.48493993210721,3,3,2,1,1,Regular
2004-07-07,15.734322921683392,28.160030932846542,36.5432224540595,54.87240751290027,6.319880952792508,2,2,1,1,1,Bueno
2004-07-08,9.574843727362653,15.916407428670263,35.883025318961565,49.29869769709979,5.77080477154557,1,1,1,1,1,Muy Bueno
2004-07-09,16.272968793908756,27.498595704267053,59.997157833760696,43.65338511200425,7.309672615003018,2,2,2,1,1,Bueno
2004-07-10,14.94850259031204,28.313567046064453,57.238834113461735,43.233198840795836,7.242840048087196,1,2,2,1,1,Bueno
2004-07-11,15.235104143619537,22.408117292103945,36.62553565310581,55.33241109464784,5.8536904738062905,2,1,1,1,1,Bueno
2004-07-12,13.952984243163264,20.303641953770025,41.83159233239435,52.4145749370687,6.096875001632032,1,1,1,1,1,Muy Bueno
2004-07-13,17.40791667873661,27.60220679677563,55.97007438782159,55.35071208233435,7.263675595323245,2,2,2,1,1,Bueno
2004-07-14,16.631145777801674,32.658950603302614,48.498154739538826,46.28811718836243,6.8856994069757915,2,2,1,1,1,Bueno
2004-07-15,27.138833385043675,47.93586144393577,67.95405305793774,55.473678172711274,7.760376761060682,2,2,2,1,1,Bueno
2004-07-16,27.008089946896842,55.51316742715156,74.08507393616173,53.60547181754333,7.728571419645413,2,3,2,1,1,Regular
2004-07-17,21.894218772649765,31.78760865420402,44.95295528177255,60.349068194974876,5.697108632840288,2,2,1,2,1,Bueno
2004-07-18,17.13869791912536,26.467550006310145,48.8462422328925,60.571292899439264,6.441037735474184,2,2,1,2,1,Bueno
2004-07-19,19.70041666117807,35.99683872076773,65.26871752338555,35.02637659890365,8.007716896690008,2,2,2,1,1,Bueno
2004-07-20,15.191242952804782,27.849340672395666,61.54600614570814,41.44149610367347,6.983205509514897,2,2,2,1,1,Bueno
2004-07-21,24.048684219310157,42.56049532122656,76.15947690174006,38.508972026245246,8.250239510379151,2,2,2,1,1,Bueno
2004-07-22,26.77921871592601,49.04492256589718,78.11208948590863,34.87053036689758,8.436238790625957,2,2,2,1,1,Bueno
2004-07-23,44.51901043454806,104.08751963071958,81.23107723328702,25.97297945226618,9.52056230672587,3,4,2,1,1,Malo
2004-07-24,69.10322902599971,153.5038449214055,66.11090348471544,32.84483251769387,7.6489892767180345,4,4,2,1,1,Malo
2004-07-25,32.40605396193427,59.82831918525372,50.05602169627376,67.07121361459343,8.032329199106798,3,3,2,2,1,Regular
2004-07-26,17.916235956917987,34.12982174836256,49.99074300080999,59.97197099494626,6.3014705913723805,2,2,1,1,1,Bueno
2004-07-27,21.720604369928548,38.26600318309067,67.95743555364189,59.52789560375334,7.182503789256303,2,2,2,1,1,Bueno
2004-07-28,26.86216363572238,56.22160451184216,75.20789383800465,43.51797042813902,8.280655220406661,2,3,2,1,1,Regular
2004-07-29,30.51636368450634,56.5299044982049,72.96185288129868,58.27252809944153,8.12082696034021,3,3,2,1,1,Regular
2004-07-30,34.19136354056272,58.78207602856087,72.84746568839968,58.38898238127486,7.827938915937001,3,3,2,1,1,Regular
2004-07-31,28.42351187978472,48.50603866270007,58.00038575831755,70.11518518974624,7.325447540224334,2,2,2,2,1,Bueno
2004-08-01,24.374285709290277,45.45915066737395,50.36319443546695,67.4265321477767,7.103194440956469,2,2,2,2,1,Bueno
2004-08-02,24.81638031064367,47.01731324461193,54.8846341953045,45.09207928294227,6.832251159191862,2,2,2,1,1,Bueno
2004-08-03,20.286290344051135,36.51278121322393,46.6329253267886,51.386401851600574,6.60001506844917,2,2,1,1,1,Bueno
2004-08-04,13.47197917724649,20.217069816404535,42.21548430468393,53.621708445414484,5.903802391119346,1,1,1,1,1,Muy Bueno
2004-08-05,21.07546866933505,30.8555279066844,52.356716325389804,61.03252373725649,6.180410341470075,2,2,2,2,1,Bueno
2004-08-06,21.42697914565603,39.03709174314888,71.35743668644332,51.66488330434677,7.580506709933103,2,2,2,1,1,Bueno
2004-08-07,22.14356017861691,39.1544204207808,50.96386911897432,63.87089472962324,7.111443451117902,2,2,2,2,1,Bueno
2004-08-08,19.464374986787636,42.4878857680309,34.89430052751587,45.45838511508444,5.583437499900659,2,2,1,1,1,Bueno
2004-08-09,11.782275118525066,22.43745655697104,37.47226582048883,28.41347555262971,4.793867074470866,1,1,1,1,1,Muy Bueno
2004-08-10,8.48084210471103,15.218401895293706,38.65867377744942,41.49153350412655,4.957728657962345,1,1,1,1,1,Muy Bueno
2004-08-11,12.266318656586028,23.5414241136333,41.288853709334525,42.27354334470794,5.84055806860485,1,1,1,1,1,Muy Bueno
2004-08-12,9.470471221739086,17.083148152739913,31.20370645927048,41.572597222602575,5.291475410788318,1,1,1,1,1,Muy Bueno
2004-08-13,14.583544960728398,27.933938032342482,63.11641456788679,43.01576321945755,6.671492544572745,1,2,2,1,1,Bueno
2004-08-14,15.342368463466041,25.203204369028285,56.80455219069523,51.51739875670534,6.922820894042058,2,2,2,1,1,Bueno
2004-08-15,18.07584331337228,30.253717920719048,53.640648092384694,51.98033814979252,7.10248456435439,2,2,2,1,1,Bueno
2004-08-16,10.060598838828994,19.407291639691746,31.340725281356292,37.052270514185686,5.393688274386489,1,1,1,1,1,Muy Bueno
2004-08-17,9.777555558416578,17.47234923498971,33.08283102857105,28.763068367832226,5.072234042872049,1,1,1,1,1,Muy Bueno
2004-08-18,11.159791671981415,21.167434324621233,34.06057316253628,36.14758937614702,5.429269741615489,1,1,1,1,1,Muy Bueno
2004-08-19,8.406718730305633,15.234256614914896,29.97559574574547,43.83878539864573,5.145429864008862,1,1,1,1,1,Muy Bueno
2004-08-20,9.019635424017906,15.280331214707733,40.72080426476613,46.685873132281834,5.7958270092473585,1,1,1,1,1,Muy Bueno
2004-08-21,10.337604148934284,19.133225300797708,46.86511943375886,49.50641190168824,6.236934527754784,1,1,1,1,1,Muy Bueno
2004-08-22,19.579947868982952,34.678179033008625,56.20848769538196,45.32604975314756,6.668735122751622,2,2,2,1,1,Bueno
2004-08-23,25.979166666666668,52.92739538739818,70.79783342968334,32.90553459056518,7.644737630769767,2,3,2,1,1,Regular
2004-08-24,30.83559777684834,66.60154916870762,81.79566665707212,31.535198073001748,8.93813638976126,3,3,2,1,1,Regular
2004-08-25,16.724835142984496,34.36750787515252,77.79460353095357,41.95098095453238,8.358469703341976,2,2,2,1,1,Bueno
2004-08-26,22.40062507862846,39.73867288268643,85.94823887668439,49.39287041278786,9.294217569462056,2,2,2,1,1,Bueno
2004-08-27,21.7885416559875,40.676018515486774,71.60480647853443,53.900901962401896,7.979642865558465,2,2,2,1,1,Bueno
2004-08-28,17.86765628742675,31.875046360639878,57.94565479386421,64.79018657500414,7.8779762007650875,2,2,2,2,1,Bueno
2004-08-29,21.25338541343808,35.0009259386563,46.561383944891745,66.47026450823105,8.116741087465059,2,2,1,2,1,Bueno
2004-08-30,19.641878433319746,40.87441125732015,61.456560590772916,41.66886940085964,7.559167930830986,2,2,2,1,1,Bueno
2004-08-31,19.610165763296475,38.783838900344634,73.33193647771307,36.76757618473965,8.571147299182508,2,2,2,1,1,Bueno
2004-09-01,24.562552047272522,48.61203707809801,74.88958273559321,34.36761454251517,9.33894259944063,2,2,2,1,1,Bueno
2004-09-02,22.127000029463517,45.37528960805544,59.289672106815345,35.523485891074415,7.869156620947711,2,2,2,1,1,Bueno
2004-09-03,23.76427071293195,41.134236252401756,53.05581218190769,27.416835445014737,6.363081559673897,2,2,2,1,1,Bueno
2004-09-04,24.521403532279166,67.18181235839528,37.19389990211799,31.316550114575556,5.273080426391231,2,3,1,1,1,Regular
2004-09-05,23.714895730217297,61.936203688751036,37.47741076350212,39.12574768214954,5.43113093468405,2,3,1,1,1,Regular
2004-09-06,20.2263829974418,36.027374186605776,72.92115788997565,35.89995295511123,8.132180448403036,2,2,2,1,1,Bueno
2004-09-07,24.680685834884642,51.34618631398112,51.00886186591048,38.18515307104722,6.3410518245726095,2,3,2,1,1,Regular
2004-09-08,31.402343715230625,74.99529691913537,38.620000025848064,41.618212565515734,5.257881102765479,3,3,1,1,1,Regular
2004-09-09,28.802565422357688,63.74103833768314,42.70938156093408,38.21596523440337,5.779879336623225,2,3,1,1,1,Regular
2004-09-10,27.13640623042981,51.28193695939432,62.853899797286175,32.551061865290635,7.7822458262870455,2,3,2,1,1,Regular
2004-09-11,22.289322959259152,40.27142196387006,66.64068447195348,32.928693597136906,8.145119036237398,2,2,2,1,1,Bueno
2004-09-12,15.714764361294153,28.41026231388987,47.253348212866555,54.4912403846896,6.555848213533561,2,2,1,1,1,Bueno
2004-09-13,23.346354129413765,46.71222567079241,74.91482862168381,27.897511693746644,9.220566317505702,2,2,2,1,1,Bueno
2004-09-14,18.720052084575098,36.9522464996939,64.56504485492935,31.924785358490738,8.264940124428914,2,2,2,1,1,Bueno
2004-09-15,10.361249981758496,21.839148634358455,38.55634866368398,40.79409012787079,6.5750372651437,1,1,1,1,1,Muy Bueno
2004-09-16,13.504218764603138,26.27728972108193,55.200492598405525,38.42996888713184,7.665552242122479,1,2,2,1,1,Bueno
2004-09-17,31.38021504750816,56.96523364904885,100.32404194906086,30.067535048992884,11.414086814769014,3,3,3,1,1,Regular
2004-09-18,28.3029166162014,50.7914814448651,94.08373721084253,33.17125581401263,11.679791655568849,2,3,2,1,1,Regular
2004-09-19,21.68468749523163,34.93742283847597,74.74447914390336,37.43321930101463,9.996369042566844,2,2,2,1,1,Bueno
2004-09-20,24.96350784576376,43.38118568337094,68.35159393396593,33.53192488520358,8.55221052098095,2,2,2,1,1,Bueno
2004-09-21,29.39453134437402,51.4527315283999,90.03803280035892,34.72446339033996,10.258673638060978,2,3,2,1,1,Regular
2004-09-22,19.652552037189405,36.116971580764094,76.914198061873,31.911708537500854,9.478695674993466,2,2,2,1,1,Bueno
2004-09-23,18.48156254303952,37.057984541368114,72.84221564152998,31.28787502804771,9.433218559462153,2,2,2,1,1,Bueno
2004-09-24,20.75526051223278,45.81662518722273,67.5794319215555,26.23004664965032,9.887982076949958,2,2,2,1,1,Bueno
2004-09-25,7.723063617427914,14.967905512193996,32.25596363953285,40.82304275394809,6.442215474494853,1,1,1,1,1,Muy Bueno
2004-09-26,9.747185662121115,20.032186987404035,34.002825025570715,44.33045376889846,6.326581058303196,1,1,1,1,1,Muy Bueno
2004-09-27,14.36406780198469,29.49717072975345,51.513473570161146,30.92317591796869,8.444118552944403,1,2,2,1,1,Bueno
2004-09-28,25.26080648873442,52.53059939856785,89.65806060415326,22.514152185663747,11.883439427433592,2,3,2,1,1,Regular
2004-09-29,30.40765620643894,57.21466760325837,99.6426040657929,25.50984474775954,13.235476183039802,3,3,2,1,1,Regular
2004-09-30,37.19994782656431,69.33814813104676,109.5295955749329,22.207503829908003,15.814226190603915,3,3,3,1,1,Regular
2004-10-01,34.9671353896459,67.42376151321105,106.91446113300894,23.850775146576787,14.142593163847035,3,3,3,1,1,Regular
2004-10-02,28.610260469218094,57.20286170191735,91.20254146241204,28.0673228754772,11.937428137538292,2,3,2,1,1,Regular
2004-10-03,32.93713549897075,56.96145057678223,81.85701939530237,33.4278914675232,12.982098188073863,3,3,2,1,1,Regular
2004-10-04,33.55187503000101,65.72097359190032,96.48701668071604,21.626978200544077,12.917447756297554,3,3,2,1,1,Regular
2004-10-05,34.58549743921969,78.30887679785909,101.36781433670821,20.81006239859065,12.742968514583994,3,3,3,1,1,Regular
2004-10-06,34.83619805922111,72.88329726623677,97.22425538573222,20.76012455767189,12.936586828288918,3,3,2,1,1,Regular
2004-10-07,24.055520727609593,53.43339081481099,74.38467671243768,19.065909101297862,11.461201192380429,2,3,2,1,1,Regular
2004-10-08,27.0721874696513,70.59309111201597,60.9574107215518,25.086873083476313,9.09390460574325,2,3,2,1,1,Regular
2004-10-09,9.918062881337411,19.73319442735778,32.75111609129679,41.88358146164769,5.796979174727485,1,1,1,1,1,Muy Bueno
2004-10-10,5.001666676563521,9.972345694715594,28.981666677941877,44.286269359175265,5.3094642878997895,1,1,1,1,1,Muy Bueno
2004-10-11,9.786510396748781,15.22451312704101,36.84034271602659,38.642515564557186,5.815260800093013,1,1,1,1,1,Muy Bueno
2004-10-12,7.801822927780449,11.368716333634124,43.37120606225866,29.522811507645507,6.151175581225912,1,1,1,1,1,Muy Bueno
2004-10-13,14.049214663929964,26.24205328640893,73.1449699217623,20.576173175695374,9.257269989850833,1,2,2,1,1,Bueno
2004-10-14,9.933229196816683,18.322515397896,58.501428470370314,32.18559693125791,7.776294641906307,1,1,2,1,1,Bueno
2004-10-15,7.772552110254765,13.61557095286287,45.87374999587025,40.535503875377564,7.402083320631867,1,1,1,1,1,Muy Bueno
2004-10-16,8.506302096570531,13.003652033761004,38.462839868493674,43.645527467202015,6.9617824788540155,1,1,1,1,1,Muy Bueno
2004-10-17,11.468020836512247,16.98343593336195,54.43503908880415,31.257658563978303,7.684446180108557,1,1,2,1,1,Bueno
2004-10-18,27.213801970084507,48.95396750729258,89.6196874141693,7.832810471844829,12.051234383881091,2,2,2,1,1,Bueno
2004-10-19,22.326458364725113,28.321354049259455,56.11893754154444,11.963115836045482,6.67220311909914,2,2,2,1,1,Bueno
2004-10-20,15.408421079736007,21.06511111562214,42.13622735377514,19.023460308899956,6.223530304793155,2,1,1,1,1,Bueno
2004-10-21,15.530572904273868,21.517262796591822,55.74919158755662,16.12208139709837,6.934625746604211,2,1,2,1,1,Bueno
2004-10-22,20.47427802991102,32.413716039018766,63.45891109858554,13.332619791023266,8.618987736892116,2,2,2,1,1,Bueno
2004-10-23,30.28830605647603,46.38927566761107,65.95244321114015,13.961317432683611,10.510955982034593,3,2,2,1,1,Regular
2004-10-24,26.337552004183333,39.078940744340606,52.528048021657334,24.441128547849328,9.833948945855951,2,2,2,1,1,Bueno
2004-10-25,14.179062502458692,15.033661985621206,58.824459574244045,15.301536073692166,7.1633883151693505,1,1,2,1,1,Bueno
2004-10-26,12.878593757748604,19.38202159125128,60.36663127705251,28.862970481393496,8.483125004739989,1,1,2,1,1,Bueno
2004-10-27,17.092790732550068,20.71064005680084,69.6918251324285,8.115775996780396,8.36137402694644,2,1,2,1,1,Bueno
2004-10-28,11.2456969481526,18.86926043512737,52.83196303501748,26.172532266955223,7.551124800886321,1,1,2,1,1,Bueno
2004-10-29,10.795781251043081,14.476913580188045,52.65468748126711,33.49297972662772,7.287068454637414,1,1,2,1,1,Bueno
2004-10-30,10.257656288643679,14.564737675366578,49.062827335227105,24.77586315171344,7.414687507564113,1,1,1,1,1,Muy Bueno
2004-10-31,14.542604184399048,16.844305558337105,49.430639850241796,17.15503105299073,8.109479161245483,1,1,1,1,1,Muy Bueno
2004-11-01,17.430409369412917,20.608164560568483,61.18522870177176,14.80333334654332,12.002667657485823,2,1,2,1,1,Bueno
2004-11-02,26.981340869178986,36.52547462605223,78.66658059369468,12.070333848128447,14.99179999938378,2,2,2,1,1,Bueno
2004-11-03,33.62910526175248,46.09608488262824,78.75941093882766,6.511645578508135,12.0574735484217,3,2,2,1,1,Regular
2004-11-04,24.501250027368467,30.759720905067386,67.91277603604901,7.8172031253576275,12.108537310984596,2,2,2,1,1,Bueno
2004-11-05,16.296041661252577,18.396867308903623,52.2899852281525,19.39860253637622,14.311443420393127,2,1,2,1,1,Bueno
2004-11-06,19.328854233647387,26.101774705228983,55.15980658502806,28.108335998529224,14.420669670615878,2,2,2,1,1,Bueno
2004-11-07,16.96968753139178,22.865740720504597,60.85620543502626,16.8424261168781,14.99816962650844,2,1,2,1,1,Bueno
2004-11-08,26.53666660313805,39.44492917211037,80.64692895603613,10.2979397794524,17.98591527996554,2,2,2,1,1,Bueno
2004-11-09,16.01421877493461,21.934552473050577,59.3533630498818,17.77222049680556,15.11470237941969,2,1,2,1,1,Bueno
2004-11-10,12.960748654635832,18.963704284189678,59.64805391591466,23.557737975522247,13.197901057339143,1,1,2,1,1,Bueno
2004-11-11,9.274427074318131,16.328924239043033,46.777984741962314,32.41519042915768,11.042325243036798,1,1,1,1,1,Muy Bueno
2004-11-12,12.651406241580844,16.11508951080379,51.487507535172654,26.592192428345182,12.98998494291664,1,1,2,1,1,Bueno
2004-11-13,13.33630208298564,18.180758945643902,52.190074455170404,22.835776354770484,13.108363075625329,1,1,2,1,1,Bueno
2004-11-14,12.47687502639989,16.520312479564122,54.55175597469012,25.522701872987035,13.725520839648587,1,1,2,1,1,Bueno
2004-11-15,17.808541654298704,27.245493998784504,70.49858856773949,13.842291990666412,16.844084075263314,2,2,2,1,1,Bueno
2004-11-16,32.257340375413285,51.01529851956154,98.93566516197671,7.701015610061586,26.05665170629641,3,3,2,1,1,Regular
2004-11-17,35.48703127851089,55.4197316368717,94.42997022030958,6.3976324118929115,23.861793714075702,3,3,2,1,1,Regular
2004-11-18,39.4597312250445,62.462585703977545,97.33493819354493,6.132725805620994,22.771784596809972,3,3,2,1,1,Regular
2004-11-19,50.23010407884916,76.84336897294696,109.83485532060969,5.0966507886137284,29.190364731119033,3,3,3,1,1,Regular
2004-11-20,29.449479207396507,39.97253362468032,77.73759760011782,9.086111980871316,21.25118641640262,2,2,2,1,1,Bueno
2004-11-21,33.45796884472171,41.57345244394882,74.68372188590924,10.33967389527315,20.729938290001435,3,2,2,1,1,Regular
2004-11-22,40.99782604497412,57.724588969006845,84.18298505242191,6.645694229234586,19.42235923575484,3,3,2,1,1,Regular
2004-11-23,38.90361260618839,67.063287591281,91.04451531352419,6.045238845857086,22.079378812240833,3,3,2,1,1,Regular
2004-11-24,49.43473685415167,74.97090791839929,101.5740177532037,5.373993773170269,24.049970246496656,3,3,3,1,1,Regular
2004-11-25,56.59899469405886,81.875829536231,112.32735055803705,5.320494418889521,26.324717555883275,4,3,3,1,1,Malo
2004-11-26,46.14500005046526,70.43190478923775,95.00970184678647,5.341710732661732,23.154568438019073,3,3,2,1,1,Regular
2004-11-27,31.44177080442508,46.41626479618606,79.40130959947903,8.013157102776168,20.496354171207972,3,2,2,1,1,Regular
2004-11-28,28.40921875834465,36.27886737476695,65.06430699537479,8.16059282119858,14.374202672131194,2,2,2,1,1,Bueno
2004-11-29,36.006276442649515,44.9696124335515,68.89952313953292,5.900046654659704,15.471132608177765,3,2,2,1,1,Regular
2004-11-30,18.51860215106318,30.496571430765595,69.53774451922654,8.804072328333584,17.987142832476394,2,2,2,1,1,Bueno
2004-12-01,12.457664672486082,17.538241589834932,61.72341467403784,12.149377005168805,11.544542688058645,1,1,2,1,1,Bueno
2004-12-02,16.635425558115575,22.746836606530415,63.21431348359407,18.763063780071207,11.550776118484896,2,1,2,1,1,Bueno
2004-12-03,13.373854155341784,19.712771108710623,55.373057155724034,13.707742927590134,13.190496973603604,1,1,2,1,1,Bueno
2004-12-04,9.693174606908567,10.840639280220508,39.52153734093932,27.333710205023454,12.70146117253935,1,1,1,1,1,Muy Bueno
2004-12-05,7.663197697941647,9.176390163085427,32.79073732935705,32.24028848990416,11.39021506562211,1,1,1,1,1,Muy Bueno
2004-12-06,14.080595272637549,19.709454821649,50.73034103452697,17.908452762648803,14.14480620021968,1,1,2,1,1,Bueno
2004-12-07,17.602203411907798,26.93000001417037,55.91841937156164,11.941603945437118,17.135571176830407,2,2,2,1,1,Bueno
2004-12-08,12.828281243642172,17.85664606426009,47.04731487344812,16.15445887984675,15.208379638047866,1,1,1,1,1,Muy Bueno
2004-12-09,23.636911010867014,39.45502269863181,74.10740175276004,10.145624015003584,20.282930477868394,2,2,2,1,1,Bueno
2004-12-10,45.32619033288704,76.75290609845106,95.39795812018404,6.391368593435451,29.652533546112334,3,3,2,1,1,Regular
2004-12-11,23.415773865367687,39.74928579479456,72.71227680501484,7.927515533955201,23.9456101081201,2,2,2,1,1,Bueno
2004-12-12,18.691011976628076,28.082526960431704,63.296933795711475,11.190870970487595,21.25209547154525,2,2,2,1,1,Bueno
2004-12-13,16.480989010779414,22.96874816563293,66.99415511518853,22.940701739259502,16.75971079888772,2,1,2,1,1,Bueno
2004-12-14,19.39130437374115,30.009701902216133,73.06475396305545,10.239563174255181,17.286125178131012,2,2,2,1,1,Bueno
2004-12-15,18.432978723277436,30.80181551902067,72.62272315082096,13.08265209049219,16.780818446761085,2,2,2,1,1,Bueno
2004-12-16,24.99682534434808,37.00014903399699,76.75368651347374,10.263677625402412,16.989865648212717,2,2,2,1,1,Bueno
2004-12-17,28.64563158938759,45.00230538666605,78.95034280512621,12.502989030966363,20.250476895430403,2,2,2,1,1,Bueno
2004-12-18,11.413736822416908,14.739775476519933,43.59342297381528,22.395391831577385,14.516547096149804,1,1,1,1,1,Muy Bueno
2004-12-19,5.7912500115732355,9.350507470209207,33.904656732971986,39.791755517822075,10.503999990847573,1,1,1,1,1,Muy Bueno
2004-12-20,14.1003645354261,19.226615591217147,56.707031838970096,28.414713431695464,13.63885498046875,1,1,2,1,1,Bueno
2004-12-21,19.984656088566656,32.071651806788786,79.38299099604289,11.160327590757896,17.86779432147519,2,2,2,1,1,Bueno
2004-12-22,10.860160412635395,14.932089789179457,59.127391907903885,23.939967538048695,15.611839239711555,1,1,2,1,1,Bueno
2004-12-23,22.144427064806223,38.28728635522022,90.29890711436015,7.904874234454437,25.89094316602467,2,2,2,1,1,Bueno
2004-12-24,17.715312478442986,29.429862645928186,74.04089808355184,8.436330103912415,21.261095905594267,2,2,2,1,1,Bueno
2004-12-25,14.771933650443566,21.575574502441455,51.05128089218964,22.235227241144553,15.778163576567614,1,1,2,1,1,Bueno
2004-12-26,7.10362576532085,10.944027987090092,32.82419745679255,40.415299767999635,10.205879626450715,1,1,1,1,1,Muy Bueno
2004-12-27,10.982732250390809,19.435205477376325,49.722303041544826,35.485119671912855,13.939515111663125,1,1,1,1,1,Muy Bueno
2004-12-28,24.508848217457377,41.70723463102663,85.61898658883199,9.643228835820404,23.33275705584826,2,2,2,1,1,Bueno
2004-12-29,12.364374953322113,21.023035703493015,63.32211304278601,28.31647332559185,16.921845209740457,1,1,2,1,1,Bueno
2004-12-30,16.354687402645748,26.27130949763315,73.8286607889902,17.502979777904457,19.226934522390366,2,2,2,1,1,Bueno
2004-12-31,31.163749992847443,45.61093742400408,92.73345241943996,6.717921881470829,26.254583306255796,3,2,2,1,1,Regular
2005-01-01,28.354218877851963,41.4206906940128,70.59418158020291,9.281484379433095,23.69831843532267,2,2,2,1,1,Bueno
2005-01-02,14.540833363930384,19.1459523756944,52.722648803676876,14.303781260736287,18.622113105796632,1,1,2,1,1,Bueno
2005-01-03,12.925052111968398,22.525877953817446,63.30700900441124,18.721928500090936,17.470773801917122,1,1,2,1,1,Bueno
2005-01-04,24.055052117755015,40.71991065344405,75.68281259707042,9.993135704451158,20.33444940618106,2,2,2,1,1,Bueno
2005-01-05,35.182395892838635,56.15550083109082,89.96303582475299,6.649174448764213,24.603526802290055,3,3,2,1,1,Regular
2005-01-06,23.26302083954215,34.33461196529331,73.64299107023648,13.68869157195834,22.395580325807845,2,2,2,1,1,Bueno
2005-01-07,25.67421868691842,41.192164190847485,89.71037866563508,9.379032755418798,29.40610122538748,2,2,2,1,1,Bueno
2005-01-08,25.642604152361553,37.759776760070096,88.76142427560055,8.93045385454742,27.85976181995301,2,2,2,1,1,Bueno
2005-01-09,22.13759359063949,31.29686460357097,82.9439815996628,11.16694887853659,25.768829833410432,2,2,2,1,1,Bueno
2005-01-10,31.79597896747488,58.5220859328662,99.90910470467598,7.941031747394138,27.371517447672773,3,3,2,1,1,Regular
2005-01-11,44.32666669951545,76.75575983053282,112.86504559950394,6.131160575369393,29.10669196031886,3,3,3,1,1,Regular
2005-01-12,50.283193648173544,84.1225336162948,119.27505212051095,6.209031252935529,30.819686146238638,3,3,3,1,1,Regular
2005-01-13,58.352000186317845,98.42254950545217,133.6029190588854,5.669843006358604,33.9007933953565,4,4,3,1,1,Malo
2005-01-14,47.270624965429306,76.64238698545745,116.59732325847884,6.758044154956138,28.204736880969286,3,3,3,1,1,Regular
2005-01-15,32.43447929620743,52.58734566856314,89.88788696981612,7.277332301816776,23.646845247064316,3,3,2,1,1,Regular
2005-01-16,26.680208342770737,38.20364198898034,84.93526383654564,12.168076310514078,25.575128136716817,2,2,2,1,1,Bueno
2005-01-17,29.560416651889682,53.89708400849495,99.60398176883129,8.313550952133859,27.695623122450066,2,3,2,1,1,Regular
2005-01-18,30.43031404155711,59.40399042259908,85.4155098016585,17.24447618268785,23.217686486207914,3,3,2,1,1,Regular
2005-01-19,16.331614502395194,26.634874616670757,75.86089681759366,15.130031257867813,19.32088188775808,2,2,2,1,1,Bueno
2005-01-20,13.188932613710339,23.915546421903574,66.50532729497978,20.76976562179625,18.79282738481249,1,1,2,1,1,Bueno
2005-01-21,29.127709463321963,55.66409528118215,99.64750365063661,7.370944898898207,28.27315792571333,2,3,2,1,1,Regular
2005-01-22,30.011302121604484,49.69008088535561,102.34523743984344,8.150947046413851,29.15260336190964,3,2,3,1,1,Regular
2005-01-23,17.852472543061435,31.709934559274227,77.04081133635665,12.184959075064588,23.862589726767933,2,2,2,1,1,Bueno
2005-01-24,13.699161987064937,29.476784001541137,61.455276050450614,24.04863123310169,16.839907972359217,1,2,2,1,1,Bueno
2005-01-25,8.094635441278418,15.252921135016534,42.31081972036916,42.95507789178058,11.566929956839799,1,1,1,1,1,Muy Bueno
2005-01-26,7.762031251564622,15.093879418542617,39.87378545951559,41.451124989241364,11.268077477257583,1,1,1,1,1,Muy Bueno
2005-01-27,13.154166648164392,23.063787166314878,53.407500071697925,31.17535654451881,13.892108435731336,1,1,2,1,1,Bueno
2005-01-28,18.584010448927682,37.04979556161653,79.63357994131451,18.91762284733792,20.785604255076983,2,2,2,1,1,Bueno
2005-01-29,11.841562498360872,18.17527739106192,59.417492489080054,26.562607321905976,16.523731138771033,1,1,2,1,1,Bueno
2005-01-30,10.120052093019089,14.04230170820957,47.55988096552236,37.54308773058709,15.02123511547134,1,1,1,1,1,Muy Bueno
2005-01-31,15.661666690682372,30.630531235411762,72.73117563767093,25.77089623685153,19.915089255997113,2,2,2,1,1,Bueno
2005-02-01,21.875104161600273,43.89097028495001,91.53076230321408,13.478789273954037,24.04221225461974,2,2,2,1,1,Bueno
2005-02-02,12.772513411899302,23.900777721026586,64.17416784854336,22.25198714358684,17.919328243313856,1,1,2,1,1,Bueno
2005-02-03,10.306510459631681,21.278941515121037,57.08001541721154,31.74145189447854,15.82074359479913,1,1,2,1,1,Bueno
2005-02-04,16.99614583576719,32.842623414264786,67.3717818985337,26.199241964278684,16.566086319230852,2,2,2,1,1,Bueno
2005-02-05,19.456927053630352,36.70827149167473,72.88651796181996,20.37217529353588,16.088958361319133,2,2,2,1,1,Bueno
2005-02-06,15.274843787153563,20.470385783616408,63.675595199777966,22.769436632523515,10.412931547633239,2,1,2,1,1,Bueno
2005-02-07,14.022968741133809,17.43751937622248,74.37879109880818,17.79216644004151,11.757529953996578,1,1,2,1,1,Bueno
2005-02-08,14.492670207123481,25.288887114300056,61.98444113326322,24.155382221091,14.712089569888898,1,2,2,1,1,Bueno
2005-02-09,15.660364599277576,26.596398787852234,60.00828869853701,26.47007804430219,16.073095270565577,2,2,2,1,1,Bueno
2005-02-10,22.632656297336023,43.11286381600608,88.16112951772759,13.973385840513576,20.584894575986517,2,2,2,1,1,Bueno
2005-02-11,24.72881077044719,48.53178634179646,100.69004595407483,9.875401935585058,23.24474730571963,2,2,3,1,1,Regular
2005-02-12,30.943403177236387,57.211346742907544,106.94035834981435,11.104397482901858,25.845701487384627,3,3,3,1,1,Regular
2005-02-13,25.801197914406657,41.23074074218302,79.56519348706517,25.726948429721062,22.131205376415025,2,2,2,1,1,Bueno
2005-02-14,8.455081948817101,17.01299692607074,46.94856926065977,46.15034379512072,12.312101347791101,1,1,1,1,1,Muy Bueno
2005-02-15,10.483421045855472,16.296955140701954,55.95546944414983,36.4597659795407,12.469746653617939,1,1,2,1,1,Bueno
2005-02-16,12.292135449747244,16.93984572492816,47.98192823093568,44.05668757324877,11.756023931218191,1,1,1,1,1,Muy Bueno
2005-02-17,19.011518359184265,26.367679146405692,71.20619964883863,26.123900204106537,15.175812185432445,2,2,2,1,1,Bueno
2005-02-18,21.48354161530733,28.094783922220454,75.79177873694131,26.447946709525247,17.8523951968747,2,2,2,1,1,Bueno
2005-02-19,16.821979185566306,22.510987718532114,64.97208331170536,28.084321387658438,16.137217263380688,2,1,2,1,1,Bueno
2005-02-20,11.59859374538064,14.980633663431018,61.1211309312355,31.69721870813519,14.87666669629869,1,1,2,1,1,Bueno
2005-02-21,8.771847832462061,12.5582629272449,51.48501517765472,43.938864254801054,11.940648562228517,1,1,2,1,1,Bueno
2005-02-22,13.695449741429123,23.00995311718434,55.81353821175388,32.61544743587308,11.811949031463806,1,1,2,1,1,Bueno
2005-02-23,14.869531301160654,14.309259864288991,67.2231969761126,24.438732191802206,10.603131624285284,1,1,2,1,1,Bueno
2005-02-24,12.790156227846941,14.939082415255937,61.60697142187802,32.2225826843517,12.80216217792786,1,1,2,1,1,Bueno
2005-02-25,17.28828126937151,21.96364754908236,68.93236526757657,38.370125809180664,14.290879270181215,2,1,2,1,1,Bueno
2005-02-26,16.57499999801318,21.781366460441802,69.32497760034285,35.418197437513584,13.648609881265637,2,1,2,1,1,Bueno
2005-02-27,13.738489589343468,16.112438326264606,58.95674099240984,37.85423428677022,14.633898797489348,1,1,2,1,1,Bueno
2005-02-28,10.172708361099163,18.36947367951597,39.70938716911236,56.54650468886086,11.740224239893914,1,1,1,1,1,Muy Bueno
2005-03-01,14.537343782683214,21.109243806681516,53.96715778218849,48.840448579344994,12.84663692400569,1,1,2,1,1,Bueno
2005-03-02,21.27442708859841,32.80447529881825,75.32136912856784,20.94851623804897,15.957083333106269,2,2,2,1,1,Bueno
2005-03-03,15.11598958261311,19.921759290091785,62.63605644518421,33.5644799861908,13.213586322608448,2,1,2,1,1,Bueno
2005-03-04,11.450118308589303,17.357632018852232,46.39710325673108,46.61753204617745,12.192989232543804,1,1,1,1,1,Muy Bueno
2005-03-05,14.246806253313395,21.71530146079233,64.12853949116167,34.46207109227247,15.771266770966895,1,1,2,1,1,Bueno
2005-03-06,9.422343796739975,10.460185171277434,40.13289676939578,49.9995525015725,12.317470251094727,1,1,1,1,1,Muy Bueno
2005-03-07,12.647083355734745,15.806574061145017,52.77679578877775,47.41356794395447,13.502053577275504,1,1,2,1,1,Bueno
2005-03-08,19.863541647791862,30.72825615291978,79.14431551240739,32.412148340407995,18.851488071538153,2,2,2,1,1,Bueno
2005-03-09,24.638958387076855,42.47925927830331,103.5355653706051,14.828533970463424,22.617827340960503,2,2,3,1,1,Regular
2005-03-10,29.12485206762009,48.77187198448181,114.14849006817411,13.528803998845756,24.51177196914132,2,2,3,1,1,Regular
2005-03-11,25.695130912421263,46.30182373099939,108.06053649970565,15.889721364244219,23.789746662543536,2,2,3,1,1,Regular
2005-03-12,24.198385410010815,41.4831326438321,73.69319938194184,27.929799425933098,16.610848238070805,2,2,2,1,1,Bueno
2005-03-13,28.79208334783713,47.55375008744958,67.59071437801633,29.471231996917723,16.026860125008085,2,2,2,1,1,Bueno
2005-03-14,27.73739588757356,46.3470370489874,77.95912202483132,17.115641410236567,17.079181517163914,2,2,2,1,1,Bueno
2005-03-15,26.49312486251195,45.72263884838716,71.43038680439903,24.87418215179149,14.97763392329216,2,2,2,1,1,Bueno
2005-03-16,27.25499993065993,53.74726397247314,65.85147919676888,24.96448001651764,13.80046225916623,2,3,2,1,1,Regular
2005-03-17,22.57005212455988,45.3908654644832,63.91314459628746,31.22029368088824,12.291847980857428,2,2,2,1,1,Bueno
2005-03-18,21.351406229039032,45.14595680141154,62.06892846737589,38.92245378133691,11.067232134441534,2,2,2,1,1,Bueno
2005-03-19,25.758854175607365,61.897531006071304,59.09409225838525,39.58244187412072,11.547068466742834,2,3,2,1,1,Regular
2005-03-20,51.28942710161209,144.0168828846496,61.760595271984734,24.293869983854677,14.450758905283042,3,4,2,1,1,Malo
2005-03-21,51.643124947945275,137.20185606689452,57.64673339567493,21.34644803085327,13.070970695448583,3,4,2,1,1,Malo
2005-03-22,11.838802082153657,18.42663057970669,41.113263753416284,41.55253474679207,9.033889712590929,1,1,1,1,1,Muy Bueno
2005-03-23,16.526666704565287,28.087731513712143,57.44267862609455,23.592287992477416,9.893883928301788,2,2,2,1,1,Bueno
2005-03-24,10.330000031118592,13.424645068652836,43.312187460916384,44.91971154167102,8.40482142212845,1,1,1,1,1,Muy Bueno
2005-03-25,11.599322905143103,15.803935168701926,35.37589285416262,48.674806829950725,8.412127980518909,1,1,1,1,1,Muy Bueno
2005-03-26,9.34343748446554,13.60304011275739,41.02258930781058,43.515344006347654,8.25744047264258,1,1,1,1,1,Muy Bueno
2005-03-27,7.601927089194457,11.04570988556485,24.920059515252,56.239103523619946,7.39598214874665,1,1,1,1,1,Muy Bueno
2005-03-28,10.866197916368643,15.617361115084755,40.33971726539589,43.59787032927996,8.26446427866107,1,1,1,1,1,Muy Bueno
2005-03-29,9.633593735595545,14.910216047348063,40.70627971525703,41.28765434100304,8.617544628679752,1,1,1,1,1,Muy Bueno
2005-03-30,12.26354165840894,19.084212942991726,46.49184519123463,47.863533967071106,9.068616078013466,1,1,1,1,1,Muy Bueno
2005-03-31,17.717187537501257,32.29430551403834,72.68098210720788,21.554202685324455,12.801874984587942,2,2,2,1,1,Bueno
2005-04-01,21.84578129587074,38.50802472380944,66.79864584264301,30.584643941176566,11.28778273399387,2,2,2,1,1,Bueno
2005-04-02,14.942447914431492,22.224144019317627,45.17964562796665,40.83244799957276,7.616625574961282,1,1,1,1,1,Muy Bueno
2005-04-03,12.885916214962904,15.284404956575893,44.970134079900475,33.718114419919445,7.981639345427739,1,1,1,1,1,Muy Bueno
2005-04-04,16.922239538282156,25.138842639363844,61.34151780037653,29.92478389946031,9.011235115073976,2,2,2,1,1,Bueno
2005-04-05,21.39192711810271,34.175416669727845,66.7527380500521,23.819119995498657,10.342500002611251,2,2,2,1,1,Bueno
2005-04-06,21.575729130456846,32.5942746879142,59.984107193492704,44.50362183306462,8.721755949869042,2,2,2,1,1,Bueno
2005-04-07,15.911623029808723,28.143071042902676,60.251517810991835,45.70636781879702,8.99026785897357,2,2,2,1,1,Bueno
2005-04-08,14.25387432749983,21.50367284336208,53.34543150663376,41.24344132711858,8.535624997956413,1,1,2,1,1,Bueno
2005-04-09,7.323979090645675,11.296929008706853,28.80385415681771,69.92816359025461,7.687113091349602,1,1,1,2,1,Bueno
2005-04-10,8.440468743443489,11.26430554577598,31.431904707636154,66.36032424738377,8.175223205061187,1,1,1,2,1,Bueno
2005-04-11,10.464687501701215,17.077469136335967,47.467351180811725,53.60800931078416,9.56016369128511,1,1,1,1,1,Muy Bueno
2005-04-12,12.631093739221493,20.145308640268112,50.22751469910145,59.23034879852371,9.049598232976027,1,1,2,1,1,Bueno
2005-04-13,14.90659678419223,21.315108007119026,59.94095233579477,50.17727545983282,9.968720248767308,1,1,2,1,1,Bueno
2005-04-14,23.238802080973983,38.802145093311495,77.9442262415375,35.09467591142949,11.727723209985665,2,2,2,1,1,Bueno
2005-04-15,8.781562482006848,13.311216035938262,40.26191065160813,61.11276797180176,8.659953784869154,1,1,1,2,1,Bueno
2005-04-16,8.457239598035812,10.664513132395294,34.36367279107188,61.83129783478037,9.149413587502492,1,1,1,2,1,Bueno
2005-04-17,9.109166651343306,15.222716080921668,32.33773151849523,48.252983280817666,8.494182102842096,1,1,1,1,1,Muy Bueno
2005-04-18,8.264427071747681,14.575231997680664,36.771167979812624,43.97200001080831,8.004208000183105,1,1,1,1,1,Muy Bueno
2005-04-19,10.53670155565152,17.60678520453216,44.07663057613225,59.3886334101359,8.252581155097467,1,1,1,1,1,Muy Bueno
2005-04-20,11.337760424241424,18.515509241709,42.168487631244425,57.25574633474335,8.213827171443421,1,1,1,1,1,Muy Bueno
2005-04-21,11.128750022500753,17.43253086157787,41.47541675265924,49.53224356816365,8.30075619213375,1,1,1,1,1,Muy Bueno
2005-04-22,15.737225145569646,28.786543198941665,58.11700619665193,32.034006421382614,9.474228416328076,2,2,2,1,1,Bueno
2005-04-23,9.120260434535643,18.040648142496746,39.14413581034284,51.55342564120837,7.45074075386848,1,1,1,1,1,Muy Bueno
2005-04-24,9.92927087036272,16.948456742697292,28.22168215005486,62.466495103008114,7.015648147390213,1,1,1,2,1,Bueno
2005-04-25,10.220208327906827,19.287592607239883,57.220663598290194,50.30407058313871,8.340246906251084,1,1,2,1,1,Bueno
2005-04-26,15.367031283055743,30.432716052841258,73.33720681071281,35.66876605000251,9.725987641531745,2,2,2,1,1,Bueno
2005-04-27,16.323177084326744,31.534290143369155,73.95935173535052,41.23586539140879,9.372407417606425,2,2,2,1,1,Bueno
2005-04-28,23.227604267497856,47.41827177559888,92.62510795799302,44.29870190643347,10.87867283269211,2,2,2,1,1,Bueno
2005-04-29,21.789947899679344,43.35038583514131,89.8447375871517,45.777520836688915,10.552978387585393,2,2,2,1,1,Bueno
2005-04-30,21.406354183952015,53.50616002578735,47.00609593048096,67.06666671911876,8.13150400390625,2,3,1,2,1,Regular
2005-05-01,22.185885484019916,48.73505411192291,47.650185493634325,56.80878041120079,8.455270470570559,2,2,1,1,1,Bueno
2005-05-02,11.353124996647239,22.22853391626735,25.86679008419131,66.82267098473416,6.995987649685071,1,1,1,2,1,Bueno
2005-05-03,9.714375001067916,18.442253089245455,36.371959930952684,62.31274810031177,6.735308636853724,1,1,1,2,1,Bueno
2005-05-04,13.341937214916289,26.959752736541184,56.53074076514185,50.019626541571185,8.013966055931869,1,2,2,1,1,Bueno
2005-05-05,11.454345514637014,24.331018532499854,36.077361124165265,58.20390878515834,7.180170011483536,1,1,1,1,1,Muy Bueno
2005-05-06,11.899315775068183,23.026095657436937,52.16214503108719,54.293648157523585,7.719490745737229,1,1,2,1,1,Bueno
2005-05-07,13.898534030190312,26.92682104125435,57.3249228593008,61.803052013570614,8.230879623212932,1,2,2,2,1,Bueno
2005-05-08,16.692343761523563,30.795015464226406,56.06364191645457,53.47576291994615,8.189521602642388,2,2,2,1,1,Bueno
2005-05-09,19.8311978901426,41.73672835032145,40.34839263047096,44.511921834479715,7.802253081842705,2,2,1,1,1,Bueno
2005-05-10,14.476927106579145,29.887824087231248,38.199922847159115,47.33329015496871,7.448163595832424,1,2,1,1,1,Bueno
2005-05-11,14.901518264990202,26.4045355770241,59.38464508969107,42.41917202844248,8.011990741079236,1,2,2,1,1,Bueno
2005-05-12,14.763926740404198,24.605365435035196,44.93547843709404,41.749752480598175,7.561620379855603,1,1,1,1,1,Muy Bueno
2005-05-13,11.2783333491534,18.83942368208805,42.66423010418241,37.13084713050297,7.308164846099925,1,1,1,1,1,Muy Bueno
2005-05-14,7.017905755816954,10.956037728291637,36.45513347029873,50.71289252446703,6.6868131847546275,1,1,1,1,1,Muy Bueno
2005-05-15,9.000572898425162,16.329691537788936,40.125714242071304,49.65982848906803,6.9562013021537235,1,1,1,1,1,Muy Bueno
2005-05-16,9.215312526871761,17.135798720886914,45.53432425330667,51.587411218891695,7.250684728857818,1,1,1,1,1,Muy Bueno
2005-05-17,11.065108711304871,17.6811526102069,49.89851789318269,47.16527185290806,7.269641752554992,1,1,1,1,1,Muy Bueno
2005-05-18,14.050446935206152,21.17223269796971,57.410313885477684,43.14058230918973,8.257739407488465,1,1,2,1,1,Bueno
2005-05-19,20.45471198646186,33.53283934846125,78.59861134664503,34.035700094169606,9.824820575773623,2,2,2,1,1,Bueno
2005-05-20,28.52567707126339,45.7126886912112,85.75929372501523,39.50993379206697,11.251397174793285,2,2,2,1,1,Bueno
2005-05-21,14.289841264643997,27.073369910724484,52.80521940063907,39.53393737527448,8.019592481720784,1,2,2,1,1,Bueno
2005-05-22,7.413822035202806,13.899134638981941,33.36564104087078,53.12841491876123,6.631826931085342,1,1,1,1,1,Muy Bueno
2005-05-23,14.888952921822433,28.311848829413535,63.72501599330168,40.738445927967895,8.014583326685123,1,2,2,1,1,Bueno
2005-05-24,21.266177988801328,40.8607692412841,72.91487185007486,43.47585160575468,9.121314109135897,2,2,2,1,1,Bueno
2005-05-25,23.41542111446983,48.85631824613001,72.07696624437457,49.33974576925827,9.473675773384866,2,2,2,1,1,Bueno
2005-05-26,25.397604105373222,56.13165328820291,79.01134842280209,50.031927743590025,9.704093113374174,2,3,2,1,1,Regular
2005-05-27,22.778802069524925,53.47107542077764,65.94645262529914,46.27932993489033,8.957158894638379,2,3,2,1,1,Regular
2005-05-28,20.437708256145317,47.82652236177371,57.576051516862016,51.32507618591063,8.69608973730833,2,2,2,1,1,Bueno
2005-05-29,15.372239626323184,30.890320469935734,32.75578528948319,53.93805089885905,7.214230783474751,2,2,1,1,1,Bueno
2005-05-30,18.6708333765467,30.582949780181316,46.357135987011745,23.563962611110032,7.596482979806934,2,2,1,1,1,Bueno
2005-05-31,17.34920641984889,29.245469303964413,43.94806141941921,33.85225426544577,7.5289983903456585,2,2,1,1,1,Bueno
2005-06-01,18.835026483056406,31.009291499133273,46.9404662700903,35.72374575380552,7.566945340472402,2,2,1,1,1,Bueno
2005-06-02,18.855444486604796,37.26040786203319,59.42048850509942,40.78584895125793,7.983365863319335,2,2,2,1,1,Bueno
2005-06-03,27.30358282321277,56.86141473150713,70.51077421326791,47.05062498514717,8.450256413374191,2,3,2,1,1,Regular
2005-06-04,18.825468715901177,37.43436892132929,57.013875205332816,47.65156454709517,8.108025886865882,2,2,2,1,1,Bueno
2005-06-05,13.856770873690644,24.16186194626516,35.01637823803303,63.6064129020962,7.799246812096009,1,1,1,2,1,Bueno
2005-06-06,12.993333357386291,24.192025333265715,47.894344417216466,56.05163060646882,8.58044305217417,1,1,1,1,1,Muy Bueno
2005-06-07,10.18157070531895,22.431219108310746,39.88445817870621,53.87717068524864,7.858689535054699,1,1,1,1,1,Muy Bueno
2005-06-08,19.689895850916702,38.92087964879142,69.1107442353123,50.68951306908161,8.846515645459295,2,2,2,1,1,Bueno
2005-06-09,20.70565446883596,40.399505418087635,63.682101947631125,63.19064929423394,8.46713621217769,2,2,2,2,1,Bueno
2005-06-10,22.30805268413142,48.85942638752072,71.6254503208658,55.930993528241835,8.519874814903606,2,2,2,1,1,Bueno
2005-06-11,13.815208313365778,24.853364232145708,59.99537048626829,45.57913816265943,7.832685195001555,1,1,2,1,1,Bueno
2005-06-12,19.237696290640308,35.693792566795466,47.19809606163864,48.49305056903335,7.792399383181758,2,2,1,1,1,Bueno
2005-06-13,16.00624996609986,27.59536630560638,37.738269799474686,51.08203337669372,7.054492069047595,2,2,1,1,1,Bueno
2005-06-14,17.919790629941133,26.128107280009175,44.848539992067465,59.80004969639565,6.990769226659598,2,2,1,1,1,Bueno
2005-06-15,20.272999993123506,32.73237718946393,67.29334368154099,41.70106304246326,7.969873024925353,2,2,2,1,1,Bueno
2005-06-16,15.640000042490934,31.50199359291236,67.25078657159453,45.90893764680795,8.44346710116293,2,2,2,1,1,Bueno
2005-06-17,19.99074468206852,36.27113532908782,62.03506195360662,54.99795106639707,8.953095989699703,2,2,2,1,1,Bueno
2005-06-18,17.705520793795586,34.736003070701784,45.83887345408216,68.34084143762064,8.024182092260432,2,2,1,2,1,Bueno
2005-06-19,16.481842112541198,29.491064840996707,53.136851864096556,70.13910415584179,8.026759268692983,2,2,2,2,1,Bueno
2005-06-20,20.252988551539936,39.5950561664269,58.98346591715972,67.16623110188112,7.861860088399939,2,2,2,2,1,Bueno
2005-06-21,20.785745867049496,35.501271549536256,60.72298901816116,51.979137708496296,7.7682148466743,2,2,2,1,1,Bueno
2005-06-22,20.08119792987903,37.56463491159772,58.76137646693218,48.2712309959566,7.946173629576753,2,2,2,1,1,Bueno
2005-06-23,20.812263177570543,40.09247274828921,51.31486106139642,33.306423927587986,7.615679024178305,2,2,2,1,1,Bueno
2005-06-24,19.42548381449074,34.35426794851309,52.58222217029996,37.9621568403992,7.677651624286527,2,2,2,1,1,Bueno
2005-06-25,22.346740323535645,34.832213470662595,51.12045603699327,50.025943723340696,7.935266473450257,2,2,2,1,1,Bueno
2005-06-26,18.060890026117495,28.03846030250122,52.774410263209425,46.06883032956273,8.542037332780994,2,2,2,1,1,Bueno
2005-06-27,26.878281233211357,58.8889273687116,61.08980769988818,30.407491747723068,9.167511799954992,2,3,2,1,1,Regular
2005-06-28,16.13979168670873,32.98044379161768,46.65699061330957,45.428522161662286,7.939043891093574,2,2,1,1,1,Bueno
2005-06-29,13.803597889249287,23.311791269950035,48.82247665700883,50.200098177024856,7.2762772654447225,1,1,1,1,1,Muy Bueno
2005-06-30,16.385729221006233,26.20966973844564,59.36760557500036,46.28876643392601,7.673395932187123,2,2,2,1,1,Bueno
2005-07-01,16.67078208790145,27.67508713530285,60.42235849488456,48.56415566624395,7.733270442710732,2,2,2,1,1,Bueno
2005-07-02,19.454583281030256,36.24920940694883,43.38684699082117,65.71830624710853,7.761823784991799,2,2,1,2,1,Bueno
2005-07-03,26.70206353147194,43.26445133019083,66.40712960892253,51.01442990473893,9.290077181142053,2,2,2,1,1,Bueno
2005-07-04,29.915789423490825,50.76747268410443,63.350668795186664,53.03120917977851,9.245101098510007,2,3,2,1,1,Regular
2005-07-05,15.090425492601192,25.37729523760458,43.88305548753267,57.64792540162271,8.174891972983325,2,2,1,1,1,Bueno
2005-07-06,13.978115196627472,23.700108028120464,48.79979937679974,48.94380873567281,8.079660494754345,1,1,1,1,1,Muy Bueno
2005-07-07,18.355130913369944,36.49238395248035,43.930864251690146,52.86785712876877,7.907685183816486,2,2,1,1,1,Bueno
2005-07-08,20.05439150648773,37.26990584638467,43.09253921553633,53.75206606683652,8.180987469454918,2,2,1,1,1,Bueno
2005-07-09,14.06614975304527,27.857980764447113,32.955464700857796,58.32717420284317,7.230448707556113,1,2,1,1,1,Bueno
2005-07-10,9.4298958213379,16.94560895439906,24.001233956752678,71.13917086451187,6.820913455043083,1,1,1,2,1,Bueno
2005-07-11,19.964188491486755,34.21142851636651,61.971346210210754,64.13205494047844,8.203739848175669,2,2,2,2,1,Bueno
2005-07-12,21.006737930889436,34.65540934336128,62.77483974741055,74.41786951707401,8.848664498484483,2,2,2,2,1,Bueno
2005-07-13,23.72125657066625,43.114533988973726,63.39037867073757,76.09999992205852,8.630362782192531,2,2,2,2,1,Bueno
2005-07-14,29.773280446491544,61.04080501097275,71.73190109512353,56.87510607759871,9.529088115028841,2,3,2,1,1,Regular
2005-07-15,24.790994780225905,56.351643485431524,62.500216155876345,55.63305682980917,9.112299378271457,2,3,2,1,1,Regular
2005-07-16,30.02633509149102,50.65833336151677,77.70689454933871,44.10733656400169,11.425540111683032,3,3,2,1,1,Regular
2005-07-17,18.44880205827455,34.777205020374396,55.3179347533617,55.79533663054405,8.30355589730399,2,2,2,1,1,Bueno
2005-07-18,19.022962973862096,31.429889396845258,44.13976306937882,64.89861903293756,7.227210041123872,2,2,1,2,1,Bueno
2005-07-19,30.752303632766164,49.48330245709714,67.0578857358591,65.59143549466405,8.486496908061298,3,2,2,2,1,Regular
2005-07-20,27.798563784107248,55.432608793240895,82.33639753679311,47.49345339963947,9.3979968824742,2,3,2,1,1,Regular
2005-07-21,24.45492145091451,50.42765067054831,69.90834607149387,59.17835226027845,9.298670789373713,2,3,2,1,1,Regular
2005-07-22,32.016492098413835,51.03656875589716,71.06775886529749,74.83591871145295,9.177449748910377,3,3,2,2,1,Regular
2005-07-23,24.18142105278216,41.67376747574917,51.59367854959998,74.4948044801768,8.32272023690355,2,2,2,2,1,Bueno
2005-07-24,24.183703794681207,35.47169752216634,41.32450621989038,67.59042146140212,7.726049383481343,2,2,1,2,1,Bueno
2005-07-25,14.066125640694384,28.0284340773442,27.656170513093933,47.4676721729216,6.953023261062858,1,2,1,1,1,Bueno
2005-07-26,13.395000046739975,26.376217081750085,41.63981422698904,39.181042392013126,7.389179555993331,1,2,1,1,1,Bueno
2005-07-27,15.370209417418035,32.29273569860267,43.72311728971976,30.639692126062354,7.543441358171863,2,2,1,1,1,Bueno
2005-07-28,10.501041696717342,20.79363351504995,34.91128879896602,39.75690048281559,7.016972052384608,1,1,1,1,1,Muy Bueno
2005-07-29,9.922291660991808,20.452888525823596,42.84990607292999,48.94399683569607,7.1144444476084345,1,1,1,1,1,Muy Bueno
2005-07-30,9.492617785618567,19.47755909228888,49.382059382946,55.11156247830704,7.484539784804893,1,1,1,1,1,Muy Bueno
2005-07-31,16.216963304899124,31.48667213345041,39.13940707078347,62.51878176163094,7.3206570358612595,2,2,1,2,1,Bueno
2005-08-01,25.5717297051404,44.88988215835006,52.05870871806708,44.380281444022195,7.534803153961662,2,2,2,1,1,Bueno
2005-08-02,7.8185638404907065,13.665309622007257,31.22055549533279,49.18806812825141,7.020154320531422,1,1,1,1,1,Muy Bueno
2005-08-03,10.412063488884577,20.269907277002584,42.55510812261958,49.145721335078754,7.425694444297273,1,1,1,1,1,Muy Bueno
2005-08-04,16.43705258996863,32.828719157863546,54.72390426088263,55.96783737748619,8.1702623643257,2,2,2,1,1,Bueno
2005-08-05,22.377225186812314,42.61191352576385,69.64763889783694,52.05066778255985,9.396712979048859,2,2,2,1,1,Bueno
2005-08-06,17.649947647648958,31.33020090172427,62.123925884134806,62.63851315250584,9.203137549956026,2,2,2,2,1,Bueno
2005-08-07,26.185052581837304,46.569727141057314,54.6112659734029,49.63942368838747,9.47168268989294,2,2,2,1,1,Bueno
2005-08-08,39.43757898556559,84.67608478609121,68.17581770030208,31.777996678423406,11.000220127825466,3,3,2,1,1,Regular
2005-08-09,27.307447939490277,63.724043882378965,69.12694358750944,33.73222407173286,10.015094068730512,2,3,2,1,1,Regular
2005-08-10,18.194427050029237,32.4970874292565,29.05644793815613,38.341989850917514,6.7649520883164085,2,2,1,1,1,Bueno
2005-08-11,11.196263159576215,19.291129043409903,42.733736057918286,38.33056855749924,6.993418119480576,1,1,1,1,1,Muy Bueno
2005-08-12,14.693177075435718,29.387598066539553,44.05616950839056,57.37228100595395,7.32844584366216,1,2,1,1,1,Bueno
2005-08-13,23.1473957747221,43.46445670052776,52.32916785222208,49.77712602455075,7.931130310055599,2,2,2,1,1,Bueno
2005-08-14,20.94281251790623,35.98485528924458,48.561974320710185,54.67879657987821,8.411958271198058,2,2,1,1,1,Bueno
2005-08-15,16.431874971215922,32.84525453633275,35.805762441353465,57.373118736178185,7.994077049901359,2,2,1,1,1,Bueno
2005-08-16,28.530677034209173,65.52192684495525,53.735244095043875,34.15207632702847,8.300220469226987,2,3,2,1,1,Regular
2005-08-17,32.84515792068682,65.64740692384495,65.80266971536625,42.272731724793346,8.87584877566055,3,3,2,1,1,Regular
2005-08-18,34.45478951554549,55.404379846911226,71.25286389725865,56.466905591153946,8.572198163614184,3,3,2,1,1,Regular
2005-08-19,25.819371680314628,47.75988944220882,49.03914063423872,55.94798039939799,7.606118004514564,2,2,1,1,1,Bueno
2005-08-20,6.6466666822711,17.313536937597096,20.684714102487106,51.58858313389632,6.675941351387236,1,1,1,1,1,Muy Bueno
2005-08-21,5.677089946925955,10.227211537078405,19.10913578853195,48.66057098320219,6.38802468408773,1,1,1,1,1,Muy Bueno
2005-08-22,10.978645840038856,22.971544697420384,38.967987139059915,45.490714226247505,7.107085347751489,1,1,1,1,1,Muy Bueno
2005-08-23,10.766335045479979,23.2510823698922,36.90196137719599,40.331527993310694,7.518553055367669,1,1,1,1,1,Muy Bueno
2005-08-24,15.793958336735765,32.27484755340013,53.91415729032856,41.69611208710079,8.231412516359724,2,2,2,1,1,Bueno
2005-08-25,40.4962303401288,64.43121551887722,89.10753622223982,43.508469448507235,10.064605481766657,3,3,2,1,1,Regular
2005-08-26,35.20364576205611,60.86740384269984,76.09097752280725,39.57940878618408,10.048990396734995,3,3,2,1,1,Regular
2005-08-27,17.590209457886782,32.239342851516525,46.47850960111007,51.520930580277934,7.690913462103942,2,2,1,1,1,Bueno
2005-08-28,14.65089472595014,26.044823709397743,39.73463141077604,44.55509344993099,7.897275646145527,1,2,1,1,1,Bueno
2005-08-29,26.478556149783618,48.58910572625757,53.600725878438645,35.14298088174552,8.28344102822521,2,2,2,1,1,Bueno
2005-08-30,22.401623039345466,47.104764930626175,53.85110217555029,36.883720137356896,8.345357145581927,2,2,2,1,1,Bueno
2005-08-31,24.252408335970333,54.33264082603024,59.9563285248675,39.532708660098116,8.82566614901082,2,3,2,1,1,Regular
2005-09-01,21.543894822660246,48.56401002109546,66.93676280516844,33.43678511732121,8.613733961796148,2,2,2,1,1,Bueno
2005-09-02,27.024473664635106,59.933816490925835,62.14768856639464,36.20406197516726,8.175422077055101,2,3,2,1,1,Regular
2005-09-03,20.034497287222948,41.87710134495476,47.224551330010094,52.21692709128062,7.60432300443167,2,2,1,1,1,Bueno
2005-09-04,22.2081481618856,41.83087522941045,64.61652248257246,35.63059322268276,9.05330128585681,2,2,2,1,1,Bueno
2005-09-05,20.080476199508343,41.60932470211262,41.09429486745443,41.16603737501871,7.5532852453299055,2,2,1,1,1,Bueno
2005-09-06,10.758177069326242,27.47552334014536,33.36892632012948,43.553932306322004,7.093076908817658,1,2,1,1,1,Bueno
2005-09-07,11.368138286661594,20.42823531287057,35.66009806106293,38.610918511137804,6.852763165376689,1,1,1,1,1,Muy Bueno
2005-09-08,13.433210483350251,22.91153341133093,48.96588905250462,33.81694825188867,7.146606857197125,1,1,1,1,1,Muy Bueno
2005-09-09,18.55089824927781,33.65374379427778,48.18958468967894,26.9395212881954,7.875747512345298,2,2,1,1,1,Bueno
2005-09-10,7.036084650054811,15.962483936204361,25.145320512163334,41.62431748979328,6.468493595337256,1,1,1,1,1,Muy Bueno
2005-09-11,8.282879566022864,16.074423076632694,25.350400634301014,46.332220379780914,6.50762820091003,1,1,1,1,1,Muy Bueno
2005-09-12,10.689842926894183,19.192199004404426,39.862451823093956,34.99506780818357,7.071121796965599,1,1,1,1,1,Muy Bueno
2005-09-13,14.894293220255387,27.33227562636901,45.914698595978564,41.75656859352698,8.08896444496084,1,2,1,1,1,Bueno
2005-09-14,20.274473655851263,44.00904910424621,67.95072629536506,29.991552235254275,9.521777441549522,2,2,2,1,1,Bueno
2005-09-15,26.37816749068455,53.9744872038181,85.4330237366083,27.016829679727955,10.898726105690002,2,3,2,1,1,Regular
2005-09-16,33.34382975862381,73.61246136688965,92.86049450604588,27.893344326919276,12.098432603300926,3,3,2,1,1,Regular
2005-09-17,9.672513107354728,17.502196713353765,30.72045737787,47.67900009791056,7.075835966161373,1,1,1,1,1,Muy Bueno
2005-09-18,8.676666669858,15.883717948427567,38.597067920146166,43.392785015634296,7.011512330652755,1,1,1,1,1,Muy Bueno
2005-09-19,15.563422498218516,29.467900679279598,67.62564812913354,31.5433605434844,8.962438258491916,2,2,2,1,1,Bueno
2005-09-20,22.665156318495672,48.73427889820857,92.57908806402864,21.749050712819574,11.754976825699371,2,2,2,1,1,Bueno
2005-09-21,25.504502584796924,54.24918151954204,98.23216396358319,20.973186199961145,12.942635658175446,2,3,2,1,1,Regular
2005-09-22,27.199319397591797,57.42376425301385,99.62968673078244,25.691708106108962,13.3131818098708,2,3,2,1,1,Regular
2005-09-23,34.75916218882456,70.07900482196104,104.01879627616317,21.356307179417485,13.037407400799387,3,3,3,1,1,Regular
2005-09-24,25.893874368118365,56.99050997432909,81.58426995580159,32.50901499714,11.418485797918182,2,3,2,1,1,Regular
2005-09-25,18.235260433206957,34.959749998251596,47.44342939326396,42.23121827386963,8.02112178160594,2,2,1,1,1,Bueno
2005-09-26,13.414166623416046,25.060049143091575,47.14818611994903,34.12030053258141,8.507448829065158,1,2,1,1,1,Bueno
2005-09-27,23.51536845157021,50.759440820860235,77.05627764211468,25.09634998401006,9.999810720467794,2,3,2,1,1,Regular
2005-09-28,25.518489602332313,53.51974723614034,88.9195347708325,23.801223495166877,10.435030951219446,2,3,2,1,1,Regular
2005-09-29,27.148052492894625,57.34427461832436,93.59984404434466,24.23897691095623,11.213525739735262,2,3,2,1,1,Regular
2005-09-30,16.33946810440814,35.322073426923495,75.62388629596946,24.91998334778768,9.548578216754619,2,2,2,1,1,Bueno
2005-10-01,17.80100531174392,41.44646062585633,70.78769709190593,25.6159477229991,10.050772812119591,2,2,2,1,1,Bueno
2005-10-02,7.1476440148827916,17.269968911055273,23.679113537490274,46.66919274306572,7.09265941075552,1,1,1,1,1,Muy Bueno
2005-10-03,8.676250003278255,18.188611990739872,43.578461596131135,33.27593336025874,7.810910514235684,1,1,1,1,1,Muy Bueno
2005-10-04,15.887239573523402,36.32743033111649,65.41413691996786,26.718417629332176,9.421795667878614,2,2,2,1,1,Bueno
2005-10-05,23.199267045365577,57.03415628746152,97.03786039426345,15.879934290261888,13.2880218002098,2,3,2,1,1,Regular
2005-10-06,25.27589468203093,58.555358260591454,95.34880623041197,20.12261439976739,11.642531076943651,2,3,2,1,1,Regular
2005-10-07,30.96844918013894,67.62199695155306,92.71182945902034,25.351407522655744,10.194411759313784,3,3,2,1,1,Regular
2005-10-08,35.36937176619525,71.2405873245663,98.99420157439948,18.546481172503896,11.585860442191132,3,3,2,1,1,Regular
2005-10-09,26.938894811429474,54.56040588988886,82.80334915005186,25.20428567926749,10.434150960085526,2,3,2,1,1,Regular
2005-10-10,22.012368418041028,43.822684387210025,71.94806901701205,15.434427875586806,8.26937206162014,2,2,2,1,1,Bueno
2005-10-11,19.40473405668076,30.91333329769992,60.01774839881044,12.480114222739688,6.994403120159179,2,2,2,1,1,Bueno
2005-10-12,7.537591606534589,13.997237692828532,31.18925925831736,23.612666668252245,5.883493041029485,1,1,1,1,1,Muy Bueno
2005-10-13,9.748062820958841,17.369765969408842,51.30245344016863,22.121081943590134,6.555427676307191,1,1,2,1,1,Bueno
2005-10-14,13.896894728510004,23.106259650019627,60.0275308114511,15.430735288492215,7.072272007579597,1,1,2,1,1,Bueno
2005-10-15,13.448324641008028,20.882253092012288,57.5500616747656,25.564169400678008,7.104120369678662,1,1,2,1,1,Bueno
2005-10-16,16.11322920645277,24.743009251944812,59.0368365034645,24.893915169196262,7.795617267029521,2,1,2,1,1,Bueno
2005-10-17,21.493439114283003,40.09156108049926,69.92200914306287,11.823588907621424,8.204652252300445,2,2,2,1,1,Bueno
2005-10-18,11.669685875246039,17.438341078647348,49.07398147421119,22.593709146664814,6.817808660713059,1,1,1,1,1,Muy Bueno
2005-10-19,15.699631595611573,28.145802477995556,59.47751543256972,22.97029321706256,8.182361122266746,2,2,2,1,1,Bueno
2005-10-20,25.682736793317293,48.54894737267273,76.7117027749218,12.476547189178218,10.333894888437145,2,2,2,1,1,Bueno
2005-10-21,11.800842134576095,17.533017109934686,52.77249994101348,17.63240653441204,6.787299372899679,1,1,2,1,1,Bueno
2005-10-22,13.196718749279777,16.82694446488663,51.22851842862588,12.930846915765382,6.654629629703216,1,1,2,1,1,Bueno
2005-10-23,13.842446819581884,17.694225999592998,52.39831785434558,18.925765453992526,6.839321000708474,1,1,2,1,1,Bueno
2005-10-24,21.69104710798613,37.77621338503807,69.28449833991012,14.255350722379825,9.675154324666954,2,2,2,1,1,Bueno
2005-10-25,33.25927088782191,65.19354944611773,92.17542547131043,8.037369279105679,12.480354919109816,3,3,2,1,1,Regular
2005-10-26,24.218118238192734,44.700854104498156,73.64675583876962,16.39410131663279,10.647600647465733,2,2,2,1,1,Bueno
2005-10-27,17.64406253459553,34.063464013012975,62.52742939832442,22.963360988343787,8.167680251934685,2,2,2,1,1,Bueno
2005-10-28,21.25312165608482,32.054022398896706,55.23096156273133,13.792186431561486,7.778028844640805,2,2,2,1,1,Bueno
2005-10-29,20.808021364365032,33.17969508461929,60.496794844285034,14.549796575206821,8.24115385267979,2,2,2,1,1,Bueno
2005-10-30,18.369627653284276,35.24337090946013,48.84254809679129,15.923412580745127,7.642900646879123,2,2,1,1,1,Bueno
2005-10-31,8.625444996419377,12.840048879093766,39.760625006105656,28.395059178121603,6.474022466020706,1,1,1,1,1,Muy Bueno
2005-11-01,10.77942108919746,16.43781247793844,46.33870282627287,25.196237253132512,7.0283493621227064,1,1,1,1,1,Muy Bueno
2005-11-02,24.460210471404228,46.42142852542871,81.06994989320313,10.431522856710728,12.840576919607628,2,2,2,1,1,Bueno
2005-11-03,34.75828878892297,72.00511144414828,91.58970543249539,7.628271810560419,16.6827142696532,3,3,2,1,1,Regular
2005-11-04,11.038385443078974,19.115385830770304,57.974074010199715,26.557732494581387,10.465771617344869,1,1,2,1,1,Bueno
2005-11-05,15.991436153016192,28.507588892852688,72.13114427698069,15.71076799081821,13.117376519574059,2,2,2,1,1,Bueno
2005-11-06,18.14546875904004,27.67893514589027,69.86911867673581,16.509053803190323,13.518487627491538,2,2,2,1,1,Bueno
2005-11-07,30.341436483583397,54.73944790675437,95.17454997136278,9.846233315865199,19.47767295252602,3,3,2,1,1,Regular
2005-11-08,21.164715942672707,42.09582545530228,83.08744851005058,14.189781860017137,16.04743263838597,2,2,2,1,1,Bueno
2005-11-09,7.431135105764544,12.585906255431473,42.588611517235194,33.67148518365602,9.764992203615757,1,1,1,1,1,Muy Bueno
2005-11-10,9.051491718924506,17.55236796760559,54.479583885383605,32.525203421156284,11.998863974761964,1,1,2,1,1,Bueno
2005-11-11,12.670885445239643,24.330877660583926,62.31147324702583,22.25235099784586,11.65108150262444,1,1,2,1,1,Bueno
2005-11-12,13.462916683405638,23.347814505954958,64.48542457106728,13.18249583026137,10.463490570491215,1,1,2,1,1,Bueno
2005-11-13,5.703906245219211,8.058796297252915,40.80581797420243,22.668368663134427,8.167993828102395,1,1,1,1,1,Muy Bueno
2005-11-14,13.365621679538005,16.185372663580853,67.28264293272676,14.674134003181084,10.332101999884227,1,1,2,1,1,Bueno
2005-11-15,10.61053196007901,11.773765445491414,68.0220524035854,15.111386612616784,9.484984559041482,1,1,2,1,1,Bueno
2005-11-16,31.031466072142436,50.79665616676211,87.90500766399295,7.896611835611494,14.981178307718086,3,3,2,1,1,Regular
2005-11-17,43.75824474273844,72.63581782505835,102.69757717406308,7.395662834328247,17.418734574759448,3,3,3,1,1,Regular
2005-11-18,41.192433866874254,81.24377724482179,102.17010814955651,7.189885614354626,18.291561058536747,3,3,3,1,1,Regular
2005-11-19,22.74734039763187,36.3699380194494,69.93811148238994,9.773093268055767,15.18888543929109,2,2,2,1,1,Bueno
2005-11-20,14.96424083809578,19.98740739752481,53.6050771680879,18.633817276013424,13.244012349549635,1,1,2,1,1,Bueno
2005-11-21,16.18291666979591,29.539458223909786,68.23160990841987,17.294131141021605,14.913018589049301,2,2,2,1,1,Bueno
2005-11-22,25.062343776226044,61.25359297935837,73.35093493393597,12.460050330466071,14.66427893079404,2,3,2,1,1,Regular
2005-11-23,20.703789481991215,43.33725708909917,70.11313477504216,17.41509127221495,17.262883983809374,2,2,2,1,1,Bueno
2005-11-24,16.273193718251132,32.2381114463319,68.04472948484111,16.724812445399422,15.93216049707966,2,2,2,1,1,Bueno
2005-11-25,16.850364578266937,38.43009285624182,75.49825344056214,11.977352913688211,16.18901081836942,2,2,2,1,1,Bueno
2005-11-26,7.152343741618097,11.309595640488027,42.68726707245252,33.04996705996363,11.357406816867568,1,1,1,1,1,Muy Bueno
2005-11-27,11.035445012347237,14.817830941513584,44.84832539360679,28.47864407321154,11.667336536176277,1,1,1,1,1,Muy Bueno
2005-11-28,12.25817703579863,19.32527473246097,53.71451352163555,22.963560670862183,11.39274722777506,1,1,2,1,1,Bueno
2005-11-29,22.766302089517314,35.31283283104469,74.10108191300029,11.53167212204855,15.546568806057182,2,2,2,1,1,Bueno
2005-11-30,18.528702718502768,36.31707808449865,79.98982803598047,18.144884132194203,17.653281251341106,2,2,2,1,1,Bueno
2005-12-01,19.161270746210004,38.01516549674091,74.4208524410842,13.782966810163195,16.38872130464335,2,2,2,1,1,Bueno
2005-12-02,10.97694735903489,16.325475041801035,55.00760452961998,21.742755145848204,9.924340833805,1,1,2,1,1,Bueno
2005-12-03,9.109895821660757,15.511739118855548,44.674356988005314,31.451477131738322,10.327720696049747,1,1,1,1,1,Muy Bueno
2005-12-04,6.764062487830718,10.776298076105423,38.78344554167528,32.0964915712001,8.709134614238373,1,1,1,1,1,Muy Bueno
2005-12-05,8.633437498472631,16.051012861575344,50.684487183888756,30.790525375786473,11.161282054124735,1,1,2,1,1,Bueno
2005-12-06,14.566510397940874,27.63096149208454,66.4636217921208,21.137389793638455,14.062051304257833,1,2,2,1,1,Bueno
2005-12-07,28.815208385388058,58.771141359660405,95.98241141678052,9.912244905014427,20.292861690091932,2,3,2,1,1,Regular
2005-12-08,30.95172762246656,55.435032054399834,88.78775639411731,9.28318029196084,21.986923075257202,3,3,2,1,1,Regular
2005-12-09,20.19010535447221,34.79469552254066,74.32211539684198,18.061601360977406,18.92070508690981,2,2,2,1,1,Bueno
2005-12-10,13.561302084786197,25.445656993832344,75.49940709120187,20.418554438214723,19.926057719649414,1,2,2,1,1,Bueno
2005-12-11,18.377604138106108,29.456474328652405,81.6951281932684,12.39633280554935,21.21684299218349,2,2,2,1,1,Bueno
2005-12-12,23.034322926153738,43.974022696592115,94.31350489061361,11.656467570379732,21.65975890473921,2,2,2,1,1,Bueno
2005-12-13,28.109005281438378,49.988598986908244,93.02802282437634,9.349812952028651,22.403646658459976,2,2,2,1,1,Bueno
2005-12-14,10.451250018241504,20.526237900425766,61.11653277732396,15.870204441795154,15.6583440204142,1,1,2,1,1,Bueno
2005-12-15,17.100260466337204,30.151900227327086,73.62481426306803,17.547530023863548,16.113667218095845,2,2,2,1,1,Bueno
2005-12-16,23.264652387343627,45.54142393456308,92.21181251316008,15.763430522604626,19.935834685252978,2,2,2,1,1,Bueno
2005-12-17,28.466020939237783,57.27155693920619,97.14836261283911,12.143435356162843,22.767110793586717,2,3,2,1,1,Regular
2005-12-18,14.298510680807398,23.1714630220864,73.86961540197714,15.420033949137949,16.60886218226873,1,1,2,1,1,Bueno
2005-12-19,18.81748693026797,33.3241251808491,76.8732211895478,11.353259756731056,17.3865224528007,2,2,2,1,1,Bueno
2005-12-20,16.458736802402296,28.293430412857276,72.21618969110814,11.880153072123624,17.1463504976015,2,2,2,1,1,Bueno
2005-12-21,15.637172734862222,27.196254023018373,78.31607388150998,13.629745786068803,18.408333327907783,2,2,2,1,1,Bueno
2005-12-22,19.111894735537078,37.636715430360496,98.05572826113901,12.223310461175176,23.544110030803864,2,2,2,1,1,Bueno
2005-12-23,27.598541700591642,50.544338417013286,116.01751650015512,9.009381623445046,25.993683309952416,2,3,3,1,1,Regular
2005-12-24,19.813298418259745,35.1898991484602,85.37810008366903,10.334982342939073,18.44626664320628,2,2,2,1,1,Bueno
2005-12-25,25.3641665627559,37.795883250236514,75.26516670862834,9.061519415976724,19.571250013510387,2,2,2,1,1,Bueno
2005-12-26,22.116718779007595,29.800541916504283,70.67770107156538,7.519913192424509,15.117701155798775,2,2,2,1,1,Bueno
2005-12-27,9.437656255438924,13.994631407830196,52.56862177527868,19.57342369010893,10.854407045703669,1,1,2,1,1,Bueno
2005-12-28,9.130837718853776,13.585980698035078,56.025913550303535,22.155228445574313,12.373189096649488,1,1,2,1,1,Bueno
2005-12-29,17.34401037792365,31.950848530215552,74.61598676756809,12.87446960117506,14.192138161314162,2,2,2,1,1,Bueno
2005-12-30,11.098817215811822,18.04754116944354,52.6123802496382,22.382486879929978,11.994917481645892,1,1,2,1,1,Bueno
2005-12-31,7.380833346707125,13.844262827283297,42.85730780661106,24.993429492406406,10.020961546362974,1,1,1,1,1,Muy Bueno
2006-01-01,6.628072911252578,11.640162093133169,35.41216696284556,41.32218052378302,11.423894212414057,1,1,1,1,1,Muy Bueno
2006-01-02,12.641099484179032,18.556810912413475,57.19854167982554,26.80732200388181,13.95759614232259,1,1,2,1,1,Bueno
2006-01-03,10.129531232329706,19.230176277840748,62.497003162136444,26.436322049771324,13.896522411551231,1,1,2,1,1,Bueno
2006-01-04,21.177031265571713,40.318449223754094,94.52856470231087,10.139332195871496,19.41319352080745,2,2,2,1,1,Bueno
2006-01-05,24.191256647958806,41.59042207335497,92.79606796005397,10.82734133183036,18.419757677395626,2,2,2,1,1,Bueno
2006-01-06,13.297343764454126,15.135433337787788,58.435833342870076,13.84932861353399,10.115316683451335,1,1,2,1,1,Bueno
2006-01-07,8.869843741257986,10.388016386403413,45.523676467097665,17.394722247289288,10.689934643849828,1,1,1,1,1,Muy Bueno
2006-01-08,10.534531258046627,14.402407721952681,50.18173067844831,17.380203732003178,12.129294857382774,1,1,2,1,1,Bueno
2006-01-09,17.840989553059142,31.53839738170306,75.73756407774411,10.183650255203247,13.329278846581778,2,2,2,1,1,Bueno
2006-01-10,10.95765623729676,17.111907050586662,55.54216346450341,22.019813567501004,13.318926288149296,1,1,2,1,1,Bueno
2006-01-11,20.32385424276193,35.23072121063104,84.79355774170313,13.813208828555304,16.966378184465263,2,2,2,1,1,Bueno
2006-01-12,21.719270885611575,42.12768219471751,87.9367042088547,10.323584918705922,17.82513730552932,2,2,2,1,1,Bueno
2006-01-13,24.87633505916096,45.32110745354787,91.6154166773955,11.38821238500882,17.092466650406518,2,2,2,1,1,Bueno
2006-01-14,18.475000051160652,28.40424150043755,72.48596092932388,12.851172424184865,13.697052138636089,2,2,2,1,1,Bueno
2006-01-15,16.4134031708952,20.071474387095524,64.87677881274467,17.341530623890105,12.137003210110542,2,1,2,1,1,Bueno
2006-01-16,11.003421076975371,12.426404502380334,64.45415734096667,19.93678023015011,10.92608346257891,1,1,2,1,1,Bueno
2006-01-17,16.73083336527149,25.260160281107975,69.27564106384914,14.980067901578945,14.207516038264984,2,2,2,1,1,Bueno
2006-01-18,26.144973859737057,48.02717942648973,90.76728138838772,9.144423722008527,19.967676253655018,2,2,2,1,1,Bueno
2006-01-19,17.085104116859537,34.5335540540384,75.11211548248927,13.091610173451699,17.216442293463608,2,2,2,1,1,Bueno
2006-01-20,24.97687499349316,46.12122578005637,77.32557698434744,9.448220331385984,16.80943909440285,2,2,2,1,1,Bueno
2006-01-21,13.722812470048666,21.35161861108664,55.04485565882463,12.72864406795825,11.67758012887759,1,1,2,1,1,Bueno
2006-01-22,15.710937502483526,23.52869989516073,53.799471059670815,15.754457618826526,12.635288447141647,2,1,2,1,1,Bueno
2006-01-23,23.205416688074667,41.069870441283996,80.93524271770589,12.046174956022364,16.890516959407602,2,2,2,1,1,Bueno
2006-01-24,21.077551995714504,36.55048933970403,72.74073397354823,11.42812501721912,16.15158237757535,2,2,2,1,1,Bueno
2006-01-25,14.133541679630676,26.016521737771335,72.13046774710378,24.61614600952291,14.347977517313215,1,2,2,1,1,Bueno
2006-01-26,22.546043995972518,45.252109683629286,82.36489256551442,16.575114228394412,15.921920501633195,2,2,2,1,1,Bueno
2006-01-27,11.328465592293512,22.382875798379672,56.42908786174141,24.740086358240024,13.176933130276728,1,1,2,1,1,Bueno
2006-01-28,11.058229135970274,16.972760778942995,50.78205123620155,24.823344629163046,13.140849357996231,1,1,2,1,1,Bueno
2006-01-29,12.69582008432459,16.970963113380666,51.67222751103915,25.12093373996495,13.323429478666721,1,1,2,1,1,Bueno
2006-01-30,25.27459006882756,41.91854165418026,91.72004802334003,15.66290813258716,21.64508828726473,2,2,2,1,1,Bueno
2006-01-31,35.03672209713194,66.24682685656425,116.44081860828553,7.406230902428943,27.665585887566042,3,3,3,1,1,Regular
2006-02-01,30.677500009536743,60.65086950695265,104.43384866821977,6.5197785475388095,25.09210947247135,3,3,3,1,1,Regular
2006-02-02,28.915675658793063,60.47049993276596,102.76143327427371,7.926712088121873,22.913268946603107,2,3,3,1,1,Regular
2006-02-03,23.03827225225758,43.26897822951951,83.33191679000855,9.213192240691479,18.96840003967285,2,2,2,1,1,Bueno
2006-02-04,15.871276588516032,23.431412132698522,56.43315270146713,20.606591300135072,13.956950848219824,2,1,2,1,1,Bueno
2006-02-05,14.60510414900879,22.68881410933458,59.71769219942582,24.97523815068258,15.190304489854055,1,1,2,1,1,Bueno
2006-02-06,22.410052312606293,44.418309139168784,91.65019294193813,10.801873926815832,22.009566640011954,2,2,2,1,1,Bueno
2006-02-07,30.10906254996856,64.93537460981052,111.54413291894056,7.4305507837187195,26.04034035712046,3,3,3,1,1,Regular
2006-02-08,34.44114582488934,72.71775246909077,116.15772137876417,7.460449830264781,26.123452816025054,3,3,3,1,1,Regular
2006-02-09,36.47604165971279,78.53660249557251,120.41996756466952,6.695527203837219,28.33424679017984,3,3,3,1,1,Regular
2006-02-10,46.82736827197828,99.72446109445929,124.65536177785773,5.364938702140715,32.056595393701606,3,4,3,1,1,Malo
2006-02-11,32.18114580710729,72.95349111448104,101.63723558875603,7.068376524460748,26.600959325805913,3,3,3,1,1,Regular
2006-02-12,24.543489546204608,41.22985574221,72.86171476657574,14.780255090622674,20.35677883028984,2,2,2,1,1,Bueno
2006-02-13,38.16299985514747,72.99457784016411,108.98393900831412,8.869711357385476,26.127804468075436,3,3,3,1,1,Regular
2006-02-14,31.631812471151353,69.433621252494,99.58405602115324,8.070383946308915,22.668653544534017,3,3,2,1,1,Regular
2006-02-15,29.810886028446728,60.827479002656055,83.85491653283437,10.612010566435583,17.695933380524316,2,3,2,1,1,Regular
2006-02-16,6.2400602482887635,16.147749165898745,40.864794425768395,24.875883401200202,10.058510294515793,1,1,1,1,1,Muy Bueno
2006-02-17,9.4761077658145,24.624582638732416,47.62337858122354,30.51987390561147,11.123395611353358,1,1,1,1,1,Muy Bueno
2006-02-18,7.254166669788814,14.15205343577619,34.005158641004,39.64270793526573,9.333989981219844,1,1,1,1,1,Muy Bueno
2006-02-19,5.986904770845459,10.910000011824922,28.059230700085394,46.49320926987533,8.620903031084449,1,1,1,1,1,Muy Bueno
2006-02-20,7.801249978088197,15.675325529006168,42.555216669837634,29.82395751653206,10.3400166674455,1,1,1,1,1,Muy Bueno
2006-02-21,9.365670724976354,17.166968185797806,47.10683417200443,29.816566391750776,12.348163588417194,1,1,1,1,1,Muy Bueno
2006-02-22,11.501547601960954,18.84923077367221,51.09899833723778,26.097424532126364,12.483300009568532,1,1,2,1,1,Bueno
2006-02-23,12.877005988252376,20.431220732803727,59.72704995115598,29.276091567437415,10.885566670099895,1,1,2,1,1,Bueno
2006-02-24,16.443413201920286,26.445176428306002,76.50562810977699,20.675612786523402,14.68795643779301,2,2,2,1,1,Bueno
2006-02-25,12.52202385096323,18.274557822010145,58.76872456641424,25.948916952532553,10.419166644008792,1,1,2,1,1,Bueno
2006-02-26,8.433652684003293,10.973823055998112,38.87899995406469,37.522619387533815,9.857833357652028,1,1,1,1,1,Muy Bueno
2006-02-27,24.15248443547243,37.90675079581713,70.9682549830251,28.439218456114165,14.091705695442531,2,2,2,1,1,Bueno
2006-02-28,18.226545549883987,31.208559380304475,70.7091973681115,23.674770327528456,15.765542601902219,2,2,2,1,1,Bueno
2006-03-01,12.714052274336222,25.604315081687822,55.5097949402964,33.856745049061004,13.116666638545501,1,2,2,1,1,Bueno
2006-03-02,21.720584493952913,46.71308203102791,78.10214291624472,21.342382687093547,16.649268698530133,2,2,2,1,1,Bueno
2006-03-03,13.428333282470703,29.654849958022435,49.53748344341914,29.700902634173367,12.126587452022248,1,2,1,1,1,Bueno
2006-03-04,5.643630939225356,9.05433332502842,38.90193335930506,31.370035325953392,8.61670000553131,1,1,1,1,1,Muy Bueno
2006-03-05,9.55155686025848,14.534583323399225,29.62811665356159,51.87095392382187,9.913733329375585,1,1,1,1,1,Muy Bueno
2006-03-06,14.671676658584687,24.33124157766368,57.46071782772847,32.959593649887786,13.317963284522742,1,1,2,1,1,Bueno
2006-03-07,17.520059548673174,34.49418685675492,59.66494812602403,23.073511009926307,14.040813129253454,2,2,2,1,1,Bueno
2006-03-08,15.47636909357139,31.334915245387513,49.34705592694419,18.876792161909055,14.090287641018579,2,2,1,1,1,Bueno
2006-03-09,15.689457837357578,30.02727427171624,44.59204782438766,18.49221238288204,12.254431457025152,2,2,1,1,1,Bueno
2006-03-10,11.6438095725718,25.747333377202352,40.0883333714803,44.57614162580102,10.365933338801065,1,2,1,1,1,Bueno
2006-03-11,9.965595223364376,19.79963334083557,31.663300026655197,45.69061945687353,11.182599991957346,1,1,1,1,1,Muy Bueno
2006-03-12,12.821796378689612,19.52733332335949,43.84703334093094,25.871957681376678,12.616900013287863,1,1,1,1,1,Muy Bueno
2006-03-13,21.74557891770413,47.790290218303284,71.1423274357093,14.845653625315842,16.948908505432104,2,2,2,1,1,Bueno
2006-03-14,22.542722476090436,54.54728446006775,77.57046461563844,14.445789456974671,16.24166665245325,2,3,2,1,1,Regular
2006-03-15,26.47340314425723,58.50018269358283,83.3687192732086,17.306510383884113,16.262840707901077,2,3,2,1,1,Regular
2006-03-16,30.23171868175268,64.89312283224442,79.03134961244537,19.172667818102287,14.869349600241437,3,3,2,1,1,Regular
2006-03-17,28.50541663666566,51.33427659644958,60.13852317375318,16.04678025034461,10.684173361638958,2,3,2,1,1,Regular
2006-03-18,12.588645859311024,15.962067317504149,42.627035277585186,32.43855927354198,8.31238781947356,1,1,1,1,1,Muy Bueno
2006-03-19,9.319218762218952,14.234326935922487,30.625769287156754,47.94977968021975,8.546089738607407,1,1,1,1,1,Muy Bueno
2006-03-20,8.426406259958943,13.46421474027328,36.24697115043035,43.82886447098296,8.33157052558202,1,1,1,1,1,Muy Bueno
2006-03-21,10.784322907527288,18.184301737032197,49.39762822022805,36.12133894047495,9.231490390040936,1,1,1,1,1,Muy Bueno
2006-03-22,13.465260423719883,23.82216308398572,45.2822222733379,36.19500882537277,9.830995029477931,1,1,1,1,1,Muy Bueno
2006-03-23,12.873821997517691,23.07812296492713,45.22818479404198,32.60108395181336,9.170627053421322,1,1,1,1,1,Muy Bueno
2006-03-24,12.649427127093077,23.032916681315655,34.679214718059086,43.12983076544179,8.705576931818937,1,1,1,1,1,Muy Bueno
2006-03-25,14.082135448853174,27.169166715481342,39.77069011832891,36.36225799429396,9.081506427664022,1,2,1,1,1,Bueno
2006-03-26,16.983131903213458,33.5538963466185,52.190986652438056,27.839699105456866,12.239214063089427,2,2,2,1,1,Bueno
2006-03-27,19.05291427544185,39.82607139937289,54.829339740356964,23.102286702943744,12.31341385188694,2,2,2,1,1,Bueno
2006-03-28,11.148303033366348,23.787048358301963,42.46429260712345,42.506132938183555,9.359919612430684,1,1,1,1,1,Muy Bueno
2006-03-29,14.84197532394786,31.86615770975215,46.64181055876108,34.384673737554536,9.740514961588026,1,2,1,1,1,Bueno
2006-03-30,21.53172616731553,45.474737726274086,60.017859452690175,19.268804129529453,11.689999990104264,2,2,2,1,1,Bueno
2006-03-31,20.060118925003778,43.4224634603318,63.01650561917807,22.03650254183188,11.39461292028427,2,2,2,1,1,Bueno
2006-04-01,14.766347344763979,32.01409316024658,50.038621765871845,30.911983019214567,9.260897445373047,1,2,2,1,1,Bueno
2006-04-02,13.667797705956868,23.082724320582855,46.44751603041704,34.67505084458044,8.778028853810751,1,1,1,1,1,Muy Bueno
2006-04-03,14.854880958085968,33.256796114653056,68.67731830530676,29.122229835385934,10.001841673750869,1,2,2,1,1,Bueno
2006-04-04,20.966250019414083,53.12231019214675,60.70056477575207,33.37209872636004,9.873172770702958,2,3,2,1,1,Regular
2006-04-05,13.796084390347263,29.552315291512777,49.00318109152951,42.07229305094686,8.267814045045737,1,2,1,1,1,Bueno
2006-04-06,14.052083339009966,22.538711808153973,60.801382632884184,31.100441412124244,8.32585209205603,1,1,2,1,1,Bueno
2006-04-07,13.143154740333557,22.194807094009743,53.82186187748733,33.39466891669255,8.45582664682624,1,1,2,1,1,Bueno
2006-04-08,18.95684519835881,31.94766026123976,58.83330130959168,29.869524675233254,9.294487183674788,2,2,2,1,1,Bueno
2006-04-09,16.13732146365302,27.52131410669058,52.59499995372234,38.19096776180235,9.229166651383425,2,2,2,1,1,Bueno
2006-04-10,12.416407185400317,22.721027267495856,43.33537718189662,42.53800687838657,8.312495972223328,1,1,1,1,1,Muy Bueno
2006-04-11,11.73443112116374,29.376225823163985,51.39387457662073,48.782057931634036,9.064099668689863,1,2,2,1,1,Bueno
2006-04-12,14.42023811879612,33.63182849328495,71.07873193486736,36.6464455638613,9.58070627070162,1,2,2,1,1,Bueno
2006-04-13,10.589041901205828,20.538842445017824,44.54280898123262,53.362767443794546,8.207624407488117,1,1,1,1,1,Muy Bueno
2006-04-14,18.153273863451822,34.83286865093769,49.91229183704425,44.947411154732485,8.970432703693708,2,2,1,1,1,Bueno
2006-04-15,7.561726177022571,11.462307688899529,26.21160251704546,51.2773175571487,6.967387818755248,1,1,1,1,1,Muy Bueno
2006-04-16,9.83000001524176,15.626426295974316,36.70410257386855,38.56576183088607,7.2874198739345255,1,1,1,1,1,Muy Bueno
2006-04-17,9.863928555023103,16.17881221775067,45.337255178638294,35.78831892492866,7.7968269147169895,1,1,1,1,1,Muy Bueno
2006-04-18,13.965833330438251,24.521187807545424,60.20094548433255,36.19393886653596,8.955080145062544,1,1,2,1,1,Bueno
2006-04-19,16.73624991944858,34.48207510686388,69.14094623189183,28.854792433214023,9.357275690962402,2,2,2,1,1,Bueno
2006-04-20,17.44831329943186,35.710408136552694,63.11894912558087,38.1663913572712,9.09634517453447,2,2,2,1,1,Bueno
2006-04-21,12.678690508717583,23.920262263251132,46.246274610360466,27.93149048079651,7.654133996153189,1,1,1,1,1,Muy Bueno
2006-04-22,13.106369077449752,20.17009676310324,53.19467843690486,28.017979589504378,7.636704193434148,1,1,2,1,1,Bueno
2006-04-23,15.3577975942975,23.673278732768825,44.43092947663405,38.61460236325078,8.474391037454971,2,1,1,1,1,Bueno
2006-04-24,18.452202453499748,35.73552677619786,53.539967822183925,42.543639447413334,10.364573279056764,2,2,2,1,1,Bueno
2006-04-25,21.795595293953305,48.3613051481387,66.82425324483351,38.959553961483934,10.067585646425531,2,2,2,1,1,Bueno
2006-04-26,22.51339281456811,51.562636596213586,78.75737171906691,42.83284027560227,9.292083317652727,2,3,2,1,1,Regular
2006-04-27,17.596503101243563,40.68988589976432,64.05310190783179,36.6094682621506,8.461357021562888,2,2,2,1,1,Bueno
2006-04-28,12.458614466420139,28.623101773285136,40.45437309672978,43.34700680995474,7.206661318890738,1,2,1,1,1,Bueno
2006-04-29,15.560424244042599,27.910160521634317,38.02081736158102,58.81576978292966,6.6328205321079645,2,2,1,1,1,Bueno
2006-04-30,11.687607370271273,18.87484700706654,37.63685898329967,61.7371694213253,6.752227566467646,1,1,1,2,1,Bueno
2006-05-01,15.135688653249227,29.581861932243235,42.797115394702324,52.21160738681981,7.154535253854612,2,2,1,1,1,Bueno
2006-05-02,16.422678467773256,34.68860351981933,48.95379804265805,51.50903222111571,7.488413459406449,2,2,1,1,1,Bueno
2006-05-03,20.443173671197034,39.94364951124528,62.81324232275184,44.167918123075985,7.445746388997924,2,2,2,1,1,Bueno
2006-05-04,20.93113100528717,34.044173338631374,64.6159775853157,27.0405602487522,7.381105766846583,2,2,2,1,1,Bueno
2006-05-05,20.024642867701395,32.790496739057396,65.09969497301032,21.722020386839965,7.543205135525802,2,2,2,1,1,Bueno
2006-05-06,17.518452414444514,29.67046473500056,50.323205090486084,36.92945764186019,7.338942318008496,2,2,2,1,1,Bueno
2006-05-07,12.281976029544534,22.955785266863995,42.18153845728972,41.83720333212513,7.157451918109869,1,1,1,1,1,Muy Bueno
2006-05-08,12.57910717952819,22.03467849903168,49.165608948239914,52.79659322964943,7.257041791819299,1,1,1,1,1,Muy Bueno
2006-05-09,14.346107796994511,31.385772332912538,59.35043919687349,49.35204153737395,8.01577236768676,1,2,2,1,1,Bueno
2006-05-10,23.017976264158886,50.4066776680319,87.11137249890496,34.3589982920566,9.010539214205897,2,3,2,1,1,Regular
2006-05-11,26.536973713259947,58.367500073862395,72.46812492922733,36.120522619124486,8.386907879851366,2,3,2,1,1,Regular
2006-05-12,20.977735867290377,36.603970574008095,59.97862958752506,38.87810017119624,7.599951071218021,2,2,2,1,1,Bueno
2006-05-13,18.019702323845454,35.06748000079135,55.108157094472496,46.18452547768415,7.263044882470217,2,2,2,1,1,Bueno
2006-05-14,21.379166719459352,40.09724355660952,50.63158663228536,47.906412863691045,7.616474378185394,2,2,2,1,1,Bueno
2006-05-15,21.655000053700945,42.76707400463018,57.084535158597504,44.44362707582571,7.697115385379547,2,2,2,1,1,Bueno
2006-05-16,25.479464292526245,53.82136217905925,73.1515705478497,37.58408466234045,8.491794867393297,2,3,2,1,1,Regular
2006-05-17,37.07054875536663,86.09014538113739,85.54630661087651,26.33738462415516,9.926741939206277,3,3,2,1,1,Regular
2006-05-18,20.96027776019441,51.31583334088325,55.24889987587929,34.661728387156494,7.8830884858244445,2,3,2,1,1,Regular
2006-05-19,13.263496504796969,30.747753384548265,58.5676183575714,49.66100893106547,7.682719605295239,1,2,2,1,1,Bueno
2006-05-20,12.212420370168747,26.47789469315767,41.88867797528283,46.28505370608367,7.246196950534406,1,2,1,1,1,Bueno
2006-05-21,9.396047876980491,20.4828929071841,40.35242474597433,45.07245571284749,7.322040137140249,1,1,1,1,1,Muy Bueno
2006-05-22,12.554166706545013,26.756585365388453,38.46719605455136,53.424769305367754,7.248687192870114,1,2,1,1,1,Bueno
2006-05-23,13.216130864052545,27.422449598386308,47.7920930093573,53.07852213488424,7.546697650029678,1,2,1,1,1,Bueno
2006-05-24,15.597565824263974,31.63486484313807,56.28196837712848,51.11363030081036,8.001079361590127,2,2,2,1,1,Bueno
2006-05-25,21.88761596648109,47.52085452366479,80.88966822661871,38.730816692908604,9.27052297796198,2,2,2,1,1,Bueno
2006-05-26,20.697559448934737,43.14506207711948,74.26905873969748,43.97697705108356,9.370293200751881,2,2,2,1,1,Bueno
2006-05-27,28.493333376589277,72.35545594541146,60.36401233481772,44.33363201020207,8.359845676815803,2,3,2,1,1,Regular
2006-05-28,35.006428528399695,84.24448063872582,50.48819444981622,42.880423533217524,8.315493830560166,3,3,2,1,1,Regular
2006-05-29,32.999345251492095,75.84730408707382,69.1274532020092,36.11953875613959,9.586874990910292,3,3,2,1,1,Regular
2006-05-30,12.467604797043487,32.01921753816202,41.023875046893956,45.16417637125228,8.4232500012964,1,2,1,1,1,Bueno
2006-05-31,12.045602433652762,34.76165632935869,40.97456785447804,61.676888502378034,8.003194446181073,1,2,1,2,1,Bueno
2006-06-01,14.398421061666388,36.22642856249733,50.19469209135426,63.62291097998211,7.963380726216152,1,2,2,2,1,Bueno
2006-06-02,16.15019109978038,35.97572317963127,62.63700628355379,47.727816553115844,8.224191542135864,2,2,2,1,1,Bueno
2006-06-03,10.013048765135974,21.92789469488634,36.2999228257456,71.39709844276554,7.0318518497141795,1,1,1,2,1,Bueno
2006-06-04,15.857065848961561,29.93188562201569,38.15030865242452,84.01125634630586,7.307885804570016,2,2,1,2,1,Bueno
2006-06-05,21.147916714350384,40.11394124495375,87.85446692176359,51.985751742631,8.955679035205165,2,2,2,1,1,Bueno
2006-06-06,22.371428633020038,44.94415510310683,82.23493809006162,50.08628288538832,9.298933542309072,2,2,2,1,1,Bueno
2006-06-07,24.737425204522594,60.21477017349751,85.1061392615113,44.85244560960549,9.597908091620674,2,3,2,1,1,Regular
2006-06-08,32.73934514749618,83.67230393520343,79.01519550105589,43.924429710246315,10.278122061295129,3,3,2,1,1,Regular
2006-06-09,26.622349349849195,60.80906401707118,63.91185749721232,32.731731995648026,7.894241490046675,2,3,2,1,1,Regular
2006-06-10,17.97017964060435,29.48185189675402,43.41800936136717,49.05092679388155,6.6146604884415865,2,2,1,1,1,Bueno
2006-06-11,17.716428612669308,29.668163595376193,41.02140435870783,61.05508976076011,6.732268509650488,2,2,1,2,1,Bueno
2006-06-12,14.951626430074853,30.345897848945654,46.61553322587168,70.37167206201397,7.346279073916665,1,2,1,2,1,Bueno
2006-06-13,20.670178600719996,44.12264296260462,50.77382712526086,73.49879271676839,7.647897992288864,2,2,2,2,1,Bueno
2006-06-14,30.276071349779766,79.04676490782215,57.15680557562981,58.90017902035667,8.12729937132494,3,3,2,1,1,Regular
2006-06-15,23.528902391108073,48.5402031801641,53.28433431855665,56.06322425945301,7.489130423676153,2,2,2,1,1,Bueno
2006-06-16,20.299146357106,36.50108699250666,56.1131365765696,49.87395072999548,7.736656300202128,2,2,2,1,1,Bueno
2006-06-17,15.966566236622363,29.065499990433455,42.78825262295847,47.56553541101773,7.129134468538499,2,2,1,1,1,Bueno
2006-06-18,11.429757595062256,17.359621463137845,39.19424298020191,55.60138561968413,7.118364183623114,1,1,1,1,1,Muy Bueno
2006-06-19,22.097305397787494,38.52845437965216,68.18626931651089,42.60508939231314,8.19532507787179,2,2,2,1,1,Bueno
2006-06-20,25.41428577048438,43.733249969780445,58.86675931200569,44.88965744295478,7.757314812621953,2,2,2,1,1,Bueno
2006-06-21,22.695328955587588,38.370189922142636,62.30985761820516,48.72606365644752,7.955142417286016,2,2,2,1,1,Bueno
2006-06-22,29.57529031845831,54.30614775381748,85.29899529198089,47.17106677174568,8.808100470194075,2,3,2,1,1,Regular
2006-06-23,34.72066278342741,65.50494586776544,84.38239196347601,50.436039277652675,9.2857407224767,3,3,2,1,1,Regular
2006-06-24,23.58461072202214,46.81185755936354,42.50581792879988,64.93257331071537,7.84510804216067,2,2,1,2,1,Bueno
2006-06-25,18.266886221434543,24.041527775334725,31.109165389902625,66.56991590153088,7.366697537862224,2,1,1,2,1,Bueno
2006-06-26,22.022261852309818,30.160363922390758,51.414839266580785,56.489999879527296,8.327674048045013,2,2,2,1,1,Bueno
2006-06-27,22.139166680120287,46.238740208393004,70.80167198404669,46.43894215004503,9.654078123159707,2,2,2,1,1,Bueno
2006-06-28,24.891257491654265,47.137414314293785,65.91384496097417,53.233284337068696,9.166604636621106,2,2,2,1,1,Bueno
2006-06-29,25.76500000508435,45.27266983360664,63.77820472717285,60.47179995814959,9.424393701928807,2,2,2,2,1,Bueno
2006-06-30,32.32797622396832,61.670882360854016,79.00928584166935,52.89223122053115,9.269814807691692,3,3,2,1,1,Regular
2006-07-01,17.869757595206753,35.777996854451175,55.65422957385861,62.177605790501694,8.264969132564685,2,2,2,2,1,Bueno
2006-07-02,16.77166672547658,29.94340093347844,48.01933433507618,61.972369293371834,8.269736851885591,2,2,1,2,1,Bueno
2006-07-03,18.156706595135308,32.74069556644564,45.32114421013381,55.60859039015636,8.029388711276846,2,2,1,1,1,Bueno
2006-07-04,21.298562907887078,49.481949197131364,65.09003164307981,38.250163383246246,10.286439885632902,2,2,2,1,1,Bueno
2006-07-05,19.921496923098307,36.397472108680226,49.716305081949294,57.045735282835615,8.94122642203697,2,2,1,1,1,Bueno
2006-07-06,24.452797652000474,38.3757054432418,48.47589507367876,66.0869982783207,8.396882714680684,2,2,1,2,1,Bueno
2006-07-07,21.04686750848609,37.84177298086057,55.88762351980916,66.64858069427639,8.787978406673597,2,2,2,2,1,Bueno
2006-07-08,21.145878808426133,42.92377917688705,48.9642900199066,69.49495106857586,7.833796293693192,2,2,1,2,1,Bueno
2006-07-09,26.83406056057323,47.26944188406301,61.181959827373056,68.11627034294489,8.169598757783756,2,2,2,2,1,Bueno
2006-07-10,31.381257465499605,61.85718939689376,82.44782417203173,54.677455174592346,9.851464188358866,3,3,2,1,1,Regular
2006-07-11,39.104817032814026,83.13690368372117,92.44646052636172,30.862512249931036,10.9960000006482,3,3,2,1,1,Regular
2006-07-12,31.256428656123934,70.9401864464979,69.09692891438802,45.06167745163076,8.781435189791667,3,3,2,1,1,Regular
2006-07-13,23.022682973524418,51.28419516477791,58.61231478644006,54.297520355921584,8.342314812136285,2,3,2,1,1,Regular
2006-07-14,20.42656439213665,35.79496030308743,61.97318025178547,61.63740817758949,7.833465189118929,2,2,2,2,1,Bueno
2006-07-15,18.897055254392097,35.821040975558645,45.200661377643975,80.54144989967347,7.624661421681952,2,2,1,2,1,Bueno
2006-07-16,20.133473022255355,34.4872291043816,40.890655274324224,85.9686447498227,7.441747270675606,2,2,1,2,1,Bueno
2006-07-17,23.081626567495874,42.480508773997784,65.24980705880658,54.730598426782166,8.093681680044561,2,2,2,1,1,Bueno
2006-07-18,30.237185643818563,67.668528175354,67.87740853708385,46.432453934485174,8.440810812865228,3,3,2,1,1,Regular
2006-07-19,25.540357061794825,53.48052708360273,52.77804271798385,49.68935421915371,7.834917768443885,2,3,2,1,1,Regular
2006-07-20,30.964404766048705,62.397828935792575,68.09767983941471,49.34671847313797,8.644526134519015,3,3,2,1,1,Regular
2006-07-21,27.603780528394186,54.69812288639229,68.1522915882942,57.36347447209439,8.640048064004917,2,3,2,1,1,Regular
2006-07-22,16.202590350645135,29.593868456147074,50.06822111323858,65.76723732867484,7.954102573199914,2,2,2,2,1,Bueno
2006-07-23,14.726363634134268,31.182528187495308,44.863413536586826,67.81736040135527,8.47530449477908,1,2,1,2,1,Bueno
2006-07-24,29.235766851097527,54.92263930899198,75.58591362986809,49.06338408654918,9.932724349200726,2,3,2,1,1,Regular
2006-07-25,23.095843382628566,47.767043595938,69.8667736045813,49.004101724947915,9.791059378444862,2,2,2,1,1,Bueno
2006-07-26,23.40460604609865,56.43451779984968,73.52525645952959,40.316474562580304,10.244358968371765,2,3,2,1,1,Regular
2006-07-27,22.230119701631054,47.7479807864397,62.35000006778118,41.52259768775849,9.191105775344067,2,2,2,1,1,Bueno
2006-07-28,16.319813686868418,31.98972750053956,53.17035257357817,64.6619660636126,7.972702266328929,2,2,2,2,1,Bueno
2006-07-29,13.298132545976754,27.455184522448153,45.78278856590772,67.25230110518622,7.685114009857954,1,2,1,2,1,Bueno
2006-07-30,19.103473074778826,37.1596154601146,58.382868618155136,54.84723727127253,8.828541663499214,2,2,2,1,1,Bueno
2006-07-31,19.189880216906886,43.4985895723624,59.68801267854047,36.52076534820277,9.216908529823886,2,2,2,1,1,Bueno
2006-08-01,16.511757605003588,36.29712497293949,56.81544751039258,55.67415425029686,9.191112825822609,2,2,2,1,1,Bueno
2006-08-02,18.024268289891683,35.960448871456066,44.903678529229374,61.08539971597432,8.420401863005283,2,2,1,2,1,Bueno
2006-08-03,14.910421673073825,37.70530232089435,46.48297212736525,51.77145897003471,8.689071206116456,1,2,1,1,1,Bueno
2006-08-04,11.151547619984264,27.318260867773375,33.25346271147639,56.99039147534145,7.403719143735038,1,2,1,1,1,Bueno
2006-08-05,9.455632963889762,20.818221530006753,27.39614778344736,66.81060354316799,7.057213626732767,1,1,1,2,1,Bueno
2006-08-06,8.411212120995376,16.358129795404636,24.311373497049015,68.55208471776608,6.9683333420781075,1,1,1,2,1,Bueno
2006-08-07,17.581411020156064,38.162890325926554,42.55871713603667,76.41807501312181,7.962198134361775,2,2,1,2,1,Bueno
2006-08-08,15.230185134911244,36.34934177294046,32.035250052437185,70.78222959013826,7.564317117119135,2,2,1,2,1,Bueno
2006-08-09,12.360678994361265,25.790868243505788,41.83766615860613,65.61773776480409,7.675085012566361,1,2,1,2,1,Bueno
2006-08-10,15.679520985323512,34.16822987054446,53.176651157334796,64.0587049773482,8.068788818320872,2,2,2,2,1,Bueno
2006-08-11,14.614819243729833,31.891049361523287,46.91718266106243,67.55147299867996,7.772975073332356,1,2,1,2,1,Bueno
2006-08-12,16.280000025317783,39.581453119590876,46.541965646788405,70.08903749537507,8.146157401188471,2,2,1,2,1,Bueno
2006-08-13,11.312048135392637,19.625308646831982,28.018395069940592,75.25351296375,6.891080256028354,1,1,1,2,1,Bueno
2006-08-14,19.207365300127133,37.076290606715396,42.98147100014306,64.606235594289,7.794358585772596,2,2,1,2,1,Bueno
2006-08-15,26.85572293005794,51.52734567132997,32.59669865343051,79.0281536696004,8.17138888914552,2,3,1,2,1,Regular
2006-08-16,18.60867469856538,45.752422786053316,26.93830184132423,56.60409465932924,7.613055550849732,2,2,1,1,1,Bueno
2006-08-17,8.952754526438113,21.182375775731128,31.841319938068803,45.29177138663285,7.088695665000018,1,1,1,1,1,Muy Bueno
2006-08-18,12.994464279640288,29.080186285217355,41.78075965615206,39.32603935251064,7.502375774039245,1,2,1,1,1,Bueno
2006-08-19,10.681257490626352,20.55606811777357,39.738595788861495,45.11679735682369,7.391836420345453,1,1,1,1,1,Muy Bueno
2006-08-20,9.492335287039865,16.953135102699807,41.25155863680957,66.19874187330015,7.669120350921595,1,1,1,2,1,Bueno
2006-08-21,17.456845274993352,35.2112261345432,58.323425873562144,60.56639345278506,8.421666663370015,2,2,2,2,1,Bueno
2006-08-22,24.874999933299563,49.81185358409941,80.50320872413778,51.30593434332824,9.683255819202394,2,2,2,1,1,Bueno
2006-08-23,27.594523696672347,62.69087232013358,85.44953635192175,45.565693304355925,10.077731485168139,2,3,2,1,1,Regular
2006-08-24,20.047030365828313,42.85893018781677,66.05434330611546,51.9212887652741,8.580633692063357,2,2,2,1,1,Bueno
2006-08-25,16.55640718323028,38.01660989903075,50.77535503661191,43.306035962812665,8.901188292989024,2,2,2,1,1,Bueno
2006-08-26,12.338343595434552,22.020910480508096,33.42438274805929,58.60477985332296,8.04146605288541,1,1,1,1,1,Muy Bueno
2006-08-27,12.546686712517795,21.10969096062909,31.73300925228331,63.279022897105264,7.64342591975942,1,1,1,2,1,Bueno
2006-08-28,19.55893750935793,43.5276790244557,62.827014067310195,35.06357374503964,9.806376351538935,2,2,2,1,1,Bueno
2006-08-29,18.398860697882085,36.738589332395215,63.39051737830183,36.955415233029086,9.361489030261025,2,2,2,1,1,Bueno
2006-08-30,17.251787968423983,36.82337100544284,58.74233131470021,36.67733441710674,9.099101117870399,2,2,2,1,1,Bueno
2006-08-31,19.838048854252186,47.54625601387024,66.90639804324833,41.215798334314044,9.465213270548961,2,2,2,1,1,Bueno
2006-09-01,30.03472392690694,62.83796851841483,98.02124230066936,36.71006591386921,11.443785032564977,3,3,2,1,1,Regular
2006-09-02,31.405568955187313,65.48922482793645,95.37594141268436,39.945276858558096,11.746419748958246,3,3,2,1,1,Regular
2006-09-03,30.04892857869466,65.6146585341566,76.82484578350444,50.29091640267942,10.322608035103775,3,3,2,1,1,Regular
2006-09-04,37.02342116205316,81.94200637750029,85.24066970374976,42.62484845157826,10.900825386577182,3,3,2,1,1,Regular
2006-09-05,23.823333279954063,55.23563612140895,64.67435897619296,38.714363365707655,9.501217945646017,2,3,2,1,1,Regular
2006-09-06,19.789084585619644,49.428881735623946,57.584068023211756,41.19343595749292,8.573987045009867,2,2,2,1,1,Bueno
2006-09-07,22.272466701666513,44.679095219808914,69.4352931840295,30.47647649089762,8.771489698044283,2,2,2,1,1,Bueno
2006-09-08,19.22119046392895,38.400154306196875,67.0843518839942,43.4073246909977,8.473503085934086,2,2,2,1,1,Bueno
2006-09-09,24.397151551102148,50.014435782130384,61.07180842070896,46.33369284089095,8.626182382958012,2,3,2,1,1,Regular
2006-09-10,16.96335446004626,30.96379633303042,52.40649691113719,48.69634583256956,7.737885802248378,2,2,2,1,1,Bueno
2006-09-11,25.37726707265984,48.99035494783778,59.10896606945697,36.336934451587865,8.058842601047623,2,2,2,1,1,Bueno
2006-09-12,20.427852787123136,45.11584238880753,49.88023145257691,34.123709118444154,8.26842593870781,2,2,1,1,1,Bueno
2006-09-13,19.747818131157846,33.58878313732593,50.45560181950346,38.260310003457995,8.349922835642909,2,2,2,1,1,Bueno
2006-09-14,13.237037053446711,23.635447480428365,42.016249923794355,40.96346415335836,8.01702159339631,1,1,1,1,1,Muy Bueno
2006-09-15,12.676064552799348,20.33658950564302,43.64516968270879,34.162283802499196,8.039907395471761,1,1,1,1,1,Muy Bueno
2006-09-16,10.19698114215203,18.90052467253473,46.689197496499546,43.52430668740638,8.253225310165206,1,1,1,1,1,Muy Bueno
2006-09-17,15.784085351519469,28.2378638063791,56.01609571443664,39.56302285389184,9.294629644832494,2,2,2,1,1,Bueno
2006-09-18,19.650243936515437,38.210712064899525,69.6212653701688,28.371827108436076,10.083873457378811,2,2,2,1,1,Bueno
2006-09-19,25.231796480938346,50.88615149250355,83.09558651623902,32.745024581197434,11.417685194515888,2,3,2,1,1,Regular
2006-09-20,26.618773088864753,54.699245313428484,81.81740218522216,32.888308400933816,11.24856025027184,2,3,2,1,1,Regular
2006-09-21,23.023272716637813,52.61231482764821,52.22339008171861,37.96563933423308,9.208346218008899,2,3,2,1,1,Regular
2006-09-22,10.737254858796113,21.463281228393317,44.78882814161479,34.88052799442027,7.984718740358948,1,1,1,1,1,Muy Bueno
2006-09-23,14.503912987916365,34.70553796728955,53.72399692324477,26.842981537382805,9.25421800733931,1,2,2,1,1,Bueno
2006-09-24,8.986329140919674,18.06984495710033,32.54072648553981,35.46725945293806,7.374034001617196,1,1,1,1,1,Muy Bueno
2006-09-25,12.104968951355596,20.438516249428208,44.19088103782265,36.812267624729024,8.031718272911874,1,1,1,1,1,Muy Bueno
2006-09-26,17.877756460354878,35.83599080020798,70.61045025853637,24.469031164211593,9.764620154033336,2,2,2,1,1,Bueno
2006-09-27,22.133268007265976,46.82551934404891,77.43582552615727,28.493508154837812,10.821519376695619,2,2,2,1,1,Bueno
2006-09-28,18.288767148370614,37.948338581908565,53.32646976325597,36.135634355922114,8.422348366925727,2,2,2,1,1,Bueno
2006-09-29,14.802937456965447,32.29619189128049,51.579102182535934,32.428772505098394,7.880882347331328,1,2,2,1,1,Bueno
2006-09-30,13.017125735739748,25.408003161197108,36.87863981521111,26.99848534773538,7.068562592752566,1,2,1,1,1,Bueno
2006-10-01,8.191071459934825,15.655386979734935,35.36166671028844,33.95414355528491,7.0678395102789375,1,1,1,1,1,Muy Bueno
2006-10-02,18.568571429167473,44.848558166784834,62.717217884623835,23.303807221791324,9.531666669580671,2,2,2,1,1,Bueno
2006-10-03,11.213652752830598,24.442932071877113,44.431882581961005,34.51190241759385,7.272361106342739,1,1,1,1,1,Muy Bueno
2006-10-04,9.551071441599301,21.053919733306508,44.151527837470724,36.44723856682871,7.260540118555964,1,1,1,1,1,Muy Bueno
2006-10-05,16.744285724177864,32.15799999833107,64.252118366901,24.13260659145527,9.17368013222025,2,2,2,1,1,Bueno
2006-10-06,17.78940120856919,39.8029920457855,75.33117651865578,22.157736169398802,9.908410493606402,2,2,2,1,1,Bueno
2006-10-07,17.937857173738024,39.600499181931724,55.620713264258335,23.486856692000398,8.554382727469926,2,2,2,1,1,Bueno
2006-10-08,22.03220236159506,40.19461297373618,63.93538569079505,27.893213731429704,10.159783946879116,2,2,2,1,1,Bueno
2006-10-09,27.40976187799658,58.019759331239364,84.47026345526525,26.28677525009705,11.071358039055342,2,3,2,1,1,Regular
2006-10-10,29.24029764533043,74.27845162730063,75.59234112362529,17.804991820070523,9.669027795394262,2,3,2,1,1,Regular
2006-10-11,17.15078317580453,39.38220227328638,53.65326624610476,28.019787931033875,8.054884087357676,2,2,2,1,1,Bueno
2006-10-12,7.8329090963710435,15.360243098275975,39.192824117931316,41.71719403134668,7.13092592836898,1,1,1,1,1,Muy Bueno
2006-10-13,15.816060535835497,28.793673132036883,59.713240715824526,35.436062082356095,8.91283952637955,2,2,2,1,1,Bueno
2006-10-14,20.223012083266156,36.96882349681231,69.99952169774491,29.731794443206336,9.846543187712445,2,2,2,1,1,Bueno
2006-10-15,17.964821415288107,30.763474588474985,57.44760871377791,38.579245914201266,8.291288818261638,2,2,2,1,1,Bueno
2006-10-16,17.406607152450654,45.67295635805762,52.46956785961434,37.564527668083144,7.483796298135946,2,2,2,1,1,Bueno
2006-10-17,17.023652682047405,21.06085483681771,65.79744944194242,19.646639325628517,7.59753105729263,2,1,2,1,1,Bueno
2006-10-18,11.722380991847743,16.963065787073507,54.352263568907745,24.614397419586243,7.2109876422234525,1,1,2,1,1,Bueno
2006-10-19,10.247738090299425,18.27347755470337,49.915703183163814,29.574535055417222,7.073024692542759,1,1,1,1,1,Muy Bueno
2006-10-20,15.72351195556777,19.342717037323588,61.32506168918845,19.735317095896093,7.634861107455728,2,1,2,1,1,Bueno
2006-10-21,9.209464286054883,16.169679519457695,43.259922487791194,23.37076672605356,6.877283949910859,1,1,1,1,1,Muy Bueno
2006-10-22,13.24535716715313,21.377355780356968,44.24622877082648,18.842880527584917,6.922515428360597,1,1,1,1,1,Muy Bueno
2006-10-23,11.604523774768625,14.294074068514814,47.79528685798941,20.099886146405847,7.090895074109237,1,1,1,1,1,Muy Bueno
2006-10-24,24.549761921522162,49.805410488024236,65.31300770737404,16.19323528898892,9.544992264953242,2,2,2,1,1,Bueno
2006-10-25,14.976706609754505,25.708365431580788,62.54462962238877,13.13692181341423,8.256682101223204,1,2,2,1,1,Bueno
2006-10-26,14.87624995658795,22.94027241032857,59.97072526849347,24.209657985535042,7.880895048747828,1,1,2,1,1,Bueno
2006-10-27,22.028922095270214,52.57573966006374,63.03852700669636,19.552491804615396,8.593425920348109,2,3,2,1,1,Regular
2006-10-28,30.62869045280275,80.6139102379481,62.130422602610224,18.466955818930938,9.855679019733712,3,3,2,1,1,Regular
2006-10-29,32.21291684678623,65.24195517332126,75.29557994914279,15.888101488595703,11.776126553247005,3,3,2,1,1,Regular
2006-10-30,34.017023906466505,91.55016166289519,83.15809155262608,9.534733344415823,13.094294596457667,3,4,2,1,1,Malo
2006-10-31,33.16392860809962,76.96142873641575,78.7388217545295,12.764910249881215,11.78169753117326,3,3,2,1,1,Regular
2006-11-01,25.04434511207399,55.417435956306946,67.03372093910394,15.300570024729552,9.322932105097506,2,3,2,1,1,Regular
2006-11-02,26.892380964188348,51.628766030837326,69.17274680549716,10.190472324624512,9.900956790756297,2,3,2,1,1,Regular
2006-11-03,10.552916686981916,10.553049767380925,59.087074257641014,14.79962478590245,7.588703701065646,1,1,2,1,1,Bueno
2006-11-04,9.5354761722542,9.569663464545439,54.21839817649283,19.536188942601704,7.451095681315587,1,1,2,1,1,Bueno
2006-11-05,9.014047631550403,13.258012821085941,49.347392127101806,30.10228386905415,8.25941085630609,1,1,1,1,1,Muy Bueno
2006-11-06,15.060535665069308,27.7050961683958,70.46089505266261,19.05802636083804,10.944166680912913,2,2,2,1,1,Bueno
2006-11-07,13.910838312017704,22.147307694722446,60.34474506112855,19.597303882533428,8.893993824259047,1,1,2,1,1,Bueno
2006-11-08,14.29927272941127,23.14326365756835,58.55267795394449,20.650425563662417,9.31710973994625,1,1,2,1,1,Bueno
2006-11-09,15.784698661551419,29.88573955646282,56.82787609765696,22.83664501781184,10.959830242910503,2,2,2,1,1,Bueno
2006-11-10,25.256607139394397,51.478381513403015,69.1907276627449,15.34337681638864,13.311805559161268,2,3,2,1,1,Regular
2006-11-11,25.058869032632735,48.20464175842484,73.64655332403169,12.674861346916895,13.664567914274004,2,2,2,1,1,Bueno
2006-11-12,19.021071388607933,32.41778342405955,61.00010812043038,17.152149827744363,12.391141981622319,2,2,2,1,1,Bueno
2006-11-13,32.41714292480832,69.4437273985451,97.6386882537677,8.776062087295882,17.661574084081767,3,3,2,1,1,Regular
2006-11-14,33.23970068143513,75.1577568958156,100.57316871920177,8.340947708468033,18.89012366726741,3,3,3,1,1,Regular
2006-11-15,26.065178578808194,51.3106481006116,81.24499236376613,11.71265902351983,13.88884079548454,2,3,2,1,1,Regular
2006-11-16,15.54836364370404,20.764365373565685,56.25283277514549,18.321127423663544,8.034241468544716,2,1,2,1,1,Bueno
2006-11-17,11.134970060365642,21.879072636872575,60.81337463523581,20.515032674946816,8.841143752176205,1,1,2,1,1,Bueno
2006-11-18,15.905595262845358,21.980293267303043,62.99949070038619,15.531419247242988,7.90291667168523,2,1,2,1,1,Bueno
2006-11-19,15.240952378937177,21.943302516216114,56.93296119889548,18.46769980077448,8.496635803469905,2,1,2,1,1,Bueno
2006-11-20,11.89630950916381,22.708333336276773,52.23630600329344,19.079317077000937,8.459537038832535,1,1,2,1,1,Bueno
2006-11-21,9.85437123290079,24.734374073963078,53.51060187669448,22.616449464804187,8.947947519061007,1,1,2,1,1,Bueno
2006-11-22,7.801249993698938,18.546141964601883,44.67817620184543,30.00983688065123,8.416033950852759,1,1,1,1,1,Muy Bueno
2006-11-23,9.005928154120188,16.589499215751374,47.62786838328203,24.71497514829114,7.602253540021153,1,1,1,1,1,Muy Bueno
2006-11-24,18.20559518394016,35.356704751780136,52.46887447394516,19.17354559323874,7.857846661065181,2,2,2,1,1,Bueno
2006-11-25,12.959580801204293,17.058279717658493,51.28619582695142,30.491810502941433,7.191059388854148,1,1,2,1,1,Bueno
2006-11-26,17.513035616704396,23.956121769853127,71.80711061346014,14.501049056271006,8.570032048301819,2,1,2,1,1,Bueno
2006-11-27,21.48740957731224,44.06615750735979,81.15954975299897,9.339372885833352,11.768472658859572,2,2,2,1,1,Bueno
2006-11-28,26.014345237186976,51.029261564557856,82.6134454317582,6.999999995764137,13.427580148363726,2,3,2,1,1,Regular
2006-11-29,13.319047585129738,26.015072464559005,66.60508821251688,15.942864389136686,12.578250387507113,1,2,2,1,1,Bueno
2006-11-30,19.874107194798334,46.6023076193837,75.45317291563902,11.427300531512003,13.193557700667625,2,2,2,1,1,Bueno
2006-12-01,21.831249960831233,49.20576925461109,78.2017743622103,7.745576278435982,13.92400638720928,2,2,2,1,1,Bueno
2006-12-02,18.610059566441038,34.52137822638719,62.58290637537764,8.84925549808896,10.747291640975536,2,2,2,1,1,Bueno
2006-12-03,10.821077857902663,16.709983970874394,51.479564463872606,15.824864390138853,8.987371807679152,1,1,2,1,1,Bueno
2006-12-04,9.390773830669266,18.29506533383544,42.68915965737415,21.50970639095405,8.10318626999076,1,1,1,1,1,Muy Bueno
2006-12-05,6.312951830855335,12.024424046924794,50.63225368346913,24.693204229986165,7.941449998219808,1,1,2,1,1,Bueno
2006-12-06,6.924880973994732,11.674949988325437,34.52215354828683,41.094127009154626,8.26953333457311,1,1,1,1,1,Muy Bueno
2006-12-07,9.695833327514785,17.655747890873116,50.74889082628138,22.384679720919326,8.181781505736984,1,1,2,1,1,Bueno
2006-12-08,5.265059523284435,9.909682280044493,32.73166671832403,38.649435575676975,7.803733331759771,1,1,1,1,1,Muy Bueno
2006-12-09,9.644940509682609,16.354431471099023,45.48534336241845,33.37441902009534,9.247533330917358,1,1,1,1,1,Muy Bueno
2006-12-10,8.745029932010674,13.506416651010513,50.14195648164653,31.001161970722844,10.742783343394597,1,1,2,1,1,Bueno
2006-12-11,16.94945787108806,37.79472269791515,76.97284284802186,16.70567901687437,15.896833355824153,2,2,2,1,1,Bueno
2006-12-12,20.532929965644886,48.88911664366722,78.28049998760224,8.665176669194926,17.482083319822948,2,2,2,1,1,Bueno
2006-12-13,18.26297620364598,41.257356831923076,76.28122467642663,17.90432622384095,16.005167785106888,2,2,2,1,1,Bueno
2006-12-14,26.630723049123603,58.97981639795988,88.78046731439377,9.246795772141974,19.824133355617523,2,3,2,1,1,Regular
2006-12-15,25.73505946142333,61.68051927133621,97.9044834804535,8.578783059614256,24.708883255322775,2,3,2,1,1,Regular
2006-12-16,27.4859281128752,54.662938172112725,87.27510004043579,8.223926050142504,20.82590002934138,2,3,2,1,1,Regular
2006-12-17,34.086547598952336,58.58140009800593,85.79520869533685,7.016572940328628,18.37310001373291,3,3,2,1,1,Regular
2006-12-18,28.314277052520268,51.00757525357913,89.71376670519511,10.559595073192892,18.567633341153464,2,3,2,1,1,Regular
2006-12-19,19.622916693488758,44.86600999999325,88.98703343391418,10.847376765499652,17.902750005722044,2,2,2,1,1,Bueno
2006-12-20,12.930242470538978,24.702216662565867,62.1017000468572,20.565237226720853,14.389066669146219,1,1,2,1,1,Bueno
2006-12-21,22.385575717868228,43.71270435998754,88.24185003598531,12.773450722576866,19.612549993197124,2,2,2,1,1,Bueno
2006-12-22,16.737951789993836,29.492689039727217,69.85936679522196,13.257614834780407,15.745266666412354,2,2,2,1,1,Bueno
2006-12-23,9.788481031037584,13.195166648328303,40.280616674423214,26.219000038347748,13.787233346700669,1,1,1,1,1,Muy Bueno
2006-12-24,14.834999951933112,23.445459053392998,69.9689999596278,18.38790495672696,19.012499975363415,1,1,2,1,1,Bueno
2006-12-25,19.041726250378858,29.48247492313385,81.2148582127337,13.893961266102925,24.445449970563253,2,2,2,1,1,Bueno
2006-12-26,29.198571410562312,54.65925679516953,106.0835558870599,8.984727598661278,28.11623333613078,2,3,3,1,1,Regular
2006-12-27,20.242559523099946,39.60364256067984,89.03936114591711,11.79252649575156,22.954974779561788,2,2,2,1,1,Bueno
2006-12-28,23.313312827443784,49.488824533542946,93.89710425046157,11.55323268899274,21.74361950098866,2,2,2,1,1,Bueno
2006-12-29,31.103952162280056,57.58133559632978,96.42281663894653,7.6897887346190466,21.68728333711624,3,3,2,1,1,Regular
2006-12-30,28.154523752984545,46.16994991206963,77.39661657015482,10.426472676283888,16.6646333471934,2,2,2,1,1,Bueno
2006-12-31,21.177440492879775,25.820752510258984,54.7719167470932,9.723439152909334,10.17096666733424,2,2,2,1,1,Bueno
2007-01-01,18.498869024571917,23.757495847090656,49.94043326854706,10.126249990832637,10.430199999809265,2,1,1,1,1,Bueno
2007-01-02,26.203373469502093,41.74888156292236,75.03794639058822,8.176073962953728,14.54924750208456,2,2,2,1,1,Bueno
2007-01-03,33.87290905172175,66.26872912577562,95.84938241484168,7.019383811509945,24.020534193774495,3,3,2,1,1,Regular
2007-01-04,38.11017860117413,73.82262101197283,99.17923193662513,6.540828937996422,24.12946666320165,3,3,2,1,1,Regular
2007-01-05,32.52538927872024,54.485134784220044,93.76419018266198,7.611345145554669,20.384106829488815,3,3,2,1,1,Regular
2007-01-06,30.312202362787154,43.05145478089119,80.56181687355041,8.558496386798073,18.464433337052665,3,2,2,1,1,Regular
2007-01-07,23.410416630052385,31.217479120908873,57.64805002530416,8.234680075501474,14.171516670385996,2,2,2,1,1,Bueno
2007-01-08,16.64455093238168,25.13848085783559,53.6351832985878,12.035141350313125,10.771352259662992,2,2,2,1,1,Bueno
2007-01-09,18.258072308747167,31.53641545153543,65.06038337389629,8.089138226085334,12.62550000111262,2,2,2,1,1,Bueno
2007-01-10,19.817228883145802,35.80178928136028,62.939983275577504,7.092059844750649,12.618107223830231,2,2,2,1,1,Bueno
2007-01-11,31.788666663386604,72.33092129889445,94.60536782637887,7.086855110952585,21.63368949547833,3,3,2,1,1,Regular
2007-01-12,31.982574787682402,79.06690615216226,110.9048332532247,7.560475354043531,28.022833331425986,3,3,3,1,1,Regular
2007-01-13,31.44018173001029,71.55812082034629,96.53708047994832,7.0538888781541775,25.684110691083358,3,3,2,1,1,Regular
2007-01-14,18.324523757256213,34.35671668767929,71.09020002683003,10.580052981528292,22.56473336458206,2,2,2,1,1,Bueno
2007-01-15,26.755952424236707,55.90534225011708,70.91245000839234,7.714841547461463,18.92046665589015,2,3,2,1,1,Regular
2007-01-16,30.933072269680988,51.685568664384924,58.21502508185742,8.30372134875999,13.967245413982411,3,3,2,1,1,Regular
2007-01-17,24.967065853986913,40.505859777007956,50.968149976730345,12.827676042284764,10.422049991289775,2,2,2,1,1,Bueno
2007-01-18,25.10767862058821,51.13800661847419,53.087796300400875,13.408024686038809,10.403555945681411,2,3,2,1,1,Regular
2007-01-19,31.325090945850718,66.51899657241476,87.11185646057129,7.898315591275269,17.573244120365004,3,3,2,1,1,Regular
2007-01-20,37.06696437512125,67.6914832496643,86.83269491842238,7.527407414698727,20.40443335056305,3,3,2,1,1,Regular
2007-01-21,21.047380867813313,37.706421403183185,66.00345489051607,9.588591535956088,17.230333364804586,2,2,2,1,1,Bueno
2007-01-22,14.128443115842556,24.95620169278954,53.748970924887814,12.856278645088222,12.871853100437553,1,1,2,1,1,Bueno
2007-01-23,8.376250031448546,17.469648835451707,48.376076898909176,27.846637303560552,12.824590964786994,1,1,1,1,1,Muy Bueno
2007-01-24,12.080795490267603,29.146227021050173,60.070850021044414,21.444710024840383,14.443833339214326,1,2,2,1,1,Bueno
2007-01-25,9.938749977387488,24.289880902386034,49.124108682868844,29.4090287179398,12.195246177537332,1,1,1,1,1,Muy Bueno
2007-01-26,9.4130729297176,24.981083379189172,39.34666666328907,39.202857116753044,12.704766697088877,1,1,1,1,1,Muy Bueno
2007-01-27,8.157277460497712,15.422416694362958,38.19735004802545,42.15067016258442,14.1857499841849,1,1,1,1,1,Muy Bueno
2007-01-28,10.763541661823789,19.706861454178775,57.26694493460934,21.7712014237478,18.13078466122457,1,1,2,1,1,Bueno
2007-01-29,17.086979147667687,40.19971423189179,61.10696654319763,19.41044090748674,15.348766658306122,2,2,2,1,1,Bueno
2007-01-30,19.137499968210857,34.22779260510983,70.33754985173543,12.728465605875382,13.199633338451385,2,2,2,1,1,Bueno
2007-01-31,25.42552087207635,49.24341141340326,81.42645014127096,8.217014136878847,18.378216633001962,2,2,2,1,1,Bueno
2007-02-01,26.23109372581045,57.58657771836537,88.99045070463508,11.518436939741747,20.092921536434474,2,3,2,1,1,Regular
2007-02-02,19.782199009238738,40.759461275254836,70.81744993209838,12.488462902631861,17.960049959818523,2,2,2,1,1,Bueno
2007-02-03,15.024635384480158,27.114450029532115,57.88310008366903,16.677408073535737,14.588550021648407,2,2,2,1,1,Bueno
2007-02-04,19.856354129811127,32.122216673692066,60.54026722470189,14.285474437649233,15.16565000295639,2,2,2,1,1,Bueno
2007-02-05,19.91626317752035,34.446605354647176,65.35485811822602,10.196484094584367,14.674941566034231,2,2,2,1,1,Bueno
2007-02-06,21.999739510317642,38.205579857866304,60.9541303975925,12.128571445769524,14.169499986171722,2,2,2,1,1,Bueno
2007-02-07,15.54235598304509,30.362293381313048,49.635896222675264,23.63774816395966,12.741892805051563,2,2,1,1,1,Bueno
2007-02-08,13.688219934857953,17.760889247759877,60.78676134915105,16.958356904688657,11.370801325433442,1,1,2,1,1,Bueno
2007-02-09,11.006666674899558,23.945136062547462,41.91260001937548,39.097271135995086,11.103716656366984,1,1,1,1,1,Muy Bueno
2007-02-10,10.997696363489041,23.41237059817688,32.44133331457774,42.75978866765197,10.434999983708064,1,1,1,1,1,Muy Bueno
2007-02-11,6.935468742623925,12.51353331009547,26.9681833644708,30.52865960358312,8.822733309268951,1,1,1,1,1,Muy Bueno
2007-02-12,7.5269270883873105,15.427195318553204,38.136797229110485,30.781613466587473,11.253789642617381,1,1,1,1,1,Muy Bueno
2007-02-13,23.90932284047206,50.86872260710772,68.41247432711995,11.096007165424327,14.103288576906959,2,3,2,1,1,Regular
2007-02-14,11.222187471886476,20.857266694307327,48.33013337055842,21.361042431512907,11.960216680367788,1,1,1,1,1,Muy Bueno
2007-02-15,18.54843753421058,45.1942999513944,75.70413330554962,12.525398215572391,18.063983330726625,2,2,2,1,1,Bueno
2007-02-16,16.050156224519014,46.29709257278122,59.965392322890544,22.163156980244572,15.568183348973593,2,2,2,1,1,Bueno
2007-02-17,7.403979057416866,12.679699980815252,31.945183290044465,47.49445423609774,10.015749980608621,1,1,1,1,1,Muy Bueno
2007-02-18,8.596406232565641,13.244783341884613,32.3290499663353,44.98024696143216,11.204033360481262,1,1,1,1,1,Muy Bueno
2007-02-19,18.67850265815296,33.83711628809345,62.119899287319825,22.157388981239833,15.0004865899182,2,2,2,1,1,Bueno
2007-02-20,18.367812504371006,31.24400001088778,66.04119990428289,19.192226115679993,12.564400018056233,2,2,2,1,1,Bueno
2007-02-21,21.01572923362255,36.05326663851738,65.48450013240178,19.13665490849337,15.060966641108195,2,2,2,1,1,Bueno
2007-02-22,11.701770816929638,22.801933343807857,48.26746672074,30.771461215657247,11.620033343633017,1,1,1,1,1,Muy Bueno
2007-02-23,11.680625015869737,22.109382283110453,44.15346675713857,33.034187317737,10.596133311986923,1,1,1,1,1,Muy Bueno
2007-02-24,13.695260404298702,26.17513330658277,43.28648331721624,33.305357130936216,11.17936666806539,1,2,1,1,1,Bueno
2007-02-25,8.398906246138116,14.916050027608872,33.30923335333665,41.94783482682814,10.487300012906392,1,1,1,1,1,Muy Bueno
2007-02-26,17.5230158983715,35.02691666126251,63.249041951203544,29.311750870749407,16.047913187931297,2,2,2,1,1,Bueno
2007-02-27,29.50281924643415,60.0187183029535,82.35433750103344,15.918206062558278,20.44917788681568,2,3,2,1,1,Regular
2007-02-28,17.802708374957245,36.04488325595856,56.855516649882,20.83277388290887,12.949883321126302,2,2,2,1,1,Bueno
2007-03-01,11.04031247459352,23.067583289146423,48.14228035328356,30.773885960672416,11.433182584580464,1,1,1,1,1,Muy Bueno
2007-03-02,14.168281250322858,28.965700043439867,50.928088803340145,28.326678419281652,10.852370606837965,1,2,2,1,1,Bueno
2007-03-03,13.165416647990545,24.064783348242443,45.88695000648499,29.372539636950012,10.099100000063578,1,1,1,1,1,Muy Bueno
2007-03-04,15.141093673805395,28.46658335328102,44.42545005083084,32.9168253868976,12.123449995517731,2,2,1,1,1,Bueno
2007-03-05,10.421518348898562,22.628747944640796,54.51672787300135,43.48657857625363,11.283956598558888,1,1,2,1,1,Bueno
2007-03-06,15.279479194432497,35.167799933751425,65.36489875091088,21.794462036834194,12.15606667637825,2,2,2,1,1,Bueno
2007-03-07,7.1688947420371205,17.850752530289334,33.38796323289059,49.58701933250225,9.037462425550356,1,1,1,1,1,Muy Bueno
2007-03-08,11.677864577621222,23.09285004456838,45.5630499792099,54.57246467597048,11.148016676505407,1,1,1,1,1,Muy Bueno
2007-03-09,20.700729208687942,44.868616703351336,76.63284987131755,21.80916814656384,15.606266681353251,2,2,2,1,1,Bueno
2007-03-10,6.967031233012676,16.049566687345504,46.561049983501434,45.37246484487829,11.653416653474173,1,1,1,1,1,Muy Bueno
2007-03-11,10.658541662308076,19.748716668685276,62.04985009352366,40.306066981488854,13.465999993483225,1,1,2,1,1,Bueno
2007-03-12,19.76219899492114,41.476300028165184,78.31511671066283,23.157724862691587,14.847483344872792,2,2,2,1,1,Bueno
2007-03-13,21.833036714823457,49.514388606775945,84.97193644241817,26.457125186815045,15.243121878730634,2,2,2,1,1,Bueno
2007-03-14,21.124583408236504,42.682116765975955,74.73641677856445,36.28254425325579,17.716166694959004,2,2,2,1,1,Bueno
2007-03-15,23.054739587008953,52.857742465858074,80.08918045675476,32.53699644220591,14.833327738337692,2,3,2,1,1,Regular
2007-03-16,25.586210546995463,54.66699505966773,80.27419989903768,33.58045929364939,14.464716669718424,2,3,2,1,1,Regular
2007-03-17,15.635781283179918,26.117050028244655,47.60606669743856,57.91178142372683,11.04139999906222,2,2,1,1,1,Bueno
2007-03-18,16.154583297669888,27.83263334910075,58.84155009587606,41.34924294747098,12.266733363469442,2,2,2,1,1,Bueno
2007-03-19,9.00914896834404,31.2647456973286,33.72756757526784,62.74269161122368,10.274924128292785,1,2,1,2,1,Bueno
2007-03-20,9.620578963505594,19.053889798401592,39.82113528609873,50.68044100026395,10.460818025624016,1,1,1,1,1,Muy Bueno
2007-03-21,8.08570681192488,18.787266654372214,41.42968340873718,54.437932872098244,10.67783334294955,1,1,1,1,1,Muy Bueno
2007-03-22,10.379583313129842,19.857265109183803,50.543121788855984,51.39142595798197,11.75996661385232,1,1,2,1,1,Bueno
2007-03-23,15.360680661276373,28.11463333129883,62.2206010452296,32.71406358796379,14.237078462896841,2,2,2,1,1,Bueno
2007-03-24,12.108072942743698,22.754483345746994,60.31525004386902,36.640335741502234,13.62279998143514,1,1,2,1,1,Bueno
2007-03-25,12.852771746075671,20.292991320983223,44.63902615588644,48.69976148036642,12.291895672342052,1,1,1,1,1,Muy Bueno
2007-03-26,20.486145834128063,38.03682277274371,67.66361665566762,32.01123243822178,13.81393333276113,2,2,2,1,1,Bueno
2007-03-27,14.081413630727699,18.58523733696695,57.046131693028116,29.035152079594155,10.952381758271036,1,1,2,1,1,Bueno
2007-03-28,15.209479170540968,23.13194540702442,56.0375085348969,39.69974725168965,12.004999993197341,2,1,2,1,1,Bueno
2007-03-29,14.227812498807907,22.550333335995674,56.957866686979926,49.50455982941137,11.527966667413711,1,1,2,1,1,Bueno
2007-03-30,13.606979167088866,25.730786506857957,60.17441402851674,40.26816635342324,11.738844300158334,1,2,2,1,1,Bueno
2007-03-31,9.699010408173004,16.46754413412624,37.91865169006979,45.18600001092685,9.248443011104774,1,1,1,1,1,Muy Bueno
2007-04-01,9.837291695798436,14.093958320525976,38.2060256539247,54.58695434918864,9.365544880429903,1,1,1,1,1,Muy Bueno
2007-04-02,14.437135470410189,23.714182696663418,60.12142624763342,41.85527920924669,9.89677883226138,1,1,2,1,1,Bueno
2007-04-03,16.22406251107653,30.02584270221655,62.640433414789875,40.53258891557477,11.036227929266841,2,2,2,1,1,Bueno
2007-04-04,16.255572895829875,28.00782046104089,61.49400636935845,40.60916950419798,11.344903834164143,2,2,2,1,1,Bueno
2007-04-05,8.646145803543428,12.841730766953566,32.6180288822223,59.5401520777393,9.274471156872236,1,1,1,1,1,Muy Bueno
2007-04-06,10.271302113309503,13.024967837180355,31.367218610174785,57.43447292905275,9.543006431059823,1,1,1,1,1,Muy Bueno
2007-04-07,7.7290104245767,10.680514471132271,37.19408656312869,64.5106598810496,9.115528844010372,1,1,1,2,1,Bueno
2007-04-08,10.087968744337559,14.019759600361189,45.302067295098915,52.97942559823797,10.015432681792822,1,1,1,1,1,Muy Bueno
2007-04-09,13.663193795693482,21.590096110812365,61.54810895216771,44.21555000472997,10.793830137795362,1,1,2,1,1,Bueno
2007-04-10,18.596406298379105,30.673595496969085,70.16147679654974,33.05253808591168,10.946404505120427,2,2,2,1,1,Bueno
2007-04-11,15.983229160929719,29.174830990713,56.90719099641803,39.54903564356305,10.24549839791761,2,2,2,1,1,Bueno
2007-04-12,19.870802179377346,34.13623584799697,69.56521814435672,31.55822821857576,9.742090765622292,2,2,2,1,1,Bueno
2007-04-13,16.98721316049659,28.48964286218216,64.93621938474439,33.93775299564643,9.310032471046819,2,2,2,1,1,Bueno
2007-04-14,16.24005530025419,24.585627026113283,52.028725677920924,39.67346866965899,8.81991987522596,2,1,2,1,1,Bueno
2007-04-15,15.927135375638803,23.419166704783073,42.72091781920281,55.57588840458801,7.630721152592928,2,1,1,1,1,Bueno
2007-04-16,19.82432292557011,34.11341343896511,58.484943813917916,43.40723544216807,8.369470317520644,2,2,2,1,1,Bueno
2007-04-17,20.793958286444347,34.7871890695877,62.457941704476475,42.32533336052528,8.371435490923544,2,2,2,1,1,Bueno
2007-04-18,18.66750006750226,32.86709468303484,61.531080567452214,42.79988136392529,8.044595463376215,2,2,2,1,1,Bueno
2007-04-19,23.045989610254765,42.5452563961347,73.38504828670784,47.43601022086443,8.403092925747236,2,2,2,1,1,Bueno
2007-04-20,24.516874936719734,45.17788461385629,81.05346783822583,39.5934125429908,8.38067416892197,2,2,2,1,1,Bueno
2007-04-21,16.24812492541969,25.567900623266514,57.22158644978817,53.77140459796499,7.242003201292111,2,2,2,1,1,Bueno
2007-04-22,22.838541713853676,41.3252403766681,53.66067307499739,46.91816638635253,7.439599363467632,2,2,2,1,1,Bueno
2007-04-23,27.703697877625626,62.873049755923056,72.63401924912186,35.450907570450276,8.029391013276882,2,3,2,1,1,Regular
2007-04-24,29.143541576961677,72.97886206553532,83.62208664283324,32.7713450885452,8.80467948737817,2,3,2,1,1,Regular
2007-04-25,29.086458444595337,58.80083597971312,85.68865168496464,19.211575226551663,8.284205453545095,2,3,2,1,1,Regular
2007-04-26,11.487172824550049,14.576985407880292,68.49756098723994,35.21713286679942,6.534579294013359,1,1,2,1,1,Bueno
2007-04-27,14.260208304350575,24.291121745338806,71.31229522484647,41.20969541383475,6.6517948641991005,1,1,2,1,1,Bueno
2007-04-28,12.43874349456807,20.691318299226054,58.33642974539219,43.35573383545306,6.498497567384809,1,1,2,1,1,Bueno
2007-04-29,11.523906215714911,18.116557959436786,54.10668841699597,46.77839387132302,6.381174553860265,1,1,2,1,1,Bueno
2007-04-30,9.67178013062602,16.82413464096876,52.07910259450093,42.83611205235402,6.366057700071579,1,1,2,1,1,Bueno
2007-05-01,4.266302075857918,8.073413450175371,26.253766032938774,62.282757983393275,6.0483173204538145,1,1,1,2,1,Bueno
2007-05-02,9.582864558945099,13.908189101670033,41.88467946266517,43.51844068462566,6.102259614719794,1,1,1,1,1,Muy Bueno
2007-05-03,12.496093692258,19.64771705425054,66.7524720539442,40.776102601564844,7.0366773720154985,1,1,2,1,1,Bueno
2007-05-04,15.771329716799107,24.340897373281994,75.53897414986903,41.08375647362469,8.222275652182407,2,1,2,1,1,Bueno
2007-05-05,14.251666713505983,20.658701926851883,54.001041682484825,59.27346872839629,6.9509134735816565,1,1,2,1,1,Bueno
2007-05-06,15.587315845489503,19.381939047804245,44.08318912295195,72.4983417039797,6.268092951522424,2,1,1,2,1,Bueno
2007-05-07,20.500266002213703,34.5137018989294,77.60918259315001,36.648429982084465,8.312612171738575,2,2,2,1,1,Bueno
2007-05-08,20.99411461688578,38.883547328257066,74.73282051239258,33.26605438942812,8.300384601721397,2,2,2,1,1,Bueno
2007-05-09,19.787916618088882,35.087323683958786,83.5005288032385,38.55217467228027,7.8300320624541015,2,2,2,1,1,Bueno
2007-05-10,23.20666671047608,45.385884224410226,79.47845913931417,39.272291977660565,8.24136435392389,2,2,2,1,1,Bueno
2007-05-11,17.583541717380285,41.605201196747316,65.88351530515938,56.046101766521645,6.803258443911998,2,2,2,1,1,Bueno
2007-05-12,24.32268815591771,49.6919071510052,56.78919871800985,51.16181659293701,6.464791662800006,2,2,2,1,1,Bueno
2007-05-13,19.921989449655822,43.96341344217459,35.815176284083954,55.077478739614214,6.184342961471814,2,2,1,1,1,Bueno
2007-05-14,8.968743468766437,15.529646866968317,37.88588151564965,53.5695769847347,5.872019234949198,1,1,1,1,1,Muy Bueno
2007-05-15,9.817395877713958,17.096726395796487,48.41048861792499,49.62748276200788,6.394446254941462,1,1,1,1,1,Muy Bueno
2007-05-16,20.538947338806956,39.210693031647814,76.47769747674465,32.996626123345415,8.478470394485875,2,2,2,1,1,Bueno
2007-05-17,12.559843707829714,23.212134845758136,51.325048107367294,28.394711815300635,6.862964719916001,1,1,2,1,1,Bueno
2007-05-18,13.400732984717603,25.339086529918205,53.067339774125664,27.479728819152058,6.991765651810035,1,2,2,1,1,Bueno
2007-05-19,13.912375681966708,27.718838722475112,51.13948395944411,44.87383301619574,6.801919352623724,1,2,2,1,1,Bueno
2007-05-20,14.950575932158225,26.233669832348824,42.461778836372574,44.53426394244741,6.366698728922086,1,2,1,1,1,Bueno
2007-05-21,17.779947302843397,26.735040121246875,57.70713144540787,34.66854479833303,6.4053846123891,2,2,2,1,1,Bueno
2007-05-22,24.64749997543792,51.08865398015731,60.31717944832948,40.19668931588657,6.592019233566064,2,3,2,1,1,Regular
2007-05-23,18.08578118495643,28.783166309935982,62.95853709867913,31.148775499694203,6.3093075736901225,2,2,2,1,1,Bueno
2007-05-24,18.662864594409864,29.367749152842826,82.38774034610161,23.557779630564028,6.727451919363095,2,2,2,1,1,Bueno
2007-05-25,17.927120470875845,28.124679463031963,88.7263302955872,14.21130505335533,7.287467937056835,2,2,2,1,1,Bueno
2007-05-26,13.991562540332476,22.944262811388725,66.65258011986047,29.19839257677598,6.661073714494705,1,1,2,1,1,Bueno
2007-05-27,8.687656230603656,13.797756398717562,34.256217994751076,45.929204733440315,5.9632371835983715,1,1,1,1,1,Muy Bueno
2007-05-28,9.474375000223517,14.555849351179905,42.85134821221304,57.85849415025533,6.442820514050814,1,1,1,1,1,Muy Bueno
2007-05-29,14.505677059292793,24.15631239425733,53.69723470341354,50.04923468219991,6.855916400239399,1,1,2,1,1,Bueno
2007-05-30,14.516666683368385,28.275868182013657,53.93008015782405,34.1001353731817,6.687820507929875,1,2,2,1,1,Bueno
2007-05-31,10.787552119232714,19.191778887540867,44.255280933257666,49.231285952069435,6.18174678966021,1,1,1,1,1,Muy Bueno
2007-06-01,14.378958322107792,26.020689056087765,55.826035268425365,48.630953996713565,6.553226322653206,1,2,2,1,1,Bueno
2007-06-02,15.4405759441915,21.92052968853358,44.08035248938279,43.830305104336496,6.2808814125183305,2,1,1,1,1,Bueno
2007-06-03,15.523541638006767,21.731233959969803,48.3029967890336,46.774873114681085,6.355897429279792,2,1,1,1,1,Bueno
2007-06-04,14.294010390837988,22.43345656578947,55.51511396802598,52.197959277905575,6.414967954922945,1,1,2,1,1,Bueno
2007-06-05,14.509528787972416,24.585096467537895,48.86144056671628,57.728260190100286,6.329999998187866,1,1,1,1,1,Muy Bueno
2007-06-06,14.610368433751558,25.864670960516648,65.22678844940643,60.083259878012846,9.097993572489216,1,2,2,2,1,Bueno
2007-06-07,26.252864497403305,45.90422260390561,93.76298368172567,50.85508713240407,8.289687506854534,2,2,2,1,1,Bueno
2007-06-08,31.465157925455195,58.35103785657804,96.98949002905896,45.37024571519149,8.293327842552147,3,3,2,1,1,Regular
2007-06-09,26.179739525541663,45.75816361494176,74.46831382375727,42.11888490208482,7.315742896673874,2,2,2,1,1,Bueno
2007-06-10,12.311145779366294,19.70486626377871,35.1956020605604,49.5643163227061,6.107725743067305,1,1,1,1,1,Muy Bueno
2007-06-11,13.494583348433176,23.478611570547436,63.372594901155836,41.333327521375935,6.977239671029335,1,1,2,1,1,Bueno
2007-06-12,17.46421877046426,32.62853612162565,72.68129922920151,45.26725694909692,7.293980267487075,2,2,2,1,1,Bueno
2007-06-13,12.047248691793472,24.401973967062123,50.22598043220495,43.81812069087193,6.857699845782307,1,1,2,1,1,Bueno
2007-06-14,11.834031432086885,23.89436594211462,36.970900308280896,32.44100001787735,6.486516850335257,1,1,1,1,1,Muy Bueno
2007-06-15,8.991413645719359,17.41626606212977,35.56969447917877,32.8838031117904,6.37158654209895,1,1,1,1,1,Muy Bueno
2007-06-16,9.105104136591157,14.339358972815367,34.01173079319489,23.439204744477763,6.081410255569678,1,1,1,1,1,Muy Bueno
2007-06-17,6.884687531118591,10.742423777786916,33.77254811846293,30.220796584072758,5.991682691451831,1,1,1,1,1,Muy Bueno
2007-06-18,15.117301599058525,24.152368478084867,59.58464058707742,26.361241445973,7.141374804969701,2,1,2,1,1,Bueno
2007-06-19,13.094791668156782,24.505681073546807,56.55118154328992,31.213996502715098,7.786976762388235,1,1,2,1,1,Bueno
2007-06-20,9.257500032583872,16.50637125610109,45.236633107091116,37.93546907205497,6.665276386430316,1,1,1,1,1,Muy Bueno
2007-06-21,10.950156255314747,19.67244552767257,56.554405226779345,41.47343360512657,7.100988275042331,1,1,2,1,1,Bueno
2007-06-22,11.564583345626792,21.493628809284605,66.09656058781898,43.02975221313206,7.523846157817139,1,1,2,1,1,Bueno
2007-06-23,13.402552037189404,25.756995018416134,63.60641080509243,60.83938159538242,7.756010012156976,1,2,2,2,1,Bueno
2007-06-24,20.47927082857738,38.4497501039505,46.551616551876066,58.536513185079116,6.798799996773402,2,2,1,1,1,Bueno
2007-06-25,11.931406263262033,19.576983319123585,44.95239129393396,45.02809195973427,7.018349984884262,1,1,1,1,1,Muy Bueno
2007-06-26,11.662447940868637,23.3544426062068,48.1985549965907,53.10721465295574,7.362847789024565,1,1,1,1,1,Muy Bueno
2007-06-27,12.78692706550161,27.54201919069657,57.937913170595614,55.1058304309845,7.195496794504997,1,2,2,1,1,Bueno
2007-06-28,19.983645831545193,40.86171475893412,69.92860140907803,50.35423020703337,7.556993562692231,2,2,2,1,1,Bueno
2007-06-29,14.67630202540507,29.022756398488315,78.08297420391315,46.64979703031014,8.312170417745781,1,2,2,1,1,Bueno
2007-06-30,16.34404254086474,33.409146500862356,66.07072353631354,52.05800004975271,8.189471160754179,2,2,2,1,1,Bueno
2007-07-01,13.163489603127042,27.158077600506857,50.64447127053371,39.8153130407059,7.14602564733762,1,2,2,1,1,Bueno
2007-07-02,11.400104182461897,24.350208350863213,45.74771711527343,44.69820031893071,6.743493591745694,1,1,1,1,1,Muy Bueno
2007-07-03,13.34670159454745,29.442632448615843,45.451123573998196,37.274297822348764,6.877090036869049,1,2,1,1,1,Bueno
2007-07-04,8.820260412991047,19.013070777106517,40.10056459326898,38.10542239440051,6.535833344245568,1,1,1,1,1,Muy Bueno
2007-07-05,10.794322893644372,24.519450808958013,47.61764044095769,50.47229335923219,6.728057784023867,1,1,1,1,1,Muy Bueno
2007-07-06,17.271354146301746,38.628064527819234,59.30988746594003,54.30322630099348,7.3423113940854705,2,2,2,1,1,Bueno
2007-07-07,19.757760350281995,43.40306578057535,54.274212139979056,63.48186772909958,7.659631403604856,2,2,2,2,1,Bueno
2007-07-08,13.811770822231969,28.473910320645725,40.28134615910359,61.13793207912122,6.794439101448426,1,2,1,2,1,Bueno
2007-07-09,11.84078948309547,23.845819912922728,37.823022525026865,44.45086288855564,6.8162439912318415,1,1,1,1,1,Muy Bueno
2007-07-10,11.267395846545696,25.12538090401376,40.98001630349027,48.50293220261396,7.027736757961169,1,2,1,1,1,Bueno
2007-07-11,13.792894782518086,29.87009691999494,57.79606848867643,45.38754653123833,7.949711547066004,1,2,2,1,1,Bueno
2007-07-12,14.16276041790843,32.368266462705684,47.944019288495426,56.47962840183361,7.3736217965682345,1,2,1,1,1,Bueno
2007-07-13,20.975937468310196,48.14793268686686,64.9927435408939,50.70252966111706,8.149647445632862,2,2,2,1,1,Bueno
2007-07-14,17.746927081917722,43.8405929628091,47.58893623133533,59.84433160013757,8.08657050992434,2,2,1,1,1,Bueno
2007-07-15,14.863473686419034,38.200160485018124,32.40528848346992,59.971756724086966,7.071314100271616,1,2,1,1,1,Bueno
2007-07-16,12.917225123700048,29.596436587803627,32.27605136631006,42.71430503079447,6.539807378193348,1,2,1,1,1,Bueno
2007-07-17,10.417031257102886,22.76959806469859,41.43645991158913,46.387928701216175,7.06182985856866,1,1,1,1,1,Muy Bueno
2007-07-18,12.207074497608428,28.479598033849832,53.9246405518912,54.04489005116238,7.261009609852081,1,2,2,1,1,Bueno
2007-07-19,14.411473711540825,34.06001611448104,51.759188275832635,57.600354814046135,7.724855773724043,1,2,2,1,1,Bueno
2007-07-20,18.092210607779652,33.50658617234652,47.46065704562725,61.96949153108112,8.091249989011349,2,2,1,2,1,Bueno
2007-07-21,13.934709015977445,28.90364369611296,33.15724355249833,62.985861487485266,6.943108973212731,1,2,1,2,1,Bueno
2007-07-22,11.334179915448345,23.181121728741207,32.10588144988586,58.28140188713331,6.739391018564884,1,1,1,1,1,Muy Bueno
2007-07-23,10.955549745035421,30.77538463416008,28.228828298528924,46.4094067209858,6.618477566502033,1,2,1,1,1,Bueno
2007-07-24,10.750994732242605,26.11102734790759,46.9771567454053,50.933745691331765,7.015769225282547,1,2,1,1,1,Bueno
2007-07-25,21.671861697384653,47.80833061242754,73.07253204133266,47.57553298925183,8.652243587833185,2,2,2,1,1,Bueno
2007-07-26,20.331361185193686,44.32139640673397,75.25594547696603,42.1773004514657,9.149967746388528,2,2,2,1,1,Bueno
2007-07-27,24.58057285224398,46.77650636434555,75.55490394051259,39.20261006729078,9.494839740869326,2,2,2,1,1,Bueno
2007-07-28,17.849206380743198,34.23758009228951,48.802740355714775,66.23761010008343,8.214230780036022,2,2,1,2,1,Bueno
2007-07-29,18.648526317508598,36.02293273959405,32.599134638141365,65.87245358710766,7.902227574434036,2,2,1,2,1,Bueno
2007-07-30,11.222447975538671,25.15710144534395,48.09061293948081,56.31893035713804,7.530416661348099,1,2,1,1,1,Bueno
2007-07-31,20.618124994759757,51.8531029274226,56.644381925726776,50.529131253289606,7.949725796522633,2,3,2,1,1,Regular
2007-08-01,25.782604188968737,69.63220249954911,56.01875006235563,42.724278514777865,7.817993580433951,2,3,2,1,1,Regular
2007-08-02,15.692552115768194,36.99064313407113,53.73342935817364,46.48094911979417,7.139246789690776,2,2,2,1,1,Bueno
2007-08-03,19.857172741627817,45.77543397425072,45.5967307277979,65.89743226847133,7.049245585025218,2,2,1,2,1,Bueno
2007-08-04,32.75602102903795,73.15019232034683,66.19391033511896,51.61255083031751,8.42658655689313,3,3,2,1,1,Regular
2007-08-05,38.19223962537944,75.09874586197843,63.29963154976185,32.48446704772523,8.997451925124878,3,3,2,1,1,Regular
2007-08-06,19.355631562283165,38.98543273944121,44.63006412448027,50.533355912515674,6.325128211806982,2,2,1,1,1,Bueno
2007-08-07,14.393229097127914,27.426623812442426,37.821234027162575,48.40956009220956,6.437067322098674,1,2,1,1,1,Bueno
2007-08-08,8.098376926639316,17.088910272488228,34.16149044380738,57.785716700111635,6.995192316671212,1,1,1,1,1,Muy Bueno
2007-08-09,10.004450265025593,22.267202519527203,42.52911727424609,63.601547672635036,7.19089745137936,1,1,1,2,1,Bueno
2007-08-10,11.35973258451982,24.801586530911617,43.1514631114972,67.31894567710202,7.363306577860065,1,1,1,2,1,Bueno
2007-08-11,13.436020994685707,28.428653868345116,47.802471134572286,62.176294312259266,7.855496779084206,1,2,1,2,1,Bueno
2007-08-12,16.664270876596373,31.343820243930356,39.81189994533857,64.77599993075354,6.943157045887067,2,2,1,2,1,Bueno
2007-08-13,17.681256547024113,33.26539329732402,44.715749172900324,64.62088134329198,7.258942299164259,2,2,1,2,1,Bueno
2007-08-14,17.653138344592236,31.30501595789041,44.24610587954521,67.10720808816642,7.450224353716924,2,2,1,2,1,Bueno
2007-08-15,12.648020882469913,30.59338141633914,31.146362237441235,45.190881320177496,6.854551267547485,1,2,1,1,1,Bueno
2007-08-16,6.6212631771439,14.212227634879632,32.38785370462309,59.89801724861408,6.469382114332866,1,1,1,1,1,Muy Bueno
2007-08-17,11.390937527641654,28.97752805544515,34.846858934141125,55.259542322158815,6.801250023337511,1,2,1,1,1,Bueno
2007-08-18,12.644712064590754,31.5848392340148,41.58341354819444,52.94405088909602,7.094102567014022,1,2,1,1,1,Bueno
2007-08-19,11.781099484228964,23.624703081232013,40.232195493502495,58.05490683984837,8.341762813620079,1,1,1,1,1,Muy Bueno
2007-08-20,6.56687498682489,17.771803560464278,30.684246763969078,56.93712354876265,6.5817948665756445,1,1,1,1,1,Muy Bueno
2007-08-21,8.02505210104088,20.666597132506762,27.613092954342182,52.56827411877524,6.8317307740067825,1,1,1,1,1,Muy Bueno
2007-08-22,7.372459885908321,15.615049166562127,30.889662889569376,53.515986440944026,6.32226324349307,1,1,1,1,1,Muy Bueno
2007-08-23,9.923717266602042,18.240998363917193,34.99299679199854,57.41981331156551,6.453189103649213,1,1,1,1,1,Muy Bueno
2007-08-24,12.738115235773057,22.540161568051587,36.456810895449074,54.7820169755968,6.621923087881162,1,1,1,1,1,Muy Bueno
2007-08-25,19.49333334589998,49.055700413846736,27.563798108162025,39.39938768075437,6.211698712446751,2,2,1,1,1,Bueno
2007-08-26,24.28296286466891,52.45434296131134,22.12491987607418,49.61807099292323,6.3450640978721475,2,3,1,1,1,Regular
2007-08-27,28.697801095652956,64.09810677778374,53.071826880558945,44.64261016118324,7.894246805936862,2,3,2,1,1,Regular
2007-08-28,38.34121044560483,82.87477572453328,68.64805781056755,52.646230876142184,8.632035262309588,3,3,2,1,1,Regular
2007-08-29,20.354684196647845,39.94198705714483,54.35615385648532,59.11277211482833,7.568862171509327,2,2,2,1,1,Bueno
2007-08-30,13.683769590567543,26.093715238883334,37.05230774749548,60.82351444451635,6.574246797042015,1,2,1,2,1,Bueno
2007-08-31,11.018010450907402,21.085709562683743,35.687820430367424,64.209271112539,6.372596155565518,1,1,1,2,1,Bueno
2007-09-01,18.080529088696476,34.44859767159158,44.383028900776154,68.6252550543571,7.129391036354578,2,2,1,2,1,Bueno
2007-09-02,21.52088541040818,37.862771275445496,62.360624935382454,55.3281017190319,8.226794879214886,2,2,2,1,1,Bueno
2007-09-03,21.97413608416213,39.80621035071167,73.70249992532608,48.51394920672401,8.879085065847798,2,2,2,1,1,Bueno
2007-09-04,11.544479162121812,24.948676691582456,40.71229162430152,52.44389824543969,7.175803861721535,1,1,1,1,1,Muy Bueno
2007-09-05,13.35654452552346,30.751633349259695,56.69131406950645,47.87269298658158,7.599644595278677,1,2,2,1,1,Bueno
2007-09-06,24.813423916049626,53.79348419659102,72.53533663657996,38.17263250595484,7.600032205934878,2,3,2,1,1,Regular
2007-09-07,10.118072930723429,23.244599999984107,51.98004805888885,48.72751708389961,6.459467735886574,1,1,2,1,1,Bueno
2007-09-08,12.430846525878502,27.46217027928475,43.839631433670334,58.20342379182072,5.9792788452827015,1,2,1,1,1,Bueno
2007-09-09,19.75168422648781,38.191116675138474,58.130689119681335,53.04849418730502,6.7609775605110025,2,2,2,1,1,Bueno
2007-09-10,17.97806278635694,35.82667240924737,61.89429472425045,43.56564618697783,6.314485534977683,2,2,2,1,1,Bueno
2007-09-11,21.71147360487988,43.189133220078666,68.65157054020808,43.8267457497322,6.862435893752636,2,2,2,1,1,Bueno
2007-09-12,27.23787232282314,62.2821590908162,64.30181815252675,39.13219929601728,7.22035715216166,2,3,2,1,1,Regular
2007-09-13,25.439842940625095,53.15811280435131,49.89261220051692,49.977440654625326,5.728189101968056,2,3,1,1,1,Regular
2007-09-14,21.562052638907183,40.59857146659594,56.36642044734802,33.66745330603297,5.809870979478283,2,2,2,1,1,Bueno
2007-09-15,14.181720388192003,24.665056213329922,48.15634609797062,42.131714760144014,5.67296473796551,1,1,1,1,1,Muy Bueno
2007-09-16,17.149351379033682,32.373468405230504,43.57310177012676,47.68126709412222,5.556526655526847,2,2,1,1,1,Bueno
2007-09-17,26.380662649510853,50.53715476363596,54.85558725083435,34.77815600976031,6.206849994659424,2,3,2,1,1,Regular
2007-09-18,16.204363614862615,25.16350588496022,50.18210002263387,45.35144614248259,5.776783344348272,2,2,2,1,1,Bueno
2007-09-19,17.98228402932485,36.414321552069744,51.70822946659429,43.08385441781784,6.334840869584076,2,2,2,1,1,Bueno
2007-09-20,27.729266649882,56.148236282884255,68.1887973002142,27.01085142035415,6.797756845412189,2,3,2,1,1,Regular
2007-09-21,19.753109735686603,39.37131664911906,52.62973238552693,29.834298343895597,5.790200004180273,2,2,2,1,1,Bueno
2007-09-22,15.62113089575654,26.94443337440491,49.639366687138875,31.40272089133414,5.776233335733414,2,2,1,1,1,Bueno
2007-09-23,16.1406666394436,21.379482454768006,39.189632695186916,39.17586575548556,6.030434058783249,2,1,1,1,1,Bueno
2007-09-24,18.61613103605452,30.423143872847923,72.26322196680238,31.34244679728298,6.976250000397364,2,2,2,1,1,Bueno
2007-09-25,13.6793452501297,26.5812666730086,65.64648246605393,30.881749173777685,7.1646833419799805,1,2,2,1,1,Bueno
2007-09-26,7.664111097653707,15.082303919433768,39.780913496095245,45.25168970782181,5.724812391726072,1,1,1,1,1,Muy Bueno
2007-09-27,7.376666661972801,15.166276089452435,44.61725970644217,39.149881608595095,5.9619582583395285,1,1,1,1,1,Muy Bueno
2007-09-28,13.961354220906893,29.009855760595737,63.51157051248428,33.73052450646402,7.266516862290628,1,2,2,1,1,Bueno
2007-09-29,23.814232835378597,42.892889114291094,62.503097851050605,29.15805079936981,7.045426715783259,2,2,2,1,1,Bueno
2007-09-30,17.711093684037525,30.647961154338997,50.17941748671547,21.22708905804647,6.8763268618907745,2,2,2,1,1,Bueno
2007-10-01,19.61843743485709,34.069630826074466,58.412134822643395,14.335212225116575,6.994356909748825,2,2,2,1,1,Bueno
2007-10-02,17.435968553208557,30.959903088255345,58.862206167261,18.34173764402659,6.413780287895141,2,2,2,1,1,Bueno
2007-10-03,17.711623085730988,23.778289544347086,57.64219312152769,17.546310338686254,6.428768487203689,2,1,2,1,1,Bueno
2007-10-04,19.141875041027863,31.072070144452713,66.09611915889377,14.673163256880377,7.128711761099897,2,2,2,1,1,Bueno
2007-10-05,18.92239584028721,30.492237033748467,73.30243984271397,15.785050859491705,7.237323716664926,2,2,2,1,1,Bueno
2007-10-06,20.06931937583454,31.589866660435995,63.209903779802886,22.197864408816322,7.420464749137561,2,2,2,1,1,Bueno
2007-10-07,18.616596848552764,26.047966659466425,58.09517644766049,24.515000029337607,6.474807696082653,2,2,2,1,1,Bueno
2007-10-08,21.144427108267944,31.325317657512166,68.02314606753819,23.22526313695924,7.156618592830805,2,2,2,1,1,Bueno
2007-10-09,13.051931801844727,21.291986347469564,47.917331111097255,35.14849908605712,6.318144499570474,1,1,1,1,1,Muy Bueno
2007-10-10,15.210666672388713,27.371029655346696,60.927596645194946,24.477886346898323,6.888227427284853,2,2,2,1,1,Bueno
2007-10-11,8.53353592341776,15.718322036630017,42.41280788232149,40.722444010683674,6.0185365859085955,1,1,1,1,1,Muy Bueno
2007-10-12,9.911832479906332,16.256772582546922,41.91574714688832,45.01692694880966,6.338459073062119,1,1,1,1,1,Muy Bueno
2007-10-13,17.826093743244808,26.23111849913812,64.80121793960913,30.922159825458007,7.663605770239463,2,2,2,1,1,Bueno
2007-10-14,20.45581147620815,29.30568071894285,65.23974328477348,32.717249647668346,7.503772073151786,2,2,2,1,1,Bueno
2007-10-15,21.719312208670157,36.12793283061821,75.42030498265838,25.616013588653512,7.681286153686008,2,2,2,1,1,Bueno
2007-10-16,24.18862433029861,41.17877926076934,80.38295330090469,23.036139502006325,8.133786424464006,2,2,2,1,1,Bueno
2007-10-17,24.402105218485783,42.35220158280445,78.78842685387184,19.56194867517194,8.483967734921363,2,2,2,1,1,Bueno
2007-10-18,19.754947426444605,34.4503199187192,60.30205134779979,29.80331065011146,7.869420289993286,2,2,2,1,1,Bueno
2007-10-19,24.983368391739695,47.66637902655174,78.9794711791552,19.589424754964114,9.071602573379492,2,2,2,1,1,Bueno
2007-10-20,18.678072903926175,36.55844733551866,73.22519236803055,20.598900154359047,8.69849358422634,2,2,2,1,1,Bueno
2007-10-21,18.59234376437962,36.292366640170414,64.38092941733507,25.88785114627199,8.312339738775522,2,2,2,1,1,Bueno
2007-10-22,29.676406264305115,56.22821867966852,94.66479872121519,12.45851537920916,11.3751373121542,2,3,2,1,1,Regular
2007-10-23,25.84296291435837,49.248060158662575,81.13784216298765,15.87615387011797,11.094879214890337,2,2,2,1,1,Bueno
2007-10-24,20.686302036046982,34.66166669130325,69.56701931128136,9.300507652779723,9.091939104291109,2,2,2,1,1,Bueno
2007-10-25,14.89989530353646,23.861819613159,53.28432044782299,28.189332185134496,8.363747969197533,1,1,2,1,1,Bueno
2007-10-26,16.634010682131517,25.70958058026013,55.799999926936245,25.228700821623843,8.970903205487035,2,2,2,1,1,Bueno
2007-10-27,15.382198969731157,22.57145483079164,46.350865401518654,34.20691525249158,9.399615389796404,2,1,1,1,1,Bueno
2007-10-28,15.959685916675948,24.883361234712762,61.296067396289466,29.422707330151862,11.001059396691728,2,1,2,1,1,Bueno
2007-10-29,15.771578968826093,29.714498276495217,64.62987159955559,25.473056014810638,10.823675759148635,2,2,2,1,1,Bueno
2007-10-30,7.858272246041223,20.232432876057274,40.254516151259025,37.160068310568356,8.35384490994529,1,1,1,1,1,Muy Bueno
2007-10-31,9.804322927258909,20.807294123112655,47.10751205422766,34.744402743748836,9.8609046843595,1,1,1,1,1,Muy Bueno
2007-11-01,14.991979179282984,27.955555575463908,60.27913822468703,31.98993099023556,14.208009705574382,1,2,2,1,1,Bueno
2007-11-02,23.382447864860296,42.39426414384491,81.3616695051974,17.073045023327055,18.110979137604346,2,2,2,1,1,Bueno
2007-11-03,27.06515623877446,45.654163902021175,85.62240386314882,16.446610171107924,19.46926282766538,2,2,2,1,1,Bueno
2007-11-04,25.027708316842716,40.11996666550636,83.27190792987051,17.728826606231898,17.67299668836278,2,2,2,1,1,Bueno
2007-11-05,41.70481663848717,74.50376263908718,124.59700659991933,7.671769908782655,24.031950019200643,3,3,3,1,1,Regular
2007-11-06,22.555789431145318,46.23452420863564,96.50421660105387,12.40485010654838,19.09424043935607,2,2,2,1,1,Bueno
2007-11-07,26.516562404111028,55.74542726424072,98.04181686560312,17.254091696869548,19.59552586496573,2,3,2,1,1,Regular
2007-11-08,44.647083297371864,84.80924859588254,128.64833342552186,7.289255308291168,24.652833341757457,3,3,3,1,1,Regular
2007-11-09,26.208802102754515,50.15719936557652,85.66371671676636,17.5287808950714,18.686216662724814,2,3,2,1,1,Regular
2007-11-10,17.15145832207054,32.799743706955866,74.08244997819264,27.018959468003935,17.950233346621197,2,2,2,1,1,Bueno
2007-11-11,23.24677088484168,40.2321870012554,95.12439993858338,12.561499143561358,22.91664997577667,2,2,2,1,1,Bueno
2007-11-12,32.628586335956115,63.20519259147708,122.68666651981329,9.009722695813435,26.969183000084623,3,3,3,1,1,Regular
2007-11-13,23.496041723527014,53.1266666600852,100.36036874697758,10.668353146628329,20.362467924753826,2,3,3,1,1,Regular
2007-11-14,16.864739583805203,40.655383298794426,70.9033493078672,18.86376908375978,15.159006391198208,2,2,2,1,1,Bueno
2007-11-15,10.948481694878083,21.9606176955075,52.78734291655622,32.5709369625306,11.256698856991079,1,1,2,1,1,Bueno
2007-11-16,16.956125726874586,37.02445565715707,81.96153829189447,18.607329925104064,17.358349338364906,2,2,2,1,1,Bueno
2007-11-17,24.933526408044916,49.10388986773801,104.01217946639427,9.880153064014149,24.399839748938877,2,2,3,1,1,Regular
2007-11-18,28.32375007867813,49.92031726455052,98.44291670505817,12.865169510497886,22.903365342280804,2,2,2,1,1,Bueno
2007-11-19,36.04489587744077,67.1925127230697,108.94496793838942,5.643989816282723,23.92979097672981,3,3,3,1,1,Regular
2007-11-20,19.76099479510522,24.415041981224253,60.39531393174004,14.35301372449692,8.492318835043484,2,1,2,1,1,Bueno
2007-11-21,13.51744789785395,20.629983241359394,57.244372990353696,24.252006856286915,10.689259243472186,1,1,2,1,1,Bueno
2007-11-22,19.7486979290843,30.726360574588554,67.98043482007996,9.175843258732629,14.332471712725614,2,2,2,1,1,Bueno
2007-11-23,16.756947387205926,26.50398326277733,70.80566828262403,12.647135509225967,15.170339811195447,2,2,2,1,1,Bueno
2007-11-24,7.852812487011154,13.954732444174713,43.57094711017456,27.644821722357705,11.957271271303034,1,1,1,1,1,Muy Bueno
2007-11-25,7.423020858938496,13.525726196960933,40.08636219341021,37.1132652929851,12.337115392470972,1,1,1,1,1,Muy Bueno
2007-11-26,16.01317706083258,31.52553334037463,74.20538591495281,16.06605084710202,17.647813516414434,2,2,2,1,1,Bueno
2007-11-27,13.473385426526269,27.17415687615963,67.14987174058572,16.923112299977518,17.085048032876774,1,2,2,1,1,Bueno
2007-11-28,15.157760362451276,30.95379422104982,69.3874638515836,18.321509450827413,16.120193876626995,2,2,2,1,1,Bueno
2007-11-29,25.076562541226547,49.299633277257286,85.67602561681699,7.3337690952678285,20.281105801081047,2,2,2,1,1,Bueno
2007-11-30,24.827684151498897,49.355040955817564,95.58716343610715,7.545025473286624,22.18802884221077,2,2,2,1,1,Bueno
2007-12-01,31.955555456655997,54.947781336652504,94.62749984325507,6.845544212630817,22.923445513615242,3,3,2,1,1,Regular
2007-12-02,17.775572913388412,26.00012858044296,62.13284783121412,10.776020928931278,15.68487179126495,2,2,2,1,1,Bueno
2007-12-03,24.891562461232144,45.63876392141008,78.79825942974372,11.986643930817788,18.951075469701287,2,2,2,1,1,Bueno
2007-12-04,36.05203123142322,64.24925559932746,107.40969298305727,7.253510277769337,25.47492732293001,3,3,3,1,1,Regular
2007-12-05,33.764479191352926,64.4897107004736,100.74035268869156,6.110508487032631,24.924407065678867,3,3,3,1,1,Regular
2007-12-06,26.294635333120823,46.71755230484377,83.81362171967824,8.868610185182701,22.041105774732735,2,2,2,1,1,Bueno
2007-12-07,32.12020826712251,49.78104339786364,76.07155451713464,6.112517008671955,19.559054501545734,3,2,2,1,1,Regular
2007-12-08,22.816979097823303,31.619150614509216,58.60722750883836,6.359389829433571,13.305240379694181,2,2,2,1,1,Bueno
2007-12-09,7.849218753787379,14.281378186283968,37.45266028933036,27.125597955655802,12.058060884475708,1,1,1,1,1,Muy Bueno
2007-12-10,11.331204144742477,23.017829637052163,63.310721068810196,31.679540602773322,14.925977556369244,1,1,2,1,1,Bueno
2007-12-11,14.692395818109313,31.051639858741087,83.27794208097305,15.401584342350546,17.956221834256336,1,2,2,1,1,Bueno
2007-12-12,25.288010371293073,55.489678912331165,111.2141091268671,8.188943787368437,28.6619743236952,2,3,3,1,1,Regular
2007-12-13,25.56536447070539,55.746302344408065,108.98049681920271,8.190355923923395,27.722163447966942,2,3,3,1,1,Regular
2007-12-14,19.947604130332667,46.15797405227463,98.0830956772815,9.949810348296987,22.4074392280084,2,2,2,1,1,Bueno
2007-12-15,27.85277485847473,51.70666665216772,99.7578050039648,6.831522487645331,24.170048734618398,2,3,2,1,1,Regular
2007-12-16,14.011458229273558,25.447676257827343,60.58987170763505,20.229388783459754,16.93017625503051,1,2,2,1,1,Bueno
2007-12-17,19.09723957752188,39.185088301546884,82.51652231277563,8.895186442439838,19.214342954067085,2,2,2,1,1,Bueno
2007-12-18,17.153437530001003,24.296398706374827,67.73886225468073,11.145127333283222,14.650480769383602,2,1,2,1,1,Bueno
2007-12-19,13.296718792368969,22.467884615636788,63.872355801936905,18.21822032403138,16.32426279477584,1,1,2,1,1,Bueno
2007-12-20,12.681406254569689,19.68830917653254,66.31657038438014,17.167419337254834,14.143253188102673,1,1,2,1,1,Bueno
2007-12-21,10.674479128792882,23.990498394061515,54.31506426081397,17.152491499946386,14.833392282774211,1,1,2,1,1,Bueno
2007-12-22,9.650989594558874,15.793017650396827,52.23360577607766,16.432491537676018,14.133990373366919,1,1,2,1,1,Bueno
2007-12-23,10.80005206912756,18.3181089617503,48.954615418727585,27.673644019789617,17.26115386761152,1,1,1,1,1,Muy Bueno
2007-12-24,15.360104198257128,26.940064128774864,65.78306077993832,11.122636044106516,17.66796472439399,2,2,2,1,1,Bueno
2007-12-25,14.604062472780546,22.876897131898396,53.97129805577107,14.214965981691062,16.328076938023933,1,1,2,1,1,Bueno
2007-12-26,13.1017989418494,21.262347297269816,56.486153949529694,18.37266552630426,16.338814086638966,1,1,2,1,1,Bueno
2007-12-27,15.478148153850011,30.419323637097737,70.35925913471338,19.80965926456289,17.609275355623158,2,2,2,1,1,Bueno
2007-12-28,24.175364612291258,45.25537727158487,87.03870201416505,7.031372888411505,21.315352588891983,2,2,2,1,1,Bueno
2007-12-29,22.276249925295513,38.31215429536016,75.17336546152066,7.52398305525214,19.38853936095873,2,2,2,1,1,Bueno
2007-12-30,24.620052075323958,38.45450323075056,80.77189102233984,8.722410877208354,22.990544873934525,2,2,2,1,1,Bueno
2007-12-31,16.2480208457758,27.869903856745132,77.33729149439397,10.978135601544784,20.640130072492894,2,2,2,1,1,Bueno
2008-01-01,26.5661457652847,40.74482317791108,68.31878195970486,9.115025554036363,20.04363335609436,2,2,2,1,1,Bueno
2008-01-02,15.767894761813315,21.005400666823753,66.55237189317361,9.75081911184682,14.897970306597921,2,1,2,1,1,Bueno
2008-01-03,5.617395819785695,9.173422818015887,50.4109295407931,30.313847490571813,10.923918684517465,1,1,2,1,1,Bueno
2008-01-04,13.235999982886844,21.39093904911588,58.247291684914856,20.75643225476836,12.875144198154791,1,1,2,1,1,Bueno
2008-01-05,12.485729123155275,18.745682175622516,47.28229162631891,20.405406794305573,11.804503197853382,1,1,1,1,1,Muy Bueno
2008-01-06,9.412500018253922,12.180785245047165,34.66028051014387,21.03300509752361,9.947800950866258,1,1,1,1,1,Muy Bueno
2008-01-07,9.231614572306475,14.009903860302307,41.588407249482,20.113904957860353,11.54050903680485,1,1,1,1,1,Muy Bueno
2008-01-08,20.028750028461218,35.82696774563482,55.61803536253851,7.758600692700201,15.580853456076408,2,2,2,1,1,Bueno
2008-01-09,28.340833326180775,43.84479931499181,60.287996768951416,6.642193893591563,14.867122192474806,2,2,2,1,1,Bueno
2008-01-10,17.787011452789965,28.186792465671257,61.63055465441792,8.924310630528714,13.386689084317505,2,2,2,1,1,Bueno
2008-01-11,7.8780729190136,13.900209019805073,52.15016022248146,24.013921926300878,11.107351526594085,1,1,2,1,1,Bueno
2008-01-12,8.23471203337165,15.670834670288796,48.42495197669054,35.3986949528678,11.996181224927932,1,1,1,1,1,Muy Bueno
2008-01-13,14.614895862837633,25.078424520753508,63.79235199093819,13.826707306639243,14.880154084669401,1,2,2,1,1,Bueno
2008-01-14,11.641308942390362,20.130230646353382,53.38185124673134,19.730070057767076,11.714730640051743,1,1,2,1,1,Bueno
2008-01-15,10.029739590982595,19.197733120136323,48.8681702177559,22.457500019851995,10.91612540257322,1,1,1,1,1,Muy Bueno
2008-01-16,8.811666663115224,18.153258044873514,35.605136838512145,40.85257292039194,10.877880285472932,1,1,1,1,1,Muy Bueno
2008-01-17,14.986822954689464,31.855145158306247,51.12996794015933,29.0270477403146,12.799051454979507,1,2,2,1,1,Bueno
2008-01-18,26.053749904036522,44.76275634383544,74.36581733746407,13.1761120531474,17.476041665061928,2,2,2,1,1,Bueno
2008-01-19,19.73387430101165,34.208493649577484,69.76786852494264,11.359644075975579,20.75620193894093,2,2,2,1,1,Bueno
2008-01-20,21.241308789602748,34.311698708205654,72.0896314183871,13.117864373982963,20.41330130589314,2,2,2,1,1,Bueno
2008-01-21,31.817187503601115,57.85154837312237,92.51619583607486,8.830527205451006,23.993788135568366,3,3,2,1,1,Regular
2008-01-22,34.20656247250736,62.59804528210198,107.04817315248343,7.748078228665047,27.65253203495955,3,3,3,1,1,Regular
2008-01-23,27.958593691388767,62.70979091515495,88.81927893406305,9.835874353483295,22.294951905042698,2,3,2,1,1,Regular
2008-01-24,26.151770790417988,58.3360031634617,81.88112365147084,9.900000003324886,19.92152490393882,2,3,2,1,1,Regular
2008-01-25,15.918593771755695,30.55891932479797,61.9470692049478,21.02487175770295,15.085861499374808,2,2,2,1,1,Bueno
2008-01-26,14.766753905730722,27.797435887731037,61.325160261912224,20.646816613764912,15.288733958433836,1,2,2,1,1,Bueno
2008-01-27,15.812408323063277,30.656169913900204,70.37179490236136,17.745271201861108,18.46527246901622,2,2,2,1,1,Bueno
2008-01-28,24.836492258528764,51.46914927572921,105.24525613204027,11.0427504233472,26.379326953719822,2,3,3,1,1,Regular
2008-01-29,21.586718833694857,46.48924681773553,89.07352563356741,10.365178293607029,21.24621795805601,2,2,2,1,1,Bueno
2008-01-30,28.85947910944621,60.757387833717544,99.86548064305232,9.212750422731927,23.96203526434226,2,3,2,1,1,Regular
2008-01-31,12.108854172130426,27.33433871249999,73.81291004929129,21.246752119471886,17.000257232948133,1,2,2,1,1,Bueno
2008-02-01,24.616878375805243,51.96798026346416,96.5765850154403,7.303702438166397,21.840964087863373,2,3,2,1,1,Regular
2008-02-02,15.00326199646302,24.618061399999075,57.230865257672775,22.162512744829083,13.189182672745142,2,1,2,1,1,Bueno
2008-02-03,10.897958107019594,16.53929032164235,47.92075322071711,22.539949009900184,10.737516026848402,1,1,1,1,1,Muy Bueno
2008-02-04,8.817486922154252,16.022025880975892,46.65241925178036,33.35704774986762,10.781241913764708,1,1,1,1,1,Muy Bueno
2008-02-05,19.877760402237374,37.242081314179956,71.47092682753151,12.407413803297898,14.443479699623294,2,2,2,1,1,Bueno
2008-02-06,22.356439842603592,42.2057532117917,78.5269551735658,11.755653646077285,20.29254802679404,2,2,2,1,1,Bueno
2008-02-07,15.283385436361035,30.969006440100763,72.74536866713792,18.396237261820648,18.405849342926956,2,2,2,1,1,Bueno
2008-02-08,16.559635463170707,33.38455868570992,81.3849519261947,14.892299822688711,20.433124988507,2,2,2,1,1,Bueno
2008-02-09,14.517936527413665,27.497467709741287,68.29937200960906,22.073202695716585,16.444025768749956,1,2,2,1,1,Bueno
2008-02-10,13.650000015584132,24.22719550018127,65.41134626590289,27.121288120140463,15.243830122435705,1,1,2,1,1,Bueno
2008-02-11,15.956874954824647,34.292227586970114,79.07651695661713,18.890881331896377,17.190977563460667,2,2,2,1,1,Bueno
2008-02-12,14.036145820592841,25.80271266283614,57.60325331107164,33.87033950736041,13.518733953722776,1,2,2,1,1,Bueno
2008-02-13,12.376510389149189,22.956388455715455,57.54600329881304,33.131508520094016,13.905561065516457,1,1,2,1,1,Bueno
2008-02-14,15.034739582644155,34.848044847639706,61.29677881453282,29.403446592985066,15.472466908543316,2,2,2,1,1,Bueno
2008-02-15,17.392135420193274,34.06796478499205,66.91541672093818,20.505331047524418,15.329535258121979,2,2,2,1,1,Bueno
2008-02-16,21.240364597489435,42.13022438837932,59.76508018145194,22.91947281036247,15.670881404708593,2,2,2,1,1,Bueno
2008-02-17,16.524218765397865,31.10144234314943,42.135368547951565,45.937086954230544,11.883733975581634,2,2,1,1,1,Bueno
2008-02-18,11.543789485881202,17.06961416824454,58.97966232856921,28.212942163960463,11.568987146451159,1,1,2,1,1,Bueno
2008-02-19,13.562648679436863,17.642790315228122,57.61120954867332,17.454427340091804,11.202693557162439,1,1,2,1,1,Bueno
2008-02-20,18.51382192392,30.901426234546705,71.73735819759399,14.077791077633426,13.112495969141708,2,2,2,1,1,Bueno
2008-02-21,14.150364616885781,26.875945488229775,60.15262824755449,19.077283550806484,13.372323721647263,1,2,2,1,1,Bueno
2008-02-22,13.876157894887422,24.621559471946053,59.74254014177721,24.577866869981786,13.024301741326028,1,1,2,1,1,Bueno
2008-02-23,9.0438541850696,15.203124988155487,50.291961514777306,34.12823425367449,12.610144196412502,1,1,2,1,1,Bueno
2008-02-24,10.013229169572393,14.941861963960944,41.33140234238715,40.49901527216965,9.795617979564025,1,1,1,1,1,Muy Bueno
2008-02-25,17.576387464063956,28.88808991591391,67.95983636437774,17.21368599873761,12.11285946923812,2,2,2,1,1,Bueno
2008-02-26,27.43062831718884,52.48446082289702,82.56421036155601,11.608324700686598,17.814156933897525,2,3,2,1,1,Regular
2008-02-27,23.369947808484238,48.0109295799182,73.47503230956293,16.418362102015266,16.343225292100705,2,2,2,1,1,Bueno
2008-02-28,15.382447897767028,25.721618580130432,67.51083595576394,16.81196582093198,12.51445161056134,2,2,2,1,1,Bueno
2008-02-29,18.29468751108895,31.423109024572067,69.68588043915436,14.556803429432405,14.745996772284677,2,2,2,1,1,Bueno
2008-03-01,21.717447975029547,33.98077297479442,69.14036930965956,18.02996600769004,14.614430192385592,2,2,2,1,1,Bueno
2008-03-02,14.535189196870133,22.47549432757608,59.37111843579012,25.769518122205227,13.09465154614209,1,1,2,1,1,Bueno
2008-03-03,16.87542108077752,29.474158601467664,63.63691930770874,24.156341898339427,13.68595159899804,2,2,2,1,1,Bueno
2008-03-04,6.14734376159807,17.024090921723996,37.71495131441912,46.335756054448915,9.347922084006397,1,1,1,1,1,Muy Bueno
2008-03-05,5.87931936885674,17.31922704413317,31.690496842066448,53.134016972073056,9.243258445259082,1,1,1,1,1,Muy Bueno
2008-03-06,10.675208335742354,21.468184746258455,50.151490451860575,40.545500827361856,11.928073832540987,1,1,2,1,1,Bueno
2008-03-07,17.21194732816596,33.82548117754315,83.77038473349351,20.797198640268,15.940528840781786,2,2,2,1,1,Bueno
2008-03-08,14.747166672017839,26.399428093745037,65.59665019839417,32.748719664593466,14.04194445976245,1,2,2,1,1,Bueno
2008-03-09,11.807619083140578,19.305175299835522,49.11958330209057,43.739171164376394,10.98260001262029,1,1,1,1,1,Muy Bueno
2008-03-10,10.701796428172175,23.40262539570148,42.061516781648,41.277999995240066,9.204500028888384,1,1,1,1,1,Muy Bueno
2008-03-11,10.766176476198083,18.256644504014837,37.5459098788056,40.44063273967884,10.809834152904909,1,1,1,1,1,Muy Bueno
2008-03-12,13.872228574752807,24.967578223352575,54.84773400146973,24.433501727905007,11.525213831349424,1,1,2,1,1,Bueno
2008-03-13,15.204375017434359,32.564999981186325,70.7049198769606,24.623062586017873,13.385000006701702,2,2,2,1,1,Bueno
2008-03-14,22.248437454303104,44.39233971711917,84.8186378356738,19.68380710074139,15.125625018508007,2,2,2,1,1,Bueno
2008-03-15,14.83911462749044,32.88459933491853,51.30682690316238,36.15814936626544,11.695448713042797,1,2,2,1,1,Bueno
2008-03-16,7.135885407837729,13.711346150017702,31.525657036276055,61.51544996271311,8.299150643822474,1,1,1,2,1,Bueno
2008-03-17,12.247135421882072,27.55902092759146,52.267980690567924,38.35962708198418,10.757820521409695,1,2,2,1,1,Bueno
2008-03-18,6.61822915294518,12.080690783301467,37.369687017538205,54.49331600467364,8.343070610990665,1,1,1,1,1,Muy Bueno
2008-03-19,8.619843743120631,16.74503332277139,50.49841669956843,39.77358659164644,10.213233325084051,1,1,2,1,1,Bueno
2008-03-20,6.9297916783640785,13.498227435609568,20.777086157223273,67.23880297365324,9.328733335733414,1,1,1,2,1,Bueno
2008-03-21,6.860052074305713,11.595033309658369,30.0510590095073,56.77051054591864,9.740299991965294,1,1,1,1,1,Muy Bueno
2008-03-22,5.73463543287168,11.216754091372255,20.8294047277142,65.64450009115811,7.959313714523721,1,1,1,2,1,Bueno
2008-03-23,7.3274999835217995,10.64423077343366,27.658000020186105,58.56789462149447,8.182996790420312,1,1,1,1,1,Muy Bueno
2008-03-24,8.884166643023491,13.243285244760605,34.72646586330007,53.43876487228471,9.422644241354787,1,1,1,1,1,Muy Bueno
2008-03-25,12.029010414766768,20.609198736265682,56.67016013272298,38.49769101523381,11.645464759988663,1,1,2,1,1,Bueno
2008-03-26,7.461197902448475,16.42878207583458,33.51214753358792,57.209220317258676,9.267996777135592,1,1,1,1,1,Muy Bueno
2008-03-27,10.96151038321356,20.738876401899713,36.73910252109934,51.68772885435719,9.094310896614424,1,1,1,1,1,Muy Bueno
2008-03-28,14.269218704352776,26.12629806747039,52.50612177871741,43.936694871773156,10.377900619728443,1,2,2,1,1,Bueno
2008-03-29,14.265916217684122,27.267644219673596,55.55924679453556,38.674321993326735,10.852467947090284,1,2,2,1,1,Bueno
2008-03-30,10.683749971830327,21.188010048706793,33.098010039449136,50.137243878293795,8.403996653082379,1,1,1,1,1,Muy Bueno
2008-03-31,8.505602077039748,14.114535262187323,39.92404186245708,55.49636512567566,8.745748787686445,1,1,1,1,1,Muy Bueno
2008-04-01,14.468032777635127,28.91469921329157,60.32091054645011,35.319642901826064,11.040780496791127,1,2,2,1,1,Bueno
2008-04-02,8.883403116183755,17.652195519457262,50.009599342273596,34.424816740353904,9.028846157475924,1,1,2,1,1,Bueno
2008-04-03,7.489528793627055,18.039102513056534,51.96866983996752,45.47748324632644,8.069070511521437,1,1,2,1,1,Bueno
2008-04-04,10.634136164999758,22.645897393807388,59.24440695077945,47.77589626727591,7.719149269319078,1,1,2,1,1,Bueno
2008-04-05,16.366684477596998,32.848263656978055,55.377468046469566,52.77931665976842,7.665945519621555,2,2,2,1,1,Bueno
2008-04-06,15.226510418889424,29.951237897397622,69.47352586342738,42.59286659995715,8.745576930733828,2,2,2,1,1,Bueno
2008-04-07,22.108062785333363,48.32240780054279,51.19440708863429,44.47711664358775,7.7858012807674895,2,2,2,1,1,Bueno
2008-04-08,9.315526305060638,16.489471145547352,47.52665069202582,52.29934991518656,7.1795993481691065,1,1,1,1,1,Muy Bueno
2008-04-09,9.760052313355251,16.06325319562203,44.32794871009313,40.03974874295182,7.365000006480095,1,1,1,1,1,Muy Bueno
2008-04-10,9.750473700071636,17.14953524294572,48.9496784286867,44.50678328514099,7.583493602963594,1,1,1,1,1,Muy Bueno
2008-04-11,10.066770846334597,15.602788479855427,48.09748384356499,50.723916613260904,8.359519225091507,1,1,1,1,1,Muy Bueno
2008-04-12,10.712031216050187,16.33612179565124,50.521201949089004,44.863499957720435,8.29903846520644,1,1,2,1,1,Bueno
2008-04-13,9.897864581396183,15.979038464717377,36.41572106266633,51.71423331181208,7.422772440390709,1,1,1,1,1,Muy Bueno
2008-04-14,8.537135410743454,17.20569822015196,52.143258453754896,49.53146913493416,8.412102729512638,1,1,2,1,1,Bueno
2008-04-15,10.51244796719402,22.672836555502354,59.68698709439008,48.17119999408722,8.502628204150078,1,1,2,1,1,Bueno
2008-04-16,19.068593786408503,46.12607371959931,72.47163465389839,37.40685002287229,9.268862171432911,2,2,2,1,1,Bueno
2008-04-17,10.204105262379898,20.774356902220624,37.06299037718696,52.9305852535975,7.137009643281771,1,1,1,1,1,Muy Bueno
2008-04-18,6.587111120422681,12.967536952303744,37.488854366901855,52.97805470167167,6.917908491067637,1,1,1,1,1,Muy Bueno
2008-04-19,7.594270850842197,12.011057711182497,39.26402251919111,45.47889995574951,6.870977561061199,1,1,1,1,1,Muy Bueno
2008-04-20,5.952421064125864,9.726575569324554,28.740466185321377,59.57563540289633,6.937411572005588,1,1,1,1,1,Muy Bueno
2008-04-21,8.209999999560807,14.090819925357291,37.70390679215311,53.94182273217268,7.709003209301129,1,1,1,1,1,Muy Bueno
2008-04-22,11.89677970557563,19.34916122571418,43.72229729874714,53.021935026123096,7.966365127579162,1,1,1,1,1,Muy Bueno
2008-04-23,15.103854664211166,27.26584715621416,52.15668940908435,30.64622833324551,8.597479242590529,2,2,2,1,1,Bueno
2008-04-24,15.196041646723947,28.09807690595969,67.39586537159406,30.412671106287554,8.689727560067789,2,2,2,1,1,Bueno
2008-04-25,14.230468777318796,28.39331727188367,66.42767630632108,43.17435006300608,8.023317302744358,1,2,2,1,1,Bueno
2008-04-26,17.729323050628107,32.278541636772644,73.55379805198082,48.74906670133273,8.193996777982237,2,2,2,1,1,Bueno
2008-04-27,17.56973967763285,32.89748399074261,62.63306079995938,51.88576668977738,7.901618584226339,2,2,2,1,1,Bueno
2008-04-28,8.865781248547137,20.151490370814617,43.025833346904854,56.777746165535085,6.860480775817846,1,1,1,1,1,Muy Bueno
2008-04-29,9.2554450406454,20.85975961291637,41.129550558797426,65.83799335071474,6.748733967542648,1,1,1,2,1,Bueno
2008-04-30,7.598750009822349,15.067319466635274,39.28855072165841,66.46946390749422,6.558394864895179,1,1,1,2,1,Bueno
2008-05-01,9.373385411376754,17.70947118370961,46.92237183680901,55.107866721947985,6.9980448782444,1,1,1,1,1,Muy Bueno
2008-05-02,15.756701606730516,31.017323682705563,49.32788454263638,64.08681679368019,7.36052884046848,2,2,1,2,1,Bueno
2008-05-03,16.16390621413787,33.34243587423594,57.09419871904911,61.95225003560384,7.421618581200257,2,2,2,2,1,Bueno
2008-05-04,19.22838544100523,44.158141048290794,59.355881370030914,55.13620003302892,7.706634621589612,2,2,2,1,1,Bueno
2008-05-05,15.984136111449196,32.33816724881482,54.8781860781711,53.934450017611184,7.2434294907710495,2,2,2,1,1,Bueno
2008-05-06,16.308124963815015,36.68902083001971,59.17134623038463,46.967183315753935,7.804551278169338,2,2,2,1,1,Bueno
2008-05-07,18.281197953348357,44.22441415725512,49.5887980010265,67.58183325449626,7.291057680661861,2,2,1,2,1,Bueno
2008-05-08,16.094322899977367,24.080480807102642,57.70358972824537,41.46143576219205,6.764871801703404,2,1,2,1,1,Bueno
2008-05-09,10.846041690247754,18.82781700184793,53.93642634306199,40.796016736427944,6.936682685827598,1,1,2,1,1,Bueno
2008-05-10,6.739218757798274,11.69123793184949,50.891460645256224,41.20559268722152,6.503226322691475,1,1,2,1,1,Bueno
2008-05-11,7.18005205411464,12.876886044803822,36.77016050972487,64.7472407849736,6.387768857169113,1,1,1,2,1,Bueno
2008-05-12,11.923177057256302,21.401064902494433,56.292980654117386,50.83137587492898,7.104871798020143,1,1,2,1,1,Bueno
2008-05-13,11.136562494561076,21.33495002746582,51.20996789137522,46.722672359081876,7.0226484753346945,1,1,2,1,1,Bueno
2008-05-14,8.807239598284164,15.226020057863217,46.87483926064715,44.067278842098126,6.823504821663884,1,1,1,1,1,Muy Bueno
2008-05-15,6.791614572517574,13.017366669575374,30.234343018287266,60.16920004526774,6.42245191679551,1,1,1,2,1,Bueno
2008-05-16,9.311250010194877,16.03145242891646,41.21823431706926,43.779382339503016,6.65996789932251,1,1,1,1,1,Muy Bueno
2008-05-17,9.473906258121133,16.466633307933808,43.67355767885844,47.29869997183482,6.712099376015174,1,1,1,1,1,Muy Bueno
2008-05-18,9.339371753924803,16.614166630506517,42.69918266779337,47.62240005731583,6.684823715916047,1,1,1,1,1,Muy Bueno
2008-05-19,9.833437537464002,17.161766679088274,54.48517637680738,36.93130287099409,7.359903848324066,1,1,2,1,1,Bueno
2008-05-20,12.817187516018748,22.700483346780143,56.71429494711069,38.48382798093567,7.950160238605279,1,1,2,1,1,Bueno
2008-05-21,16.86427076595525,30.388464089825078,60.23198721959041,28.74303030164956,7.992307693912433,2,2,2,1,1,Bueno
2008-05-22,10.187644022297485,18.97352253375746,45.669102655007286,42.03010046781607,7.0693589727848005,1,1,1,1,1,Muy Bueno
2008-05-23,10.702500035365423,17.822391301293834,40.95107373671654,34.218260889467984,7.036266016272398,1,1,1,1,1,Muy Bueno
2008-05-24,6.477552085494001,11.971850001414618,32.737243578220024,53.51774987061818,6.415320513340143,1,1,1,1,1,Muy Bueno
2008-05-25,8.224375017608205,13.880417369641924,41.118942402112175,44.47946662902832,6.470983878258736,1,1,1,1,1,Muy Bueno
2008-05-26,9.176145830502113,15.026166652441026,45.55711543560028,48.93005039551679,7.036858983146838,1,1,1,1,1,Muy Bueno
2008-05-27,11.924136124356254,19.22190004805724,49.31025680722624,56.418747923409995,7.1352893953538015,1,1,1,1,1,Muy Bueno
2008-05-28,12.637500003911555,19.81818335413933,50.41536973680331,48.058266649246214,7.328170149896539,1,1,2,1,1,Bueno
2008-05-29,10.919531229883432,17.092950002551078,39.35268059358551,59.30093342145284,6.911476715801233,1,1,1,1,1,Muy Bueno
2008-05-30,14.96479164622724,23.154665554446918,57.73792609217849,36.027362290925296,7.491897101954248,1,1,2,1,1,Bueno
2008-05-31,11.593385421981415,18.831335549362514,49.247419896034096,39.37402333321675,6.986730779592808,1,1,1,1,1,Muy Bueno
2008-06-01,9.883072872335712,15.718516699870428,43.45068911100045,39.10106848715144,6.696490380244377,1,1,1,1,1,Muy Bueno
2008-06-02,12.734270790591836,18.831383337974547,50.84751610909739,39.3412167151769,7.221219903967354,1,1,2,1,1,Bueno
2008-06-03,11.669739611446857,18.741619352506277,52.36780644232227,51.58048405352737,7.025483880504485,1,1,2,1,1,Bueno
2008-06-04,10.968167531552739,18.126906326183907,45.352951698149404,56.43048482914035,6.981980674700653,1,1,1,1,1,Muy Bueno
2008-06-05,14.442031300316254,26.660883351167044,54.56666125174492,39.87093331575394,7.62374597423713,1,2,2,1,1,Bueno
2008-06-06,8.031093757599592,14.055149991114934,43.082705265849874,51.279116695721946,7.0071221705035,1,1,1,1,1,Muy Bueno
2008-06-07,9.018697950989008,16.005275494268222,30.77439108261695,68.81205342249798,6.619452493394246,1,1,1,2,1,Bueno
2008-06-08,7.348177078180015,12.569266677995524,23.404278833132523,65.99435002326965,6.413653841385474,1,1,1,2,1,Bueno
2008-06-09,11.039270820717016,15.552049992084504,38.827881124964875,53.54794991890589,6.668998384321641,1,1,1,1,1,Muy Bueno
2008-06-10,11.087760438832143,16.136288139880715,38.51297872819604,59.95549153311778,6.861566070631317,1,1,1,1,1,Muy Bueno
2008-06-11,13.440476163985236,19.404130801481553,45.23740434963969,58.09452674228846,6.866722136289625,1,1,1,1,1,Muy Bueno
2008-06-12,15.671842061218463,20.39097223182519,50.387243648336714,51.5241392832217,6.937479134593065,2,1,2,1,1,Bueno
2008-06-13,13.406894732149023,20.721273682408818,48.58351572315096,38.47749143613573,7.4224958577431925,1,1,1,1,1,Muy Bueno
2008-06-14,14.372552053382,24.27350001335144,53.92836542236499,45.22728333512942,7.777259604288981,1,1,2,1,1,Bueno
2008-06-15,12.733854167784253,22.141391741041467,46.99920921624198,47.640102959990095,7.340494242295795,1,1,1,1,1,Muy Bueno
2008-06-16,11.31895831351479,18.563538446996965,36.24447535843146,37.41324244587088,6.95824302084536,1,1,1,1,1,Muy Bueno
2008-06-17,9.511534388418552,14.597683324416478,41.6033172123674,43.84769234928399,6.905799671405736,1,1,1,1,1,Muy Bueno
2008-06-18,15.026105319198809,23.28956448392852,53.67250402398515,51.10608337521553,7.380532264805609,2,1,2,1,1,Bueno
2008-06-19,20.21121689882228,33.04659997622172,69.7580193121844,49.730150232330985,7.82286173507715,2,2,2,1,1,Bueno
2008-06-20,21.626858738704502,38.4458833026886,75.76366141688439,49.838133363723756,7.745755632782289,2,2,2,1,1,Bueno
2008-06-21,19.29822911818822,35.05843329826991,54.92193903220006,67.99146663864454,7.366346171937692,2,2,2,2,1,Bueno
2008-06-22,12.106197957570354,23.29748336871465,33.84219555518566,88.81657751971771,6.642548059423764,1,1,1,2,1,Bueno
2008-06-23,23.140157088559334,53.92331666787465,60.95688591493267,64.56142619834084,7.476185888243028,2,3,2,2,1,Regular
2008-06-24,19.38471913538622,30.027431912973626,53.46885435788019,71.03564852496463,6.791105614636991,2,2,2,2,1,Bueno
2008-06-25,20.971666677244777,32.28487185698289,66.77637109145742,69.48534247728243,7.154778323933018,2,2,2,2,1,Bueno
2008-06-26,25.420053448906557,41.873916622002916,62.37810901647959,73.82443322658538,7.3322756458551455,2,2,2,2,1,Bueno
2008-06-27,17.55510635642295,29.955879343813987,53.614453401596215,66.9700334688161,7.104517681805651,2,2,2,2,1,Bueno
2008-06-28,15.002887720730216,24.656850010553995,47.899323654635516,83.54163337866466,6.975457466241827,2,1,1,2,1,Bueno
2008-06-29,19.48799999136674,31.90268332441648,44.588399905363715,79.47196661631266,7.074214745026368,2,2,1,2,1,Bueno
2008-06-30,17.42937507107854,30.42929410894378,57.07872566288593,81.98837496727155,7.254751202382781,2,2,2,2,1,Bueno
2008-07-01,20.914105207669106,40.41856656630834,68.28681084131583,61.97170008261998,7.861746793374037,2,2,2,2,1,Bueno
2008-07-02,14.756157956625286,30.794163930774932,50.03479108856422,46.72848736498536,7.379919489416715,1,2,2,1,1,Bueno
2008-07-03,9.831458335121473,20.02654998699824,45.47833339678935,66.25845365764714,6.846404495055564,1,1,1,2,1,Bueno
2008-07-04,13.779062507053217,30.234799308920387,59.68419870352134,51.82405687055126,7.651682693988849,1,2,2,1,1,Bueno
2008-07-05,12.417552112291256,25.884381283087077,36.5427170727414,43.829078738214186,6.820723474217381,1,2,1,1,1,Bueno
2008-07-06,7.865445049333323,14.90188650296805,25.17217947122378,61.143383487065634,6.493429488669603,1,1,1,2,1,Bueno
2008-07-07,10.74057591148696,22.48167503059809,43.04229907035061,59.49524288481005,7.266559487562088,1,1,1,1,1,Muy Bueno
2008-07-08,13.820729162544012,31.013395296560752,59.35209405964071,58.88312491371825,7.586331169326584,1,2,2,1,1,Bueno
2008-07-09,19.49708335039516,41.025350060462955,70.16649034619331,49.93470782310219,7.8206891008676624,2,2,2,1,1,Bueno
2008-07-10,16.565684184275174,34.63134990096092,70.33857360864297,52.793489158452054,8.498910253628706,2,2,2,1,1,Bueno
2008-07-11,16.66121051813427,34.97514994859696,45.849951903789474,45.34790003458659,7.444743579396834,2,2,1,1,1,Bueno
2008-07-12,9.168297877971161,17.943516648610434,34.283685866838844,44.74063339630763,6.895945510421043,1,1,1,1,1,Muy Bueno
2008-07-13,6.631208774807689,11.218000009059907,22.65905456053905,70.79864987691244,6.425176273171719,1,1,1,2,1,Bueno
2008-07-14,11.849351370012437,21.88527545626454,40.6199037929376,60.80437395767696,6.838333332767854,1,1,1,2,1,Bueno
2008-07-15,14.372054031088545,29.75737016604374,45.987323699853356,65.27855001529058,7.230224357201503,1,2,1,2,1,Bueno
2008-07-16,15.248072936510047,30.271085126571144,50.31217946914526,58.43278807272298,7.515705110170902,2,2,2,1,1,Bueno
2008-07-17,18.53463543454806,36.74818031935143,64.6587499234921,62.80547581451365,7.969503219693135,2,2,2,2,1,Bueno
2008-07-18,17.562736823056873,34.011672199769166,64.46301773463168,66.5032219126547,7.978539326791779,2,2,2,2,1,Bueno
2008-07-19,25.268534019355375,52.46427145116093,65.46682768052327,62.68102178901084,8.708309175119691,2,3,2,2,1,Regular
2008-07-20,23.189633512996256,54.30164429565404,40.44827422711157,62.81419463285664,7.488661303443293,2,3,1,2,1,Regular
2008-07-21,18.615351307714306,36.627546203837674,51.96988704666015,72.55483207846648,7.4110161385228555,2,2,2,2,1,Bueno
2008-07-22,13.262983427192625,29.20027067213494,53.530681859363206,74.52177368305824,7.4038961115595585,1,2,2,2,1,Bueno
2008-07-23,24.605185171283743,54.57327733721052,64.74710606915392,63.36323276676325,8.164340831842454,2,3,2,2,1,Regular
2008-07-24,11.647736871556232,25.717516601483027,45.38822115995945,70.56708326101302,7.35939102830031,1,2,1,2,1,Bueno
2008-07-25,12.460684185279042,23.645225401513763,27.972419880521603,60.08545002937317,6.876842958040727,1,1,1,2,1,Bueno
2008-07-26,9.020263155510552,15.63580003698667,27.392051284129803,50.47393324693044,6.857214163274965,1,1,1,1,1,Muy Bueno
2008-07-27,9.608631578244662,17.64619999150435,33.03482366295961,58.67185002247493,7.112211541105539,1,1,1,1,1,Muy Bueno
2008-07-28,11.651204186584312,23.310934901038475,38.4054808035875,50.07141899863547,7.127596153662755,1,1,1,1,1,Muy Bueno
2008-07-29,11.45617803166674,25.909983344388525,51.4413140744735,53.21164997577667,7.6150320420662565,1,2,2,1,1,Bueno
2008-07-30,17.760582053787495,37.739582700203975,62.735746482402135,48.98869584794826,8.09130017064739,2,2,2,1,1,Bueno
2008-07-31,16.757447883486748,36.06986662785212,58.5503366301075,46.5015333477656,8.470432711335329,2,2,2,1,1,Bueno
2008-08-01,11.905872997152743,24.260050040055596,43.400576951794136,49.47474112295746,7.562820508311956,1,1,1,1,1,Muy Bueno
2008-08-02,13.268638737226656,29.504433308442433,43.68094554772744,78.78948324282965,7.747900628508666,1,2,1,2,1,Bueno
2008-08-03,16.271736831727782,33.38538332502047,45.26985582021567,64.99931662638983,7.958477574281203,2,2,1,2,1,Bueno
2008-08-04,17.4769633496619,38.7597658977062,60.2681380014741,56.95071787826207,8.452339777579674,2,2,2,1,1,Bueno
2008-08-05,21.540677023430664,50.174648838298374,66.99855761497449,49.09821368179258,8.985361156647317,2,3,2,1,1,Regular
2008-08-06,16.99593755664925,42.62540399907815,57.847467783189586,56.39900835902751,8.395161278786198,2,2,2,1,1,Bueno
2008-08-07,12.301510433355967,26.242266661723455,39.128718055975746,64.47793336073558,7.381669338786583,1,2,1,2,1,Bueno
2008-08-08,12.45094735183214,25.559499988953274,44.299583465625076,73.92811043366142,7.19203524176891,1,2,1,2,1,Bueno
2008-08-09,14.437760397791862,30.752666591008506,34.8332852545457,81.09073344389597,7.2530608994838515,1,2,1,2,1,Bueno
2008-08-10,10.980157861584111,23.08362416333,41.85969450389457,69.71906199607018,7.875852083469894,1,1,1,2,1,Bueno
2008-08-11,11.610520836586753,30.427956517617307,39.32636076701436,54.97035238726827,7.335491137036187,1,2,1,1,1,Bueno
2008-08-12,6.841937171227021,15.858350015878678,23.52318908770879,49.3460167614619,6.83035256770941,1,1,1,1,1,Muy Bueno
2008-08-13,8.366718780249357,22.092500019073487,44.34866986977748,68.82145006497701,7.158445504995493,1,1,1,2,1,Bueno
2008-08-14,15.379421114294152,36.64405680498814,57.13080115119616,47.04413333813349,7.934423066102541,2,2,2,1,1,Bueno
2008-08-15,5.998157880494469,13.312433342933655,24.656490361843353,71.28184981664022,6.7790544885091295,1,1,1,2,1,Bueno
2008-08-16,13.222670181259435,29.21369126139071,47.776370960666284,47.36931213196492,7.860225806697723,1,2,1,1,1,Bueno
2008-08-17,7.205978832232258,12.815883340438207,31.761794917858563,57.17190001964569,7.003766033320855,1,1,1,1,1,Muy Bueno
2008-08-18,15.39952629867353,30.99562603125787,66.71891027612564,42.1471167866389,8.91761217934963,2,2,2,1,1,Bueno
2008-08-19,16.652578914792915,32.64732438345817,61.16494384929418,48.869347796790976,8.886125405501707,2,2,2,1,1,Bueno
2008-08-20,14.032178792207601,30.44636054866899,49.762900676482765,61.21894651113146,7.763910248493537,1,2,1,2,1,Bueno
2008-08-21,15.286190415422121,35.36792645087609,57.41942312090825,52.7323168238004,8.185016021896631,2,2,2,1,1,Bueno
2008-08-22,11.34225132858566,27.959181945590622,41.59552887846262,52.5472167189916,7.531474346151719,1,2,1,1,1,Bueno
2008-08-23,8.896614590349296,18.97818328221639,26.179070495642147,60.91320532669806,6.998733974802188,1,1,1,2,1,Bueno
2008-08-24,10.23302082810551,22.396366636753083,36.242067282016464,60.90792989492019,7.334583342075348,1,1,1,2,1,Bueno
2008-08-25,12.437395816668868,26.53420696075452,62.25849362825736,47.3609333618482,8.439439101861073,1,2,2,1,1,Bueno
2008-08-26,18.943052560404727,42.0532550291727,59.19770840574534,49.13624999205271,8.376939108356451,2,2,2,1,1,Bueno
2008-08-27,17.737724879431347,38.05086358841219,42.44374994054819,60.3530499625206,7.656858979891508,2,2,1,2,1,Bueno
2008-08-28,14.113350756505397,26.56577887926469,48.57834938627023,57.11591670831044,7.705176284679999,1,2,1,1,1,Bueno
2008-08-29,12.622578950932152,31.857866675853728,44.40987178836114,65.33431665658951,7.834711553194584,1,2,1,2,1,Bueno
2008-08-30,15.17394740205062,32.463033259709675,32.53208328974553,60.71966668526331,7.431826929633434,2,2,1,2,1,Bueno
2008-08-31,12.218157886203967,21.230350588717325,36.45766024253307,64.52519989490509,7.140448707418564,1,1,1,2,1,Bueno
2008-09-01,14.131189212283573,27.90695435383598,57.82686085531241,51.56548063509782,7.7957767032110965,1,2,2,1,1,Bueno
2008-09-02,15.213152103449987,35.69157625739857,67.64300329267205,35.830996647879886,8.959123363742581,2,2,2,1,1,Bueno
2008-09-03,10.069578933402111,25.102799999316534,45.57270838740544,46.657579304976935,7.858910249211849,1,2,1,1,1,Bueno
2008-09-04,11.526596856366902,27.735766698519388,39.35211540261904,45.50068331241608,7.820096146983978,1,2,1,1,1,Bueno
2008-09-05,8.8494270980979,21.091183363993963,34.87543266553145,44.24123334089915,7.362035259986535,1,1,1,1,1,Muy Bueno
2008-09-06,7.669166672353943,15.978316675027212,27.748060889351063,43.54788326899211,6.988637815683316,1,1,1,1,1,Muy Bueno
2008-09-07,7.782552051978807,12.764266687631608,41.953109038945954,46.38833335081736,7.2464262919548235,1,1,1,1,1,Muy Bueno
2008-09-08,15.705260433256626,32.465286156143804,50.81459943911968,36.635350019137064,7.628812201715778,2,2,2,1,1,Bueno
2008-09-09,22.52910996107531,56.062821395409124,31.726121825285446,40.25826668341954,7.1299679565888185,2,3,1,1,1,Regular
2008-09-10,20.46363639767795,41.75341788282249,50.47616506548761,31.97615130488612,7.668009703599133,2,2,2,1,1,Bueno
2008-09-11,13.983437534111241,28.122474880322166,49.34270104104683,33.961340055992856,8.045330122857086,1,2,1,1,1,Bueno
2008-09-12,7.587566144882687,13.284949634299183,38.9017069765911,46.3198992869998,7.361645174795582,1,1,1,1,1,Muy Bueno
2008-09-13,7.026858651201138,10.390500841833315,32.830625048814674,47.4213000424703,7.128990386158992,1,1,1,1,1,Muy Bueno
2008-09-14,7.542419343545872,10.88133221452594,36.33958001976445,50.403596601366,7.085323632727935,1,1,1,1,1,Muy Bueno
2008-09-15,14.317748678916411,27.532854764409773,78.03486343065387,33.94276671131452,9.581803544515957,1,2,2,1,1,Bueno
2008-09-16,15.159583313390613,30.291554834955843,82.20865168808743,35.02143568546824,8.976693426625113,2,2,2,1,1,Bueno
2008-09-17,22.82836847681748,43.69850484887887,88.75509628528951,29.30483325600624,9.975585854551,2,2,2,1,1,Bueno
2008-09-18,20.716806295030405,41.92264523775347,74.20355877592176,30.018525978228954,9.255564643591399,2,2,2,1,1,Bueno
2008-09-19,20.873612626060766,41.02269669826685,72.01551289894643,39.00376662810643,9.431057694630745,2,2,2,1,1,Bueno
2008-09-20,18.568219937267102,33.59817305398293,58.922019177522415,49.522799948851265,8.771842937820997,2,2,2,1,1,Bueno
2008-09-21,24.351562470197678,41.82605135459961,75.5122436162753,25.16116860712908,9.400737165640562,2,2,2,1,1,Bueno
2008-09-22,17.38963355069385,27.526805796554346,62.42364367397792,18.930167180239955,8.245778502086193,2,2,2,1,1,Bueno
2008-09-23,14.070364588250717,21.467179495936787,55.65761219996672,26.789116667906445,7.990781761147689,1,1,2,1,1,Bueno
2008-09-24,12.235555592983488,17.214879596788276,48.9009294020824,50.45420689813681,7.501843402669636,1,1,1,1,1,Muy Bueno
2008-09-25,12.641302093242606,21.488349345250008,48.71836538039721,49.14174996137619,7.57543269258279,1,1,1,1,1,Muy Bueno
2008-09-26,10.740526319491236,17.059310929897503,54.60655448604853,51.7135166478157,7.728862175192589,1,1,2,1,1,Bueno
2008-09-27,12.829947970807552,21.733509596723778,41.855368718886986,56.145666697820026,7.38194221593021,1,1,1,1,1,Muy Bueno
2008-09-28,7.8365625177199645,12.164903820325167,39.72935896729812,51.86740001042684,7.168461545919761,1,1,1,1,1,Muy Bueno
2008-09-29,12.563593765410284,22.630080135969017,64.50793276154079,46.217963233415986,8.620977570231144,1,1,2,1,1,Bueno
2008-09-30,16.58895832921068,29.701784528336724,69.56778488649029,48.30883134466181,8.76407705264145,2,2,2,1,1,Bueno
2008-10-01,16.309791635721922,30.21152238280345,79.89362199795552,35.39621668100357,9.11142627780254,2,2,2,1,1,Bueno
2008-10-02,21.172395802413423,41.379903482854175,89.24048080199805,31.695652120886837,10.345336547646767,2,2,2,1,1,Bueno
2008-10-03,9.05197917856276,18.14059597332746,44.485787733574774,44.253628715623584,7.6870739459991455,1,1,1,1,1,Muy Bueno
2008-10-04,6.916562519346674,13.514770024882873,44.182788473673355,36.603666644493735,7.738060894302833,1,1,1,1,1,Muy Bueno
2008-10-05,13.525364534308514,25.07203337788582,68.63062503704658,29.337709103738984,9.39839743421628,1,2,2,1,1,Bueno
2008-10-06,21.692812516043585,39.18808334549268,97.56395826125757,23.96918328791857,11.146698731642504,2,2,2,1,1,Bueno
2008-10-07,26.38979177425305,55.46869558953122,100.86548948823736,13.776342329862933,12.21894232623088,2,3,3,1,1,Regular
2008-10-08,12.420052091901502,18.67866673429807,54.34785365127936,22.08018422486195,8.25451612587898,1,1,2,1,1,Bueno
2008-10-09,8.140208342423042,16.327280418292897,41.80446947809201,36.65260428498703,7.7224558574621405,1,1,1,1,1,Muy Bueno
2008-10-10,13.366979107260704,23.859381268455035,47.76583328002538,37.71326088028209,7.809439109495053,1,1,1,1,1,Muy Bueno
2008-10-11,16.10057292195658,29.43564271827373,37.39871592850785,42.774190331142215,7.445361151932522,2,2,1,1,1,Bueno
2008-10-12,40.79098949333032,103.45043420313993,40.12831730949573,30.87163333495458,7.028974355604404,3,4,1,1,1,Malo
2008-10-13,37.48927084604899,81.99409995237987,61.31806082908924,19.622699994047483,8.145144231999533,3,3,2,1,1,Regular
2008-10-14,35.25781248509884,75.51706197066777,69.58256448180445,17.033394682766204,8.898509629261799,3,3,2,1,1,Regular
2008-10-15,30.656875083843868,69.17004998524983,68.9184295061307,18.34336666504542,8.95298078809029,3,3,2,1,1,Regular
2008-10-16,28.443437523519,63.41853083672627,80.95362177090003,18.93684473977065,9.653685907904919,2,3,2,1,1,Regular
2008-10-17,17.197222198380363,32.90721082687378,68.1511111467882,20.777789102525126,8.810408476520987,2,2,2,1,1,Bueno
2008-10-18,11.822380933023634,19.67039934421579,53.71128339866797,15.768194475935566,7.829633336861928,1,1,2,1,1,Bueno
2008-10-19,12.087083362397694,19.599826068256213,41.744707930665186,29.8014260855965,7.160400657303544,1,1,1,1,1,Muy Bueno
2008-10-20,21.666607132979802,48.41027773171663,56.79931663195292,27.312847173876232,7.68974999666214,2,2,2,1,1,Bueno
2008-10-21,20.30321432862963,43.50276047322485,52.655983265240984,25.431892359422314,7.48323334534963,2,2,2,1,1,Bueno
2008-10-22,5.318571432360581,9.90060763185223,39.251433250904086,36.04060770985153,7.617416677474975,1,1,1,1,1,Muy Bueno
2008-10-23,10.553928570378394,22.966215258050298,48.97021670977274,36.47039929777384,9.588150014479956,1,1,1,1,1,Muy Bueno
2008-10-24,12.088095204815978,22.488437509578134,60.91161661783854,25.540104108138216,10.407933322191239,1,1,2,1,1,Bueno
2008-10-25,10.091437153473585,15.087465291428897,53.97983331680298,35.593819462590744,10.285016645590463,1,1,2,1,1,Bueno
2008-10-26,14.038023995782087,22.533634759032207,65.90405005931854,27.987617397308348,10.53724998732408,1,1,2,1,1,Bueno
2008-10-27,17.607664726451485,30.080052064110834,76.88757926384874,19.631371491485172,11.224800009131432,2,2,2,1,1,Bueno
2008-10-28,7.091696960998304,10.976215267346966,47.26986673514048,28.79846692168339,8.406260446236407,1,1,1,1,1,Muy Bueno
2008-10-29,8.397023831095014,15.543767324338356,51.40213332136472,33.66133680732714,9.995400013327599,1,1,2,1,1,Bueno
2008-10-30,8.729404756001063,15.437430573420393,44.60138332049052,31.127182615528938,9.13004996975263,1,1,1,1,1,Muy Bueno
2008-10-31,10.767857210267158,12.168650083177678,60.984974498846256,25.290532894710452,9.364275975365452,1,1,2,1,1,Bueno
2008-11-01,9.646547608432316,13.115289835178334,50.73012153059244,36.57648553018985,9.857552090452778,1,1,2,1,1,Bueno
2008-11-02,8.17035719433001,10.799927149314046,41.57506114816582,33.764845161055824,10.742041900727969,1,1,1,1,1,Muy Bueno
2008-11-03,15.238511899397487,23.201865974975668,72.59436317680186,13.976587585289113,13.860506093522849,2,1,2,1,1,Bueno
2008-11-04,11.953452408313751,18.656371472196447,60.53854998687903,19.73413910492607,12.104606379216639,1,1,2,1,1,Bueno
2008-11-05,16.370476127380417,24.15456590635909,63.44334447543358,18.84276044451528,13.40966609364161,2,1,2,1,1,Bueno
2008-11-06,20.181369057723455,31.93671873398125,80.11867239335004,14.18059350560895,16.528528408063295,2,2,2,1,1,Bueno
2008-11-07,20.08613097667694,29.6099826461739,69.02389258666327,12.736500889327555,13.46953331708908,2,2,2,1,1,Bueno
2008-11-08,12.62547619002206,16.145312497392297,47.50523331642151,23.31679443615239,10.82210000594457,1,1,1,1,1,Muy Bueno
2008-11-09,19.136607141721818,24.516776975231302,62.534826951868396,15.166156515971474,13.791619367710934,2,1,2,1,1,Bueno
2008-11-10,21.96380952142534,33.80644094985392,78.76087332751653,12.232926832881954,16.685583339532215,2,2,2,1,1,Bueno
2008-11-11,29.155029930754335,43.9755034107301,86.15249997456868,8.427165236680404,17.425283291339873,2,2,2,1,1,Bueno
2008-11-12,14.47446416815122,20.512083292007446,70.16838068635714,16.65342014655471,13.66626668771108,1,1,2,1,1,Bueno
2008-11-13,9.380357120363485,15.136909724316663,59.01625005086263,28.0771999744747,12.552287134383874,1,1,2,1,1,Bueno
2008-11-14,13.921677015582967,23.017878230136375,69.09886665821075,22.980503477156162,14.874383308092753,1,1,2,1,1,Bueno
2008-11-15,12.81319271225527,19.179756056763985,68.3092000468572,20.928107631703217,15.535216630299885,1,1,2,1,1,Bueno
2008-11-16,14.654583386012487,20.40862367616298,62.49431662241618,21.083593777898287,15.284733346303303,1,1,2,1,1,Bueno
2008-11-17,20.187797628697894,32.268441296500626,85.09731660048168,12.856840285989973,19.56548332452774,2,2,2,1,1,Bueno
2008-11-18,17.162023853333224,27.445920161075062,69.11768332004547,10.469027779582474,17.74983330965042,2,2,2,1,1,Bueno
2008-11-19,10.529041910242892,17.187947796945988,50.798080133078294,29.14076659405273,14.32076793839418,1,1,2,1,1,Bueno
2008-11-20,12.073652752145321,18.43186736731005,54.25909551064573,24.4753216983961,14.373400336733615,1,1,2,1,1,Bueno
2008-11-21,18.113975934235448,31.09215031116159,77.62147412707458,14.689144832301514,18.039129004007208,2,2,2,1,1,Bueno
2008-11-22,10.610238123507727,16.051095648226532,51.0830383181373,32.605565150717034,13.707796334822309,1,1,2,1,1,Bueno
2008-11-23,5.834371256257246,8.23970486679011,36.2244000172615,42.48344346585481,11.38155000368754,1,1,1,1,1,Muy Bueno
2008-11-24,6.500178558131059,12.389111497053285,40.77842812145434,39.404529529996864,11.00424748240506,1,1,1,1,1,Muy Bueno
2008-11-25,11.340714307058425,14.657078270290208,52.79580009619395,27.765433960490757,12.661233336925507,1,1,2,1,1,Bueno
2008-11-26,9.160773822239467,13.286869575148044,47.54984999974569,29.22753471508622,13.609549973805745,1,1,1,1,1,Muy Bueno
2008-11-27,11.600476174127488,19.097795121578706,61.41843330144882,22.35630200865368,14.66433333794276,1,1,2,1,1,Bueno
2008-11-28,18.338750011154584,29.762309047910904,69.83654990196229,14.993078253787496,14.825150018135707,2,2,2,1,1,Bueno
2008-11-29,6.079999986858595,9.247317082375185,35.087983329296115,42.71342012617323,9.567750005722045,1,1,1,1,1,Muy Bueno
2008-11-30,6.689221549890712,8.847386751752282,35.06966673215231,38.12946177025636,10.524100002249082,1,1,1,1,1,Muy Bueno
2008-12-01,9.79301206677793,12.745243076648977,47.395158684313394,26.929982556514506,11.269800017972788,1,1,1,1,1,Muy Bueno
2008-12-02,11.9946707123054,17.258031333365093,61.21593648454417,24.94891979324693,13.895083615612425,1,1,2,1,1,Bueno
2008-12-03,9.935714285998117,15.384322918123669,52.4060100340883,26.541498268107503,11.866299979289373,1,1,2,1,1,Bueno
2008-12-04,18.240714300956046,25.172361137759353,68.58843060845325,13.223815297000499,14.47580002228419,2,2,2,1,1,Bueno
2008-12-05,9.236428559536026,12.996180572547019,41.640584288336,35.79869558748992,11.525350019931793,1,1,1,1,1,Muy Bueno
2008-12-06,13.511383686425551,17.556560830043946,45.205583789425255,25.84785210960348,10.630795274692542,1,1,1,1,1,Muy Bueno
2008-12-07,11.472291658322016,10.617753600080809,43.286770875255264,17.025245018316916,9.525156242152056,1,1,1,1,1,Muy Bueno
2008-12-08,9.03326388862398,9.000960152002348,46.862274312310745,20.093623207531113,10.447013890577686,1,1,1,1,1,Muy Bueno
2008-12-09,7.956451602520481,8.91072825386088,54.84030662484632,20.8631616036803,12.285417369927012,1,1,2,1,1,Bueno
2008-12-10,7.1573809406587054,12.746579872237312,51.55951668610175,37.11342019380795,12.106233339309693,1,1,2,1,1,Bueno
2008-12-11,11.72636906164033,18.321961807914906,63.493499897321065,24.225104191650946,13.386400011380514,1,1,2,1,1,Bueno
2008-12-12,21.313892158919465,32.24688704822375,72.9704674878383,14.895958176473291,14.961419035476913,2,2,2,1,1,Bueno
2008-12-13,12.005476218958696,16.91107822065768,63.081650087038675,12.89086803379986,12.14011667728424,1,1,2,1,1,Bueno
2008-12-14,6.4367857195791744,10.346864144145819,44.78586668968201,38.3319444341792,11.901233321825663,1,1,1,1,1,Muy Bueno
2008-12-15,13.795119055679866,20.261961828089422,73.48048339446386,25.653663241614897,15.279550001621246,1,1,2,1,1,Bueno
2008-12-16,20.687083250000363,33.18190981033776,89.54470007578531,15.352048605473506,20.375550021330515,2,2,2,1,1,Bueno
2008-12-17,35.00964288768314,55.701354040867756,118.79673323631286,7.828048766697741,27.10260000705719,3,3,3,1,1,Regular
2008-12-18,24.486204822379424,39.96742559523173,106.58443696478835,9.118020997782304,23.868571470565154,2,2,3,1,1,Regular
2008-12-19,15.942095799360446,26.4768055404226,78.31135005950928,13.615902781486511,18.934666674931844,2,2,2,1,1,Bueno
2008-12-20,18.933154716378166,30.548958313547903,79.2192332426707,11.516695658849633,22.06799997329712,2,2,2,1,1,Bueno
2008-12-21,31.237262031861714,40.61211804093586,99.09368352890014,10.381284726783633,27.032499950726827,3,2,2,1,1,Regular
2008-12-22,30.06696423356022,48.528315990749334,116.23500834960173,11.167252192289933,28.967033292452495,3,2,3,1,1,Regular
2008-12-23,33.609583475760054,48.61034720804956,121.27788356463114,9.688402773398492,29.75226671218872,3,2,3,1,1,Regular
2008-12-24,20.10958333455381,30.270781265364754,91.03141673723857,12.710834796739661,24.627916638056437,2,2,2,1,1,Bueno
2008-12-25,17.39773807284378,23.705017304254902,72.9400000333786,13.018400010440661,22.701400011380514,2,1,2,1,1,Bueno
2008-12-26,13.910119789089272,20.33888891587655,66.04861667633057,16.522690969208877,17.467633318106333,1,1,2,1,1,Bueno
2008-12-27,9.224464281683876,13.661130439924158,42.974924824671675,26.74521745432978,15.894891464252504,1,1,1,1,1,Muy Bueno
2008-12-28,11.434047613825117,15.796562525961134,54.96606668949127,24.468524290041792,16.79900002002716,1,1,2,1,1,Bueno
2008-12-29,20.972202455713635,32.63973924388056,74.32799996376038,11.217118070771297,17.322003348641882,2,2,2,1,1,Bueno
2008-12-30,19.75011903615225,30.78918261569479,67.98606009634588,9.963565217308377,17.962408022737023,2,2,2,1,1,Bueno
2008-12-31,9.75059521836894,16.14215648734051,53.06011690321271,20.198086932223777,15.812036723644786,1,1,2,1,1,Bueno
2009-01-01,18.507499950272695,28.79531353857459,54.15208341598511,13.964687511738804,15.45858331680298,2,2,2,1,1,Bueno
2009-01-02,20.09345916232223,30.207495602770877,70.76876472498964,10.311622576738792,17.154230116184188,2,2,2,1,1,Bueno
2009-01-03,12.97607142868496,16.871736116914285,59.88074991544088,8.75991317960951,14.50873334089915,1,1,2,1,1,Bueno
2009-01-04,8.32952383267028,13.521701375539932,49.802733391920725,31.51783976197658,15.10996668656667,1,1,1,1,1,Muy Bueno
2009-01-05,14.238902444519647,21.275505253662217,62.29216658592224,9.240329858329561,14.314383354981741,1,1,2,1,1,Bueno
2009-01-06,6.819940494639533,9.65140625151495,45.29308338801066,25.994374983012676,13.46643811563983,1,1,1,1,1,Muy Bueno
2009-01-07,8.520476191526367,12.384930566367176,50.36931542601928,30.24131944196092,13.87880953639543,1,1,2,1,1,Bueno
2009-01-08,13.285952375758262,19.45824347661889,61.99168332576752,23.737066015601158,16.48818331003189,1,1,2,1,1,Bueno
2009-01-09,12.45654761933145,14.4643402836389,58.30273329019546,21.645572973622215,13.49918335199356,1,1,2,1,1,Bueno
2009-01-10,15.141369033427466,16.775243072667056,63.83438342730204,17.519426112174987,14.82628332455953,2,1,2,1,1,Bueno
2009-01-11,10.671676665722966,15.27374998666346,58.30358338991801,36.29008695623149,18.048216694196064,1,1,2,1,1,Bueno
2009-01-12,22.046904805870284,41.348673653124095,99.17351748595885,13.431396157329619,23.06319933400881,2,2,2,1,1,Bueno
2009-01-13,34.17321423547609,47.62819438924392,115.33356661478679,6.847234781099402,23.181299993991853,3,2,3,1,1,Regular
2009-01-14,27.54035723209381,31.866979148238897,98.66283338228861,8.722413188053501,16.764833323160808,2,2,2,1,1,Bueno
2009-01-15,13.929702418900671,20.278767347335815,72.01301668167115,13.366724750929178,15.8788981421762,1,1,2,1,1,Bueno
2009-01-16,16.428333259764173,30.580381917870707,78.00623337109883,13.489947675410365,20.27374998807907,2,2,2,1,1,Bueno
2009-01-17,15.00005949678875,29.255989586727488,77.98673329353332,14.53934027109709,20.926533354918163,2,2,2,1,1,Bueno
2009-01-18,21.474047577806882,31.694722245136898,69.45445001761118,12.214156519848368,16.660816657543183,2,2,2,1,1,Bueno
2009-01-19,5.211964284380277,7.666128473356366,42.734466665585835,21.941024316474795,11.714433339834214,1,1,1,1,1,Muy Bueno
2009-01-20,5.82458333635614,12.116666683927178,45.00874997973442,43.756857680777706,12.664533331394196,1,1,1,1,1,Muy Bueno
2009-01-21,9.015307264954018,14.928973446694096,51.614783284664156,37.67354780860569,13.405316663980484,1,1,2,1,1,Bueno
2009-01-22,9.488385397319993,12.21802535523539,44.18449998696645,27.065347247653538,11.197666666507722,1,1,1,1,1,Muy Bueno
2009-01-23,4.4735937450701995,6.940615953526635,25.134383347431818,32.98340870898703,10.787933335701625,1,1,1,1,1,Muy Bueno
2009-01-24,6.6779166751851635,12.737717384445494,26.268949961662294,54.449999990562596,11.081583330233892,1,1,1,1,1,Muy Bueno
2009-01-25,6.140312517993152,11.545851446580196,37.03440002123515,42.83502612072488,10.87931667248408,1,1,1,1,1,Muy Bueno
2009-01-26,9.070989607833326,13.631902152213497,40.65775002777576,43.76529514210092,12.103199987411498,1,1,1,1,1,Muy Bueno
2009-01-27,8.744479168827334,13.386068849028021,40.56628336509069,40.91419139696204,12.340816657940547,1,1,1,1,1,Muy Bueno
2009-01-28,10.005833307281137,13.565833340088526,40.61850007931391,27.617309007379745,11.874616676171621,1,1,1,1,1,Muy Bueno
2009-01-29,8.671041674601534,11.142300729086434,38.98083325902621,23.480208323233658,11.61501667380333,1,1,1,1,1,Muy Bueno
2009-01-30,12.184635447648665,19.623315206040505,59.67711672147115,14.606614591760767,13.613650008440018,1,1,2,1,1,Bueno
2009-01-31,8.019427077534298,15.440489099293515,39.03005007823308,41.31989587926202,11.78113332192103,1,1,1,1,1,Muy Bueno
2009-02-01,6.1256770721326275,8.189311598090159,48.07506667455038,26.229687508609558,11.600333325068156,1,1,1,1,1,Muy Bueno
2009-02-02,11.537916636404892,13.012826092433238,62.01417354908531,18.40145832714107,13.792487498714848,1,1,2,1,1,Bueno
2009-02-03,13.368124985446533,19.30759056581967,60.62393337567647,15.530468764404455,14.074683318138122,1,1,2,1,1,Bueno
2009-02-04,9.133333341528973,11.916032613835473,54.657350046634676,33.89800352520413,11.762466675837835,1,1,2,1,1,Bueno
2009-02-05,9.409843784756958,13.159528981084408,65.89016681282668,29.3398941770012,12.729548510899113,1,1,2,1,1,Bueno
2009-02-06,7.191874989929299,9.879221022560976,48.959015047410894,39.39850691705942,11.910868113745433,1,1,1,1,1,Muy Bueno
2009-02-07,7.88963541512688,12.009474647217903,36.85306659619013,50.03881522255077,12.340066684881846,1,1,1,1,1,Muy Bueno
2009-02-08,10.327916698530316,13.48972223908813,33.49653055229965,48.3211347600247,11.922823122569493,1,1,1,1,1,Muy Bueno
2009-02-09,8.619611107640797,11.599350642627156,37.24789108295425,33.734734040625554,11.618639439952616,1,1,1,1,1,Muy Bueno
2009-02-10,8.496726218433608,13.172253766972007,44.43315238564319,43.420308100140616,12.600156545224397,1,1,1,1,1,Muy Bueno
2009-02-11,12.341270728664503,20.398927940458556,63.52411555270759,32.92998223693658,14.951615640095302,1,1,2,1,1,Bueno
2009-02-12,16.220781333123643,27.362065172929693,76.51340559607556,22.35644101806813,18.258416661421457,2,2,2,1,1,Bueno
2009-02-13,14.215677090299627,26.51884065417276,80.28548824907553,20.87890623571972,18.41036727711036,1,2,2,1,1,Bueno
2009-02-14,11.725260416045785,21.21956524533638,69.31756649335226,21.745729144145216,18.73529997030894,1,1,2,1,1,Bueno
2009-02-15,12.643854183455309,19.21544467083123,53.01556659936905,35.93619132902311,14.913716668287913,1,1,2,1,1,Bueno
2009-02-16,18.93915794021205,33.19329083962874,79.2251002174556,16.493275283832585,16.98958193657789,2,2,2,1,1,Bueno
2009-02-17,16.27781249023974,30.411506433885023,79.90873342990875,21.943975718898905,18.738749996821085,2,2,2,1,1,Bueno
2009-02-18,22.70317715095977,43.82798913164415,95.36942964112198,15.835445022603812,22.453812714005792,2,2,2,1,1,Bueno
2009-02-19,17.344583317637444,32.20038041580415,86.16001671373246,18.248623676104827,19.709899671899038,2,2,2,1,1,Bueno
2009-02-20,17.47380214308699,28.655589826743096,63.63885000705719,29.16194447999199,15.479383295377096,2,2,2,1,1,Bueno
2009-02-21,14.623593758170804,22.44916672076004,61.495749909083045,27.668173958633258,15.846500009695689,1,1,2,1,1,Bueno
2009-02-22,9.654166689763466,15.435869595062906,51.972666600545246,41.2175825881958,14.614883326689402,1,1,2,1,1,Bueno
2009-02-23,19.425312532112002,34.241576064755954,87.51013391900501,14.158202458530612,20.15836395922806,2,2,2,1,1,Bueno
2009-02-24,20.702617785069332,39.53592394313951,93.41076924250676,15.59075175048588,20.25886479443023,2,2,2,1,1,Bueno
2009-02-25,22.010677101711433,37.77681162910185,67.87825003623962,24.67881740901781,14.09559997479121,2,2,2,1,1,Bueno
2009-02-26,17.87666661851108,35.03530799392341,77.91033328692119,24.012517384356922,16.226183313528697,2,2,2,1,1,Bueno
2009-02-27,17.33802085649222,36.811159417033195,88.67120007832845,20.186996586620808,19.16866664648056,2,2,2,1,1,Bueno
2009-02-28,15.695104131475091,31.76653981467952,61.06581668694814,26.966800059442935,14.486266666253409,2,2,2,1,1,Bueno
2009-03-01,13.97062506278356,20.194166660740756,37.88964995304743,40.31019329228594,10.275766654809315,1,1,1,1,1,Muy Bueno
2009-03-02,12.429218785216412,17.77424684150682,53.847111846847405,32.36532978748043,12.162120229214779,1,1,2,1,1,Bueno
2009-03-03,9.2696875113373,12.169184752132582,50.99811658591032,32.30852171027142,11.227250000635783,1,1,2,1,1,Bueno
2009-03-04,5.993281253613532,9.340652187881263,37.23958331028621,43.815295247568024,10.268683337370554,1,1,1,1,1,Muy Bueno
2009-03-05,7.734479180226724,13.017481875376426,33.75773327668508,60.21761743794317,10.262300000190734,1,1,1,2,1,Bueno
2009-03-06,8.843385403975844,13.363659453780755,38.65718335707982,51.435798570513725,11.165542574279097,1,1,1,1,1,Muy Bueno
2009-03-07,9.938697926079234,14.170163045326868,47.46025008122126,38.93251733150747,13.074249990781148,1,1,1,1,1,Muy Bueno
2009-03-08,10.673854192097982,16.605905791555625,53.07561676979065,30.5102256755862,13.687149992783864,1,1,2,1,1,Bueno
2009-03-09,10.105364620375136,18.01880435688772,56.7025333075722,38.85998257885809,13.33448332866033,1,1,2,1,1,Bueno
2009-03-10,17.162083362539608,34.08927536745002,79.14943315347035,26.543501786654005,16.20108332157135,2,2,2,1,1,Bueno
2009-03-11,17.759531256742775,33.59358697460181,88.81840011278788,24.521634793488875,17.776000016530354,2,2,2,1,1,Bueno
2009-03-12,15.943489597489437,32.46170603417658,72.46253329435984,35.63215285167098,14.677766666412353,2,2,2,1,1,Bueno
2009-03-13,19.7632460993622,40.34583625988527,87.1107718064481,28.37610139129879,14.946476520307913,2,2,2,1,1,Bueno
2009-03-14,19.72286455395321,36.89557174762234,82.31725004196167,34.97975650787353,15.49116666396459,2,2,2,1,1,Bueno
2009-03-15,16.495885379612446,27.4016485935536,53.36814995845159,68.04373259676828,12.77516665617625,2,2,2,2,1,Bueno
2009-03-16,18.955210446056565,37.510235934854634,72.13306664705277,40.0880869102478,13.864666686058044,2,2,2,1,1,Bueno
2009-03-17,13.768743453849673,26.27865947502247,54.93966557190171,58.34753046865048,11.031583336194357,1,2,2,1,1,Bueno
2009-03-18,15.10385416696469,30.957114258825023,73.07609356225831,43.50693379212755,12.752300006548564,2,2,2,1,1,Bueno
2009-03-19,16.513802090038855,30.24983690355135,69.88321665604909,40.04210073252519,13.209066654841106,2,2,2,1,1,Bueno
2009-03-20,15.475130813908203,29.269963691017846,67.8140134181466,42.34504347179247,12.729162502927796,2,2,2,1,1,Bueno
2009-03-21,10.761989516113442,23.685081725544592,46.868716723918915,52.32428821838565,11.595216681162515,1,1,1,1,1,Muy Bueno
2009-03-22,14.603437510008613,25.239112262708552,39.505883391300834,71.37637152191665,11.351249987284342,1,2,1,2,1,Bueno
2009-03-23,12.404635438385109,25.490996389933255,63.29571657756964,44.125885459283985,13.159133336544038,1,2,2,1,1,Bueno
2009-03-24,14.018749995778004,29.802054562135176,66.60418335437775,39.22381953150034,12.466283340454101,1,2,2,1,1,Bueno
2009-03-25,11.655624978865186,24.165416647558626,64.7549582176495,47.86573902627696,13.49218332529068,1,1,2,1,1,Bueno
2009-03-26,14.584687478840351,32.501721092972204,82.73178333759307,32.79358260984006,14.463866667747498,1,2,2,1,1,Bueno
2009-03-27,21.793802094956238,49.922626730756484,80.80450006326039,29.912504307705422,14.693183334668477,2,2,2,1,1,Bueno
2009-03-28,16.029166564966243,37.80127503789405,48.451972775718794,43.134878535237576,11.180433345635732,2,2,1,1,1,Bueno
2009-03-29,6.3581521549950475,9.181474476320306,28.765773880170737,60.70591650338009,10.764034770468006,1,1,1,2,1,Bueno
2009-03-30,10.556770813961824,15.996865965533948,46.220683402816455,50.44467018047968,11.948983357747396,1,1,1,1,1,Muy Bueno
2009-03-31,9.910260413152477,16.207826093703076,54.21651674111684,50.410555608570576,11.705550017356872,1,1,2,1,1,Bueno
2009-04-01,14.6463020760566,24.287663066732712,68.76342248359387,43.208278259194415,12.418779293828983,1,1,2,1,1,Bueno
2009-04-02,17.382774864815918,30.177663105121557,74.28387590302717,48.29680558294058,12.548466652234396,2,2,2,1,1,Bueno
2009-04-03,17.6846875064075,31.373411967836578,77.28113322734833,43.19746094123177,11.88483334461848,2,2,2,1,1,Bueno
2009-04-04,18.72218746940295,31.036014486482177,69.32768333276113,51.81090272900959,10.82923333187898,2,2,2,1,1,Bueno
2009-04-05,11.889843781789144,20.407047147768132,49.70355008045832,48.81713541183207,9.962216662665208,1,1,1,1,1,Muy Bueno
2009-04-06,12.731874990587434,28.23527176613393,59.34328334649404,43.27333903437076,10.61279998799165,1,2,2,1,1,Bueno
2009-04-07,7.687968737445772,13.94634057516637,42.0958166774114,63.82710060477257,9.059666662812234,1,1,1,2,1,Bueno
2009-04-08,11.737368449411894,22.31776768758812,60.256933369636535,43.03482641445266,10.729616662661234,1,1,2,1,1,Bueno
2009-04-09,9.193697917585572,18.13529088540511,48.12914719310493,49.51666677435031,9.557374585432353,1,1,1,1,1,Muy Bueno
2009-04-10,7.145937521010637,13.936974624576775,22.39685000538826,73.50883688860469,8.254899982710679,1,1,1,2,1,Bueno
2009-04-11,6.602447935069601,10.503894946929337,32.296283317406974,64.29980867468792,8.719616662959258,1,1,1,2,1,Bueno
2009-04-12,6.755885432784756,10.279945661192356,32.988133383989336,69.6223479693869,9.027249999046326,1,1,1,2,1,Bueno
2009-04-13,10.097789494301143,18.450818202929064,58.33846165105252,47.56930310884004,10.869340078883162,1,1,2,1,1,Bueno
2009-04-14,10.692864615780612,18.10467390176179,46.576166648070014,44.939166670044266,9.946006938815117,1,1,1,1,1,Muy Bueno
2009-04-15,7.449895860006412,12.202704180173995,38.67843166692261,56.05855894751019,9.328637924687616,1,1,1,1,1,Muy Bueno
2009-04-16,8.25546875099341,13.525688409589339,40.58563140472047,52.27249998019801,9.308926734648125,1,1,1,1,1,Muy Bueno
2009-04-17,10.177812496200204,15.848387673929118,50.55805000623067,42.06939244021972,10.021332202633156,1,1,2,1,1,Bueno
2009-04-18,8.822083319537342,13.565561600137448,38.83395002524058,47.24390633073118,9.376819726763939,1,1,1,1,1,Muy Bueno
2009-04-19,9.175364608565966,13.729619540166164,42.382933311661084,50.79295146713654,9.63581666469574,1,1,1,1,1,Muy Bueno
2009-04-20,11.817968760306636,18.32769929714825,62.09226671218872,45.49907982411484,10.225550019741059,1,1,2,1,1,Bueno
2009-04-21,13.158020850891868,20.721413009408593,56.41363942861955,57.63942507335118,9.750016680543927,1,1,2,1,1,Bueno
2009-04-22,11.866197908918062,18.72012680164282,57.31813336809476,62.43283484915028,9.0981833255291,1,1,2,2,1,Bueno
2009-04-23,14.838907117400664,25.99235294294442,76.20398338158925,54.5065972606341,9.589148579535381,1,2,2,1,1,Bueno
2009-04-24,18.202321398825873,34.874045210993955,89.22066648165385,47.80409732460976,10.931683311661084,2,2,2,1,1,Bueno
2009-04-25,10.068988078406878,19.205930434102598,41.6253999654452,65.06782994005415,8.545283345083396,1,1,1,2,1,Bueno
2009-04-26,7.617852771940407,15.744618034197224,31.447983332475026,64.45171880225341,8.777283338705699,1,1,1,2,1,Bueno
2009-04-27,8.298571421986534,17.775277776436674,49.887629420610025,46.63020908874086,9.335399995644888,1,1,1,1,1,Muy Bueno
2009-04-28,7.779821441996665,16.40661460181905,37.77936671316624,66.64812177077583,8.736083331108093,1,1,1,2,1,Bueno
2009-04-29,11.892202409959975,22.3682812133597,46.140516699453194,59.49272569268942,8.696083324750264,1,1,1,1,1,Muy Bueno
2009-04-30,10.350892843235107,20.461111122535335,41.929216642379764,46.870504339466926,8.284599981307984,1,1,1,1,1,Muy Bueno
2009-05-01,5.585297626044069,12.21623262928592,28.893949993054072,63.49772566722499,7.575266674757004,1,1,1,2,1,Bueno
2009-05-02,6.200598826665364,12.796128477487299,30.121783387362957,65.19378458232515,7.624066656827926,1,1,1,2,1,Bueno
2009-05-03,11.776428593056542,22.052760418918396,56.061333396633465,54.18470479082316,8.509583347241083,1,1,2,1,1,Bueno
2009-05-04,11.3349056303876,22.97685515480412,43.49588835794107,65.42149913962766,7.772131993282467,1,1,1,2,1,Bueno
2009-05-05,8.560972224920988,19.186757241470225,40.94524308739023,57.04202896097432,7.460798621591595,1,1,1,1,1,Muy Bueno
2009-05-06,11.274825172824459,26.071038349078652,55.79874792181927,54.07257722639994,8.200069579456164,1,2,2,1,1,Bueno
2009-05-07,16.819166709979374,37.21573772413049,74.48524304810498,43.42653704064864,9.09406248976787,2,2,2,1,1,Bueno
2009-05-08,15.044055914545392,34.511243115831334,63.66189896188131,46.68360135335155,8.775158452945696,2,2,2,1,1,Bueno
2009-05-09,15.54208329319954,39.20666671058406,39.89220505124993,62.266896420944406,8.090942048508188,2,2,1,2,1,Bueno
2009-05-10,11.824615423495953,20.725090915073046,34.09782984356085,43.17402170836062,7.665579687857973,1,1,1,1,1,Muy Bueno
2009-05-11,15.393055576417181,30.08186924479185,50.680989699231255,37.46611617481211,8.26076086362203,2,2,2,1,1,Bueno
2009-05-12,9.317986097600725,19.025815224301986,46.472256967590916,40.356630429301575,8.101095408517143,1,1,1,1,1,Muy Bueno
2009-05-13,9.347708331214058,19.468784011643507,42.7087478422082,53.29864123074905,7.878524303436279,1,1,1,1,1,Muy Bueno
2009-05-14,7.25006945265664,16.415989067290525,36.3013194286161,57.87733690980552,7.479704868462351,1,1,1,1,1,Muy Bueno
2009-05-15,6.959027784566085,15.500779010247493,29.894739628665977,64.04931162405705,7.454236103428735,1,1,1,2,1,Bueno
2009-05-16,11.294895108763155,24.75334545915777,40.30753478738997,57.75030914740129,8.051041658553812,1,1,1,1,1,Muy Bueno
2009-05-17,7.4801389210753975,16.644467331538692,21.46192707369725,52.35639495089434,7.551458328962326,1,1,1,1,1,Muy Bueno
2009-05-18,9.360902787082725,21.03067041642173,46.18300345664223,52.22952639470335,8.11880208303531,1,1,1,1,1,Muy Bueno
2009-05-19,13.396041662328773,30.985390213137315,64.11282982925574,49.69936245169579,8.88223957684305,1,2,2,1,1,Bueno
2009-05-20,21.15412585385196,49.263091201888784,72.14017752008793,41.48230050755786,9.232859686890462,2,2,2,1,1,Bueno
2009-05-21,21.916944417688583,52.54460113521852,66.39923759216958,45.68725921622029,9.057021264488816,2,3,2,1,1,Regular
2009-05-22,20.055177289120696,51.8779273371263,74.82109372814496,44.04210241882631,9.44010434606801,2,3,2,1,1,Regular
2009-05-23,11.238098567640277,23.601818185864072,41.27503478268368,44.33352727023038,7.646597209076087,1,1,1,1,1,Muy Bueno
2009-05-24,8.480629348254704,15.647023588256697,32.62629568099975,52.3025044719883,7.396678257817808,1,1,1,1,1,Muy Bueno
2009-05-25,7.552681204201519,15.901337014886487,40.42141094830091,54.60426985622554,7.440580990113003,1,1,1,1,1,Muy Bueno
2009-05-26,8.400069920333115,16.123981772769582,37.81622615689817,57.63492686557073,7.395607643657261,1,1,1,1,1,Muy Bueno
2009-05-27,7.822222221642733,17.611705977341224,36.596782541067704,71.4640438343875,7.0920486193564205,1,1,1,2,1,Bueno
2009-05-28,10.365138885875544,23.5057981438593,46.89994711691225,72.58120382097033,7.424956045167518,1,1,1,2,1,Bueno
2009-05-29,11.2408391558207,24.989890938238663,52.90945907995547,53.623581782254305,7.777947823897652,1,1,2,1,1,Bueno
2009-05-30,13.919999995165401,31.74152451807704,53.227829775255586,62.74500020388244,7.6764409773879585,1,2,2,2,1,Bueno
2009-05-31,8.43119717483789,17.471107097805735,37.30119786411524,76.95240946783535,6.878090272761053,1,1,1,2,1,Bueno
2009-06-01,11.396597219838036,21.56456367405978,58.18531262543466,77.10363650235263,7.508554003795265,1,1,2,2,1,Bueno
2009-06-02,11.111527799318234,22.490563630190763,55.870923356312076,85.47103257542071,7.413541667163372,1,1,2,2,1,Bueno
2009-06-03,15.203541699382994,30.96465579236763,57.975468726621735,79.72395654295836,7.744704854985078,2,2,2,2,1,Bueno
2009-06-04,15.736736139489544,33.57744098142357,55.848472236759136,67.2373865918542,8.115000004569689,2,2,2,2,1,Bueno
2009-06-05,8.351388903955618,22.749128845339463,31.549079791539246,66.68184782111126,6.851388886157009,1,1,1,2,1,Bueno
2009-06-06,6.8822377494998745,14.397717412399208,24.06072916669978,67.6293659693953,6.555954860316382,1,1,1,2,1,Bueno
2009-06-07,5.912638887763023,10.93124998047732,22.36880209379726,67.04324270676875,6.5116666679581,1,1,1,2,1,Bueno
2009-06-08,9.226805585953924,18.246576088926066,32.97443482191666,64.96443854553112,6.837743065423435,1,1,1,2,1,Bueno
2009-06-09,8.191666669315762,15.727368408452362,33.08862839887539,62.972862385321356,6.843628481858307,1,1,1,2,1,Bueno
2009-06-10,10.760694460736381,24.03432963334996,39.139390191965404,52.79687842526583,7.148697932561238,1,1,1,1,1,Muy Bueno
2009-06-11,10.497916720393631,21.777789812589038,39.817447925089965,49.38001808194197,7.218489586065213,1,1,1,1,1,Muy Bueno
2009-06-12,15.072727214206349,30.042890850847417,59.965000069768806,61.434800837782845,8.103072919365433,2,2,2,2,1,Bueno
2009-06-13,20.969166703522205,44.82165143710515,61.35609753206632,60.032681291086085,8.534166665954722,2,2,2,2,1,Bueno
2009-06-14,17.37826379140218,36.28251820370771,35.7027923407563,65.28353271795356,7.010381949651572,2,2,1,2,1,Bueno
2009-06-15,14.893749949004915,28.90047447959872,44.93690809596975,62.56023543727571,7.0834722292299075,1,2,1,2,1,Bueno
2009-06-16,19.635174814637725,34.41809613338901,55.557090544949844,44.721238686087354,7.1281707377176255,2,2,2,1,1,Bueno
2009-06-17,12.821180574595928,24.20539017814041,53.644756914840805,53.09344826679264,7.224374995359944,1,1,2,1,1,Bueno
2009-06-18,19.97402781744798,39.482956193659426,67.58754781142525,57.20811578069908,7.797860869532046,2,2,2,1,1,Bueno
2009-06-19,20.012638888425297,36.55171633567383,64.58789018367199,57.774347898752794,7.608031922198356,2,2,2,1,1,Bueno
2009-06-20,11.919930521812704,23.485027221932384,36.79003471798367,67.15985462448813,7.041805547144678,1,1,1,2,1,Bueno
2009-06-21,6.152986115465562,15.127718024660794,27.814078048611364,85.87718005702314,6.834751770006004,1,1,1,2,1,Bueno
2009-06-22,10.413819452954662,21.548656954739357,53.50748262306055,59.346261403521694,7.5938715231087475,1,1,2,1,1,Bueno
2009-06-23,12.139513920578691,28.631195635899253,60.63151044729683,48.821938352308415,8.108454858263334,1,2,2,1,1,Bueno
2009-06-24,9.990833305650288,24.79268116277197,39.46596252126223,56.06948488855446,7.347870526159439,1,1,1,1,1,Muy Bueno
2009-06-25,10.608472222255337,25.121361173432447,32.05541672388713,55.365139346504876,7.132933332125346,1,2,1,1,1,Bueno
2009-06-26,7.19770834594965,16.46364127812178,35.8685999639829,64.27155048257383,7.124083329041799,1,1,1,2,1,Bueno
2009-06-27,10.679154921585406,23.319469853336678,41.971233389377595,64.04182620007059,7.38258332490921,1,1,1,2,1,Bueno
2009-06-28,10.827222228878075,24.94956519206365,36.14751656810443,54.18415649911632,7.204633323351542,1,1,1,1,1,Muy Bueno
2009-06-29,11.687291675971615,24.282722371459656,50.50989998022715,40.99608695486317,7.806883326371511,1,1,2,1,1,Bueno
2009-06-30,12.920347242719597,26.57686592012212,50.869413768027094,40.09293915624204,7.72546666542689,1,2,2,1,1,Bueno
2009-07-01,13.191388932367166,26.70369766666155,53.932218592507496,43.780523608908396,7.772658868776914,1,2,2,1,1,Bueno
2009-07-02,9.173402797016832,20.66999998494335,43.091335631770164,49.19132167152736,7.494516666730245,1,1,1,1,1,Muy Bueno
2009-07-03,11.427152789715263,25.254672780903903,50.65713563197023,53.44663762257074,7.875383323033651,1,2,2,1,1,Bueno
2009-07-04,8.766388889816072,20.261290876648644,27.883033349514008,66.90993035026219,6.971450004577637,1,1,1,2,1,Bueno
2009-07-05,8.890808860168738,16.73532848375557,31.32861672004064,70.11397211559974,7.043133324782054,1,1,1,2,1,Bueno
2009-07-06,9.412499987002876,19.577840269801836,38.996333355108895,55.996829263839984,7.2554333178202315,1,1,1,1,1,Muy Bueno
2009-07-07,11.518819448848566,26.005789494557735,43.93553123345463,68.05892159752224,7.308983333905538,1,2,1,2,1,Bueno
2009-07-08,13.810694511565897,31.015163586356422,38.70393638115632,73.56954780081044,7.331683348019918,1,2,1,2,1,Bueno
2009-07-09,14.378124944037861,32.0775135632219,42.53367445452901,69.61480003191078,7.389050010045369,1,2,1,2,1,Bueno
2009-07-10,13.887847168578041,29.481177518333215,44.08693333228429,72.70774859117172,7.5477499874432885,1,2,1,2,1,Bueno
2009-07-11,12.053541623883778,25.390145197970465,35.076716645558676,80.70373902362326,7.51288333217303,1,2,1,2,1,Bueno
2009-07-12,11.397083352009455,23.49319415040544,50.918099989096326,65.80397204447291,7.505266660451889,1,1,2,2,1,Bueno
2009-07-13,18.813055564959843,41.90484581841748,67.27505890020804,39.898153269540146,8.583783342440922,2,2,2,1,1,Bueno
2009-07-14,9.644861118661034,23.690597876690436,39.9858304427842,70.51107835189156,7.398366675774256,1,1,1,2,1,Bueno
2009-07-15,10.874583270814684,24.19127035919854,47.600783319473265,61.33202099467819,7.6080166665713,1,1,1,2,1,Bueno
2009-07-16,18.219552191335765,38.04385901912909,67.6997119596449,48.063546022202104,8.505016944368007,2,2,2,1,1,Bueno
2009-07-17,8.191865667478362,24.855304977589746,32.96344712895338,66.85669626097061,7.170717942001473,1,1,1,2,1,Bueno
2009-07-18,6.834305544694264,16.4316326638542,29.59639925354577,68.01088492764836,7.048276457770286,1,1,1,2,1,Bueno
2009-07-19,10.687013925777542,22.950019236252857,40.12844671545645,61.8290345938045,7.474502617568038,1,1,1,2,1,Bueno
2009-07-20,21.173888779348797,45.93126384387672,73.93651869353988,48.141982103245596,8.979539248723626,2,2,2,1,1,Bueno
2009-07-21,24.349166729384,67.03331514890642,67.86450585408427,47.84446959329688,9.224766657352447,2,3,2,1,1,Regular
2009-07-22,16.10173611342907,44.083611569257485,39.88581358780295,67.72663764588094,7.952333342234294,2,2,1,2,1,Bueno
2009-07-23,11.995763888789547,28.158351455045782,25.277349991401035,56.55331016085289,7.497366666793823,1,2,1,1,1,Bueno
2009-07-24,9.872222242256006,20.24887066504126,47.27842539958219,59.196800685429075,7.6078056969634655,1,1,1,1,1,Muy Bueno
2009-07-25,9.200694540308582,21.382486377567215,41.679716653029125,72.25852151414622,7.676116665204366,1,1,1,2,1,Bueno
2009-07-26,16.803426613340843,39.147318804609604,50.88148326555888,63.118695565513946,7.840899994373322,2,2,2,2,1,Bueno
2009-07-27,13.989652781022919,29.108112536844022,61.98733327309291,62.95039996230084,7.828183344602585,1,2,2,2,1,Bueno
2009-07-28,15.017535219729787,33.48257252530775,52.968400121529896,60.62872377058843,7.819550000031789,2,2,2,2,1,Bueno
2009-07-29,12.550486094007889,28.952826081842616,55.464583383401234,63.79380203783512,7.659933334986369,1,2,2,2,1,Bueno
2009-07-30,14.037222247156832,28.80079713852509,57.30776675224304,62.6051999647721,8.016416672070822,1,2,2,2,1,Bueno
2009-07-31,11.846923115370156,27.14952726017345,57.23474999507268,61.4437977594781,8.121399991114934,1,2,2,2,1,Bueno
2009-08-01,12.483076963391337,29.556072731018066,34.13078334331512,61.159703889374946,7.270699998935064,1,2,1,2,1,Bueno
2009-08-02,6.521538466006726,14.103586956642676,32.130750091075896,69.6384320907061,7.012616660197576,1,1,1,2,1,Bueno
2009-08-03,10.77701393349303,21.492631604580613,55.56503337065379,65.50274780936863,7.4916999892393745,1,1,2,2,1,Bueno
2009-08-04,15.792569479180706,35.422595230940246,59.26259999275207,55.661756366646806,7.8156666553020475,2,2,2,1,1,Bueno
2009-08-05,16.948680582973694,37.68417420620927,64.49601657867431,55.29423335578799,8.342033344904582,2,2,2,1,1,Bueno
2009-08-06,13.065624933689833,28.78177860168277,43.34538326819738,64.57210420940233,7.427450005610784,1,2,1,2,1,Bueno
2009-08-07,10.853263910445902,23.460905821427055,40.76695351182081,61.12857394176981,7.168966665267944,1,1,1,2,1,Bueno
2009-08-08,12.370694381909239,28.90364132627197,32.08751274002385,68.8074087068309,7.193016664187113,1,2,1,2,1,Bueno
2009-08-09,11.290833389179575,27.969347829404086,17.40125001470248,82.26269561767577,6.812766667207082,1,2,1,2,1,Bueno
2009-08-10,10.072097910034072,20.009854802418968,28.177483327388764,65.71616868520243,6.912854749889724,1,1,1,2,1,Bueno
2009-08-11,11.07319445742501,25.05156649005869,39.27287624512229,66.20542746355812,7.054331101701411,1,2,1,2,1,Bueno
2009-08-12,11.41493054313792,26.302885620650276,42.05509991645813,73.0342086335887,7.172650001049042,1,2,1,2,1,Bueno
2009-08-13,15.697083256310886,36.41092554107985,53.323516697883605,68.45746079900991,7.503449993133545,2,2,2,2,1,Bueno
2009-08-14,12.566874958574772,24.9021415372942,47.10716661612193,73.60556525769441,7.498180293479627,1,1,1,2,1,Bueno
2009-08-15,12.039305564430025,22.348874762789524,43.779549979368845,72.8059235840309,7.436533334652583,1,1,1,2,1,Bueno
2009-08-16,14.977368435465303,26.919160289618805,46.66509343327002,56.33932622442854,7.874982747538336,1,2,1,1,1,Bueno
2009-08-17,19.15683334171772,36.6878082374304,61.58680555886693,65.95233136795474,8.435503454671966,2,2,2,2,1,Bueno
2009-08-18,18.42458334863186,36.84348485505942,71.36005212704063,60.47561816649004,8.513036653425473,2,2,2,2,1,Bueno
2009-08-19,17.898538454679343,36.089068911817044,54.35568012510027,74.75570165751036,8.046989804627945,2,2,2,2,1,Bueno
2009-08-20,15.304583367374208,30.134220975464668,65.07628339052201,66.1929196185999,8.264665551010182,2,2,2,2,1,Bueno
2009-08-21,14.48423613111178,30.82741812055761,59.8565000462532,59.44780114391919,8.071166667540869,1,2,2,1,1,Bueno
2009-08-22,14.180416657692856,29.05064701108527,45.16028869253265,75.14074483154513,7.835534809805542,1,2,1,2,1,Bueno
2009-08-23,16.618819447027313,31.285217391408008,52.92754678385018,69.02883471447488,8.168010029505727,2,2,2,2,1,Bueno
2009-08-24,13.351118933904422,28.432236388379877,46.13323740635888,62.76448705839074,7.9732767503411335,1,2,1,2,1,Bueno
2009-08-25,13.079791631135675,27.51440221935079,32.75436666727066,63.2634554575043,7.327963263443197,1,2,1,2,1,Bueno
2009-08-26,11.676901392533745,24.36936359058727,49.43896488753305,60.70606279954678,7.739565949209147,1,1,1,2,1,Bueno
2009-08-27,13.99986110544867,31.811511819262755,73.74283327261607,52.59784359724625,8.6312333325545,1,2,2,1,1,Bueno
2009-08-28,19.196249992483192,40.37416048902665,83.67401675701142,58.29337969349652,9.130816672245661,2,2,2,1,1,Bueno
2009-08-29,11.085972162584463,25.9854991531199,30.812283331553143,78.33543409241571,7.3712499980131785,1,2,1,2,1,Bueno
2009-08-30,11.316388878557417,23.419927035370012,42.50487478109751,72.3272648572091,7.599415683985154,1,1,1,2,1,Bueno
2009-08-31,17.172638926241135,38.04848997851981,57.036928216682654,59.7579093502789,7.9868781387507415,2,2,2,1,1,Bueno
2009-09-01,22.498263905445736,50.339346627791,47.817111781921135,68.77926829135376,7.642671130933428,2,3,1,2,1,Regular
2009-09-02,14.490625034603807,30.4583876301413,48.86978331406911,58.085234727444856,7.797966670592626,1,2,1,1,1,Bueno
2009-09-03,14.107762214187142,31.121624110824,58.73502506596815,60.51168998650142,8.491419035922705,1,2,2,2,1,Bueno
2009-09-04,12.287083318663967,27.175600028471514,44.814999965031944,53.83566962117734,7.903449996709823,1,2,1,1,1,Bueno
2009-09-05,9.798124987632036,24.88945250398051,31.849766690333684,64.71346691178113,7.476816675662994,1,1,1,2,1,Bueno
2009-09-06,15.478958312008116,35.75978105607694,32.75978326002757,63.02332748020983,7.489299997488658,2,2,1,2,1,Bueno
2009-09-07,15.80300696913179,32.62067638672684,47.67446662982305,53.72033035941746,7.623383330901464,2,2,1,1,1,Bueno
2009-09-08,14.139791688157452,29.792890885092994,45.78478861097152,59.20188156403731,7.424299982388814,1,2,1,1,1,Bueno
2009-09-09,14.272291643751991,29.66748634974162,54.80901678085327,68.74838263138481,7.8300666642189025,1,2,2,2,1,Bueno
2009-09-10,14.930624952746761,31.150874361965826,63.26085010210673,65.04194765256798,8.12191987157067,1,2,2,2,1,Bueno
2009-09-11,14.454460489664147,30.82313548390631,59.32446140231508,66.77096829363998,8.163030307300966,1,2,2,2,1,Bueno
2009-09-12,13.226666630142265,27.172898649737455,39.5907165590922,86.28085373336845,7.525116668542226,1,2,1,2,1,Bueno
2009-09-13,16.001458298001026,27.653822495021682,42.265200017293296,75.23062613943348,7.331449990272522,2,2,1,2,1,Bueno
2009-09-14,10.897553937898266,17.5458759095547,45.20815434871904,68.64087559755129,7.362617453072695,1,1,1,2,1,Bueno
2009-09-15,7.3770833139618235,17.28228262066841,35.56108330319325,63.981151823806094,7.306250006357828,1,1,1,2,1,Bueno
2009-09-16,9.857430566930109,20.321163640455765,53.215333363612494,48.05759993677554,8.047616650263468,1,1,2,1,1,Bueno
2009-09-17,10.04305559852057,17.4408152345298,57.37921669721604,34.23902440341092,7.803600010077159,1,1,2,1,1,Bueno
2009-09-18,10.755069435056713,20.052800001664597,55.659983331362405,42.257669667990314,7.625916664600372,1,1,2,1,1,Bueno
2009-09-19,8.217500002433857,16.129239106955737,41.62453335205714,51.33490429670914,7.176833326816559,1,1,1,1,1,Muy Bueno
2009-09-20,9.15000002955397,17.16150365791459,54.73490000406901,44.54712542611132,7.646000012556712,1,1,2,1,1,Bueno
2009-09-21,7.305886488434271,14.148099612265936,44.59600004260823,46.73271281753026,7.443434862114249,1,1,1,1,1,Muy Bueno
2009-09-22,8.975763879716396,15.49695329532445,47.524334497012376,61.747593577957836,7.255017060875486,1,1,1,2,1,Bueno
2009-09-23,14.218125078413221,24.279581824215974,57.85608331998189,52.6343131231225,7.740500020186106,1,1,2,1,1,Bueno
2009-09-24,16.12236105153958,28.438043822318154,69.76290965638432,46.845909085307085,8.141187289088068,2,2,2,1,1,Bueno
2009-09-25,14.174055960628536,26.289504601102358,76.57741673310598,49.51553059038908,8.39512520560836,1,2,2,1,1,Bueno
2009-09-26,14.007361026273834,25.259288384096465,45.268149894078576,67.0313913113138,7.508283319473267,1,2,1,2,1,Bueno
2009-09-27,17.78986109296481,32.09583938034782,46.84295012235641,65.23728234178098,7.293450018167496,2,2,1,2,1,Bueno
2009-09-28,16.81395838658015,25.947223242311427,55.29471663316091,46.74888684459354,7.741683344046275,2,2,2,1,1,Bueno
2009-09-29,19.013958301809097,31.665670254956122,49.54695003132026,58.15946073780889,7.92031667470932,2,2,1,1,1,Bueno
2009-09-30,12.211805602742565,21.123605036649153,54.25354995091756,35.64104533361641,7.364733330408732,1,1,2,1,1,Bueno
2009-10-01,13.954513892531395,27.320109512249047,59.9973825776337,29.94598946011839,7.722130871459141,1,2,2,1,1,Bueno
2009-10-02,13.665069439344936,24.397605035161188,71.72095391047671,34.769143306708834,8.155577910405707,1,1,2,1,1,Bueno
2009-10-03,14.715594430069823,25.167168807637236,68.69343755145867,47.83867829302083,8.051283338864645,1,2,2,1,1,Bueno
2009-10-04,15.939861113826433,31.863102201127656,77.34494803266392,37.53610435154127,8.828149993419647,2,2,2,1,1,Bueno
2009-10-05,18.944166695078213,39.22191183006062,97.05726333082768,23.862892387930888,11.11788851183814,2,2,2,1,1,Bueno
2009-10-06,18.872112636834803,42.22386488189841,83.11746981960566,24.985423403065482,10.530275367828736,2,2,2,1,1,Bueno
2009-10-07,15.322708303729693,34.25637679514678,57.72273335019747,23.351059063027304,8.870766668319702,2,2,2,1,1,Bueno
2009-10-08,8.035902785758177,16.427228299603946,42.93710007190705,27.568763038007223,7.380766670703888,1,1,1,1,1,Muy Bueno
2009-10-09,11.301642857279097,24.38380690719695,58.85715242706152,20.06269230834254,8.267839181762644,1,1,2,1,1,Bueno
2009-10-10,8.932196974754333,18.61324672663588,56.962487063172325,33.07957221214359,7.715724013326928,1,1,2,1,1,Bueno
2009-10-11,7.066783218533843,13.948015114986152,42.26694909677667,37.80106089135875,7.479099996884664,1,1,1,1,1,Muy Bueno
2009-10-12,6.9147552326842625,13.981663445441718,40.67404509749677,32.61069571785305,7.668916665712993,1,1,1,1,1,Muy Bueno
2009-10-13,9.56006943848398,23.09738146467046,51.280220763590215,45.785547733306885,7.639916667938232,1,1,2,1,1,Bueno
2009-10-14,12.135611550413447,29.636934818435904,76.01406719624495,26.973796123360497,8.69294117999678,1,2,2,1,1,Bueno
2009-10-15,5.7847407477873345,13.70515441572344,49.46338979430118,46.954707997246125,7.575847466517303,1,1,1,1,1,Muy Bueno
2009-10-16,10.858521124006996,25.391159729359266,56.502916758855186,52.4576348905978,8.089966673056285,1,2,2,1,1,Bueno
2009-10-17,11.816408525890028,28.59299240690289,79.16763328552246,29.939008700951288,9.194049987792969,1,2,2,1,1,Bueno
2009-10-18,12.95972030396228,26.720798445745114,78.90080003420512,30.11939134079477,9.614416664441427,1,2,2,1,1,Bueno
2009-10-19,16.42062940464153,36.287452409929195,83.59349999904633,21.51749565611715,10.307750026384989,2,2,2,1,1,Bueno
2009-10-20,16.55805556144979,31.885833332032867,65.3923999452591,36.47095646485038,8.228200010458629,2,2,2,1,1,Bueno
2009-10-21,7.1525000135103864,11.605407994657586,36.56071783545021,39.90912893507954,7.2413689357808515,1,1,1,1,1,Muy Bueno
2009-10-22,7.200763885759645,12.786280838995324,35.328998307751895,47.22223003899179,7.463338903274281,1,1,1,1,1,Muy Bueno
2009-10-23,13.077013868424627,23.913409069857813,55.2218030318991,36.677944260191836,8.351786299221503,1,1,2,1,1,Bueno
2009-10-24,13.412986104687056,22.89876893749743,53.01480718673374,21.52746530001362,8.04576666633288,1,1,2,1,1,Bueno
2009-10-25,16.562097924572605,24.539583266232952,60.65092270966344,16.146562502719462,9.172566679318747,2,1,2,1,1,Bueno
2009-10-26,14.36277776542637,24.126837038181044,63.4454866335696,17.778466890705587,9.704249983628591,1,1,2,1,1,Bueno
2009-10-27,18.352500094307793,31.03968451859115,78.35575511631549,18.897215420853236,10.230868099925912,2,2,2,1,1,Bueno
2009-10-28,21.213943701394847,36.94414181251135,83.92521008082798,16.581985977915345,10.27109060831518,2,2,2,1,1,Bueno
2009-10-29,24.617894652194547,42.39702399997746,95.18341238996574,14.388898785118522,10.982881364175828,2,2,2,1,1,Bueno
2009-10-30,22.356805594017107,39.50478738248899,88.47539759085666,14.401360412368504,10.791235177448357,2,2,2,1,1,Bueno
2009-10-31,18.717916670772766,32.35157988372789,80.55386433682199,15.507588646936078,9.92144065630638,2,2,2,1,1,Bueno
2009-11-01,16.571458352936638,27.126497230599018,58.739883306821184,26.128867638651087,9.46724997917811,2,2,2,1,1,Bueno
2009-11-02,6.604999985959795,13.243992745119085,45.697217429769786,40.409913143489675,9.225592649838761,1,1,1,1,1,Muy Bueno
2009-11-03,8.177777829683489,16.991159423321918,57.32271159704073,32.822000024215036,9.494933331807454,1,1,2,1,1,Bueno
2009-11-04,8.927638854417536,17.493115901515104,41.46135006984075,44.78182924416838,8.921199996471405,1,1,1,1,1,Muy Bueno
2009-11-05,6.694265719893929,12.34574276295261,37.10236670504014,56.22326954385509,8.734133338133494,1,1,1,1,1,Muy Bueno
2009-11-06,8.483541667461395,15.34759063910747,41.15663331707319,43.512539050890055,8.968616695801417,1,1,1,1,1,Muy Bueno
2009-11-07,6.401118876633944,14.159255911780356,26.307599993745487,47.418956537661344,8.468316640853882,1,1,1,1,1,Muy Bueno
2009-11-08,5.2779861013922424,10.062391323023949,21.721983349621297,62.017361058129204,8.445683325131734,1,1,1,2,1,Bueno
2009-11-09,7.279305566930109,12.325670302130174,37.28708328306675,46.837543424413596,9.475949986378351,1,1,1,1,1,Muy Bueno
2009-11-10,12.293263860874706,22.168781839717518,63.82458046378705,21.271373923654142,11.758016664187114,1,1,2,1,1,Bueno
2009-11-11,9.979645421318974,17.894043730039197,50.007336711364374,31.798811184359597,10.514706862432075,1,1,2,1,1,Bueno
2009-11-12,19.345188011800435,33.52870369222429,75.98797957048025,11.478454711593912,13.756298812419328,2,2,2,1,1,Bueno
2009-11-13,23.60671321161977,41.815027268958396,91.98941553017134,10.59529615767326,16.04599336073275,2,2,2,1,1,Bueno
2009-11-14,15.837569442060259,26.386836406967856,62.53993325948715,21.215878273507823,11.748783333301544,2,2,2,1,1,Bueno
2009-11-15,14.07402771214644,24.07592390326486,59.30613333861033,16.39203477071679,10.717600010236104,1,1,2,1,1,Bueno
2009-11-16,26.327777722643482,44.05619845542122,89.25087490049071,11.308315419808938,14.385403077761877,2,2,2,1,1,Bueno
2009-11-17,25.67736110670699,55.247438498647206,95.47138900889291,8.094446461343505,17.444149313701523,2,3,2,1,1,Regular
2009-11-18,20.513333300749462,41.65429664020756,79.9919616414441,11.977150662191983,14.065815979407894,2,2,2,1,1,Bueno
2009-11-19,24.81659717692269,54.03155645229473,90.52586787939072,11.946054554419083,15.486249994072649,2,3,2,1,1,Regular
2009-11-20,26.252230757933397,52.97375006558465,97.63423487978898,11.664208563124445,15.376850560042358,2,3,2,1,1,Regular
2009-11-21,21.202583181858063,40.609394589147385,75.51364142998405,12.75533208403687,12.52282609542211,2,2,2,1,1,Bueno
2009-11-22,9.961916675170263,18.615187485019366,46.3052174034326,48.1095435732671,10.72181160553642,1,1,1,1,1,Muy Bueno
2009-11-23,16.528500002622604,30.2329288678688,82.92343017020805,21.42781364736448,14.195317594628586,2,2,2,1,1,Bueno
2009-11-24,19.059833286205926,39.79184205377633,106.57273370921087,9.638946358728226,18.153104019333234,2,2,3,1,1,Regular
2009-11-25,21.986166695753735,41.56103587150574,92.73860386820155,12.474895230247862,16.071078256524128,2,2,2,1,1,Bueno
2009-11-26,16.669249975681304,22.961527778988792,66.86702655015793,16.08011383078356,10.38878469583061,2,1,2,1,1,Bueno
2009-11-27,9.35295235202426,17.30912067895043,61.75839566079478,27.20409001389595,10.634848503717977,1,1,2,1,1,Bueno
2009-11-28,7.244791695227225,12.771022972831647,51.70922109355097,23.246959999084474,9.321847819763681,1,1,2,1,1,Bueno
2009-11-29,3.8090625101079545,7.254583331694206,40.439112341058426,40.09604368532154,8.935126809106357,1,1,1,1,1,Muy Bueno
2009-11-30,7.5222916677594185,12.423916704456012,41.83010864214621,43.56561513741811,9.616521742032921,1,1,1,1,1,Muy Bueno
2009-12-01,8.65062495941917,14.837505242359713,42.370576910414066,39.78371645116258,9.610291437590273,1,1,1,1,1,Muy Bueno
2009-12-02,7.409374999503295,10.452895815670491,43.600231289863586,23.96843756455928,8.832657995720336,1,1,1,1,1,Muy Bueno
2009-12-03,6.312083357324203,11.953208330273629,42.31942026446695,41.0301194380954,9.600378788781889,1,1,1,1,1,Muy Bueno
2009-12-04,9.48843752592802,17.499448004295367,61.46464075919234,25.438235197783,11.462389187086984,1,1,2,1,1,Bueno
2009-12-05,14.459270800153414,20.254539452623902,60.23261376221975,8.577928884882308,11.859781739257631,1,1,2,1,1,Bueno
2009-12-06,10.66010413567225,14.705570191144943,45.743092972141966,17.609705915095425,9.919801593772949,1,1,1,1,1,Muy Bueno
2009-12-07,9.237395902474722,12.735215426031965,48.81820667742753,15.056868257970583,9.576850721441163,1,1,1,1,1,Muy Bueno
2009-12-08,7.035833305368821,11.389907391810858,38.76609134106409,31.60524231484283,9.533645833532015,1,1,1,1,1,Muy Bueno
2009-12-09,15.658333357423544,22.621084861597925,57.46874992212942,11.288094188600377,11.565190694089663,2,1,2,1,1,Bueno
2009-12-10,19.659270767122507,33.038310194732965,84.31751987858424,8.466158957670856,16.7317500124375,2,2,2,1,1,Bueno
2009-12-11,19.551250115036964,31.50328705459833,81.71409860100647,8.357735861522347,16.83606248795986,2,2,2,1,1,Bueno
2009-12-12,30.035937391221523,43.54988429888531,93.6675000317169,6.9636344513973265,19.215458309650423,3,2,2,1,1,Regular
2009-12-13,3.5715625106046596,6.844709975536904,25.879038495971606,47.474351408092545,11.458875010410944,1,1,1,1,1,Muy Bueno
2009-12-14,5.35187501894931,12.708310206455213,32.72946397951923,40.9926347437495,10.904166682064533,1,1,1,1,1,Muy Bueno
2009-12-15,9.48989580820004,20.360231476801413,66.66161234309708,18.858480006694794,13.428395839532216,1,1,2,1,1,Bueno
2009-12-16,16.439479157328606,25.30858790929671,77.72480885100929,7.557820008039474,13.14046121193428,2,2,2,1,1,Bueno
2009-12-17,8.49802083770434,16.042106487960726,52.84592402326888,28.439083647443002,11.282062488794327,1,1,2,1,1,Bueno
2009-12-18,12.512500035266081,20.765925970342423,81.3738405428071,12.69453094581406,15.931854154666265,1,1,2,1,1,Bueno
2009-12-19,7.394631602262196,10.555879629044622,36.381829757621325,36.00488038177034,11.926208312312761,1,1,1,1,1,Muy Bueno
2009-12-20,11.496973693370819,19.703859208278285,64.3647876190863,15.169186292674864,14.426760855964993,1,1,2,1,1,Bueno
2009-12-21,17.03417476635535,20.7074545792558,73.93706966232467,14.671268470695608,13.993483850520144,2,1,2,1,1,Bueno
2009-12-22,13.603666601578395,17.607517420554107,70.56525564866512,21.165219985961915,12.51025105620029,1,1,2,1,1,Bueno
2009-12-23,6.126833326617876,11.098097454367547,42.9747130738134,39.38127740224203,10.128141937773512,1,1,1,1,1,Muy Bueno
2009-12-24,6.87225001056989,11.370676009527175,31.494878449373775,49.529321322184124,9.43651804650665,1,1,1,1,1,Muy Bueno
2009-12-25,6.881583327054978,10.717099769762664,32.59237848098079,44.599860625438005,11.192395815253258,1,1,1,1,1,Muy Bueno
2009-12-26,8.249749985337257,11.577615748401042,40.27008697675622,31.346167681459896,10.453041677673658,1,1,1,1,1,Muy Bueno
2009-12-27,11.351260574925847,15.853124973950562,56.89862142599482,16.972905833639935,11.960083835529831,1,1,2,1,1,Bueno
2009-12-28,15.444666639963787,19.831550913276494,70.09803831246164,8.839681298134336,12.702187513311705,2,1,2,1,1,Bueno
2009-12-29,7.4666666974624,11.281757723407338,46.63309567855752,32.22159998369217,9.666764100060831,1,1,1,1,1,Muy Bueno
2009-12-30,5.076000005245208,9.037865187010068,36.93639253054824,46.574723509599536,9.173598017349432,1,1,1,1,1,Muy Bueno
2009-12-31,4.5448333342870075,7.110416653531569,29.4838075283681,50.0350531015295,8.477203045768299,1,1,1,1,1,Muy Bueno
2010-01-01,6.828500010569891,9.686751041734269,19.861533854112206,61.77883133330902,7.810152084655182,1,1,1,2,1,Bueno
2010-01-02,9.239333335558573,14.485666684309642,41.82276343066934,29.066785697039073,9.303181821649725,1,1,1,1,1,Muy Bueno
2010-01-03,12.602999955415726,16.523166680335997,54.7948508632349,12.585324634979298,11.439583325024808,1,1,2,1,1,Bueno
2010-01-04,9.412833285331725,9.831500000754993,56.41776895903021,12.731737672305497,11.613257579731219,1,1,2,1,1,Bueno
2010-01-05,8.1152500162522,11.424833352367083,49.31517861286799,23.205631038517627,12.007348476034222,1,1,1,1,1,Muy Bueno
2010-01-06,6.757583318154017,10.39970834106207,33.02797625840656,38.079223343469565,9.856477300326029,1,1,1,1,1,Muy Bueno
2010-01-07,6.510249986251195,7.274000026782354,34.15171653972177,36.38392743891222,9.320530306209218,1,1,1,1,1,Muy Bueno
2010-01-08,7.228608688064243,12.287735032220173,26.791267660302175,59.323519706726074,9.223899604731084,1,1,1,1,1,Muy Bueno
2010-01-09,6.936416661739349,9.242499980827173,29.579027750189343,49.934805250787115,9.25367424975742,1,1,1,1,1,Muy Bueno
2010-01-10,9.553249982992808,15.263874978820484,46.58382933858841,27.455631130335785,11.304507564414632,1,1,1,1,1,Muy Bueno
2010-01-11,13.551250019669533,16.046061906139407,58.05495914147825,25.936763791976237,11.573447008927664,1,1,2,1,1,Bueno
2010-01-12,11.288487383297511,14.000138852331373,62.949227492346395,13.383876225070766,12.275416690291781,1,1,2,1,1,Bueno
2010-01-13,10.47024999856949,15.005601823329926,61.72022956696831,17.26753246397167,11.137083315488065,1,1,2,1,1,Bueno
2010-01-14,6.801500006020069,12.098458104196624,28.55676893746682,58.600314429720996,10.296325757648006,1,1,1,1,1,Muy Bueno
2010-01-15,14.251166679461797,23.370916656653087,66.69386896822188,23.553674678486512,13.887272719180945,1,1,2,1,1,Bueno
2010-01-16,13.77475001414617,21.781500013669334,58.45668657809969,13.974474459439069,12.09609851692662,1,1,2,1,1,Bueno
2010-01-17,11.821355896481013,16.290625010927517,43.83130956547601,14.96581324899053,11.04393937370994,1,1,1,1,1,Muy Bueno
2010-01-18,15.856974808107905,22.165958284338316,54.331027138140776,12.600615846096945,13.478560588576578,2,1,2,1,1,Bueno
2010-01-19,11.291749973098437,16.18728026585599,52.39982917865268,15.085875742179526,11.150454524791602,1,1,2,1,1,Bueno
2010-01-20,7.3401818074963305,13.531673633403859,41.934828876089234,38.15330440410669,10.42996062443951,1,1,1,1,1,Muy Bueno
2010-01-21,18.582476226488748,33.93072295763407,76.60729986506911,10.059970846676618,15.414618482551422,2,2,2,1,1,Bueno
2010-01-22,28.672743392201653,43.99418610565422,77.21904770358579,7.87846591797742,17.537868253944456,2,2,2,1,1,Bueno
2010-01-23,14.438584927118049,20.64072001171112,52.92009340090172,26.41870598161922,16.843306428001775,1,1,2,1,1,Bueno
2010-01-24,9.847666669885317,14.8248863418897,40.98478265862534,34.56558663019255,13.992462141947312,1,1,1,1,1,Muy Bueno
2010-01-25,4.455981321423967,8.298473898665494,30.04214149036443,46.90778430905356,13.880597614197143,1,1,1,1,1,Muy Bueno
2010-01-26,6.977889916218749,11.668735177620597,32.515314775263825,48.758808231630994,13.10373019982898,1,1,1,1,1,Muy Bueno
2010-01-27,9.373666629195213,15.464318191463297,37.83992759473082,37.42837532962404,13.196984713314144,1,1,1,1,1,Muy Bueno
2010-01-28,13.60508342285951,25.7923863521128,66.70509045884229,23.37505586054072,16.113750064011775,1,2,2,1,1,Bueno
2010-01-29,12.644789915625788,24.91026515400771,67.40634073036304,27.89843131046669,15.2058174401635,1,1,2,1,1,Bueno
2010-01-30,4.9864166314403215,9.401060568112316,27.51213766872019,60.74030721653773,10.62802282123058,1,1,1,2,1,Bueno
2010-01-31,6.008666663368543,8.737727281722156,27.1564855027026,58.97460901271032,10.305719706145199,1,1,1,1,1,Muy Bueno
2010-02-01,7.931583298742771,14.135454523744006,44.392445630785346,46.57680679903645,14.117651532996785,1,1,1,1,1,Muy Bueno
2010-02-02,12.149749969442686,24.496590940789744,66.1642545301264,26.17530894949195,14.987803027485356,1,1,2,1,1,Bueno
2010-02-03,15.636583334207534,32.00276518048662,78.0591123726057,14.526592156074566,17.317954565539505,2,2,2,1,1,Bueno
2010-02-04,19.329416720072427,30.26205330293895,69.29079716447471,11.046302541631276,14.598333356958447,2,2,2,1,1,Bueno
2010-02-05,6.864000005026658,13.283030299074722,31.454283061564077,53.75803920468029,10.162623568632757,1,1,1,1,1,Muy Bueno
2010-02-06,5.941833367943763,11.404962068254298,33.389728244232096,49.25173175801112,10.376022703719862,1,1,1,1,1,Muy Bueno
2010-02-07,12.135250008106231,20.13117424105153,58.3263949777769,17.38192733373056,13.617462105823286,1,1,2,1,1,Bueno
2010-02-08,9.74384614304229,14.719547035386753,52.31655655570652,20.277011200036416,10.987424245386412,1,1,2,1,1,Bueno
2010-02-09,7.207847238414818,13.579198568124804,38.69562715105064,47.16466291700856,11.618783299913877,1,1,1,1,1,Muy Bueno
2010-02-10,8.280972195168337,16.304618067211575,48.533350706100464,30.61544686189577,12.196098495613445,1,1,1,1,1,Muy Bueno
2010-02-11,7.936111115333107,13.694409752057659,36.802175437358386,50.63326823977785,11.48383143852497,1,1,1,1,1,Muy Bueno
2010-02-12,11.100763822595278,17.74548612286647,49.24170137196779,45.86187670811886,14.194659148201797,1,1,1,1,1,Muy Bueno
2010-02-13,8.970839106953228,12.146446014530568,29.32191302879997,58.87549024202576,13.571406861221835,1,1,1,1,1,Muy Bueno
2010-02-14,7.824230757126442,11.362700759929462,37.48530256536083,47.41982551924018,12.712519989013671,1,1,1,1,1,Muy Bueno
2010-02-15,11.70500003049771,16.488923572831684,55.987326404286755,24.87290504591425,13.500795445658945,1,1,2,1,1,Bueno
2010-02-16,9.308541685342789,9.743607170454093,55.15394091895885,24.904596112232685,12.452878771406231,1,1,2,1,1,Bueno
2010-02-17,8.44826388027933,11.03337118842385,40.00879791472432,46.619831448190666,11.003282446897666,1,1,1,1,1,Muy Bueno
2010-02-18,10.099999998832915,15.009053054632563,50.442135435839496,38.95483234807766,12.661742409070333,1,1,2,1,1,Bueno
2010-02-19,10.923706229750094,15.279636369185015,54.17414925247431,34.540476215319806,12.90723488366965,1,1,2,1,1,Bueno
2010-02-20,6.8793055439988775,10.037604193720552,33.78993061267667,57.16273738418877,10.296856051141566,1,1,1,1,1,Muy Bueno
2010-02-21,8.360845032712104,10.18194443318579,47.76598955690861,33.004257670971526,11.453030309893869,1,1,1,1,1,Muy Bueno
2010-02-22,8.026971856473198,10.084305562906795,46.322934099369576,45.329215634770755,10.44314393310836,1,1,1,1,1,Muy Bueno
2010-02-23,7.640496473785833,10.262404185138928,41.79213913254116,49.00280904702926,9.844372616974573,1,1,1,1,1,Muy Bueno
2010-02-24,8.91070921116687,14.889201382795969,26.853454863031704,63.75154054465414,9.285871209520282,1,1,1,2,1,Bueno
2010-02-25,8.547183099766853,12.534236083428064,38.19729174301028,47.93983201953877,9.711401534802986,1,1,1,1,1,Muy Bueno
2010-02-26,10.774375018146303,19.068888906803394,44.292847177634634,49.14036417875637,10.145530310544101,1,1,1,1,1,Muy Bueno
2010-02-27,9.800425512570861,17.07347226308452,45.02276038461261,29.882724731155996,11.533598498864608,1,1,1,1,1,Muy Bueno
2010-02-28,5.967500002847777,9.629201399783293,22.572326377448107,73.07218499277153,9.544166658863876,1,1,1,2,1,Bueno
2010-03-01,7.515694438583321,12.40940973121259,29.88211806035704,65.1534830894363,9.47954546140902,1,1,1,2,1,Bueno
2010-03-02,7.2956249962250395,14.683576381040943,42.62668399016062,47.72792717054779,13.170795480410257,1,1,1,1,1,Muy Bueno
2010-03-03,8.359777769335993,11.99627242037045,40.99255731118419,51.82438038955161,10.178509785147273,1,1,1,1,1,Muy Bueno
2010-03-04,11.242569430006874,19.258993056913216,50.67821175398098,37.348067057232896,10.773825777299477,1,1,2,1,1,Bueno
2010-03-05,9.28743057201306,12.039722209175428,41.210750019550325,42.26453789008432,11.624314510053203,1,1,1,1,1,Muy Bueno
2010-03-06,5.889583343433009,6.286944429700573,32.85085141140482,57.17084036754961,10.977333356936773,1,1,1,1,1,Muy Bueno
2010-03-07,8.291805541349781,10.725763912830088,36.328260886496395,48.257338999366226,10.21520836353302,1,1,1,1,1,Muy Bueno
2010-03-08,7.184930555936363,9.619201408906115,27.282844337026635,71.66075646643544,10.936544732349676,1,1,1,2,1,Bueno
2010-03-09,10.48673606912295,15.756655040933696,40.705225617521336,59.55460676852237,12.84566542222926,1,1,1,1,1,Muy Bueno
2010-03-10,11.999513924121857,19.10701385140419,44.329543933533785,55.452044777676505,13.727348481163833,1,1,1,1,1,Muy Bueno
2010-03-11,14.46604170733028,20.79395841062069,46.88219859752249,51.02658257497793,14.57731058922681,1,1,1,1,1,Muy Bueno
2010-03-12,12.405555526415506,17.136527789963615,44.735243044793606,44.01306180471784,12.24905301585342,1,1,1,1,1,Muy Bueno
2010-03-13,12.859027773141861,18.07239585287041,45.387291772498024,48.238151367305036,13.082765160184918,1,1,1,1,1,Muy Bueno
2010-03-14,7.70555558303992,11.356388909121355,30.266475737922722,61.76453536664936,15.16106059334495,1,1,1,2,1,Bueno
2010-03-15,13.108709682379999,25.08813427010579,65.67411877440034,36.08765589094303,17.356844280586866,1,2,2,1,1,Bueno
2010-03-16,11.609389296924794,25.511236430081453,62.36914740404905,42.15017495662756,16.055896396181023,1,2,2,1,1,Bueno
2010-03-17,13.35791665646765,28.180348397962725,55.153826096576196,50.067535043764515,14.940719723701477,1,2,2,1,1,Bueno
2010-03-18,22.15999995999866,48.31576391392284,66.01913202305634,37.807893285925466,16.210303021199774,2,2,2,1,1,Bueno
2010-03-19,28.72500001300465,59.90739132701487,56.24531916523656,24.88817932859522,13.696439401669936,2,3,2,1,1,Regular
2010-03-20,50.05818183494337,113.40655800916147,40.1281560333908,35.15316519450073,13.03753784750447,3,4,1,1,1,Malo
2010-03-21,40.01240598707271,71.38227426446302,35.78106197509091,32.160260149509234,12.25169960406458,3,3,1,1,1,Regular
2010-03-22,22.949922474779825,42.539670423710305,46.12085568586135,36.366938219311535,12.51011363845883,2,2,1,1,1,Bueno
2010-03-23,16.646769233850332,29.64971222980417,53.656144332717844,35.173193323345075,13.22246213573398,2,2,2,1,1,Bueno
2010-03-24,21.851468616432243,40.04362373983403,34.589826061414634,49.9544568327476,10.977338395644503,2,2,1,1,1,Bueno
2010-03-25,8.500000035034791,13.245781807465987,33.57460859831542,67.17678361189992,10.097599985122681,1,1,1,2,1,Bueno
2010-03-26,7.803819455206394,13.061458349227905,23.52226087736047,71.48783724495534,9.64787881302111,1,1,1,2,1,Bueno
2010-03-27,8.057777755790287,13.410347238183022,25.018246551768648,71.16369742038204,9.948636376496518,1,1,1,2,1,Bueno
2010-03-28,10.799420253090236,17.587934772173565,39.97343018266986,53.96782989865524,11.740714294569832,1,1,1,1,1,Muy Bueno
2010-03-29,11.632777794367737,22.279791691237026,44.002309039235115,51.95254909825258,10.819696985410921,1,1,1,1,1,Muy Bueno
2010-03-30,7.854722176574999,14.418124966323376,23.440902708719175,69.28196084799887,9.887045490019249,1,1,1,2,1,Bueno
2010-03-31,7.02430557873514,12.688850214257057,23.2502956371722,74.03244390380516,10.142775671563674,1,1,1,2,1,Bueno
2010-04-01,5.8422222344411745,9.510069460504585,18.520086825928754,77.58769678801633,9.901401537837405,1,1,1,2,1,Bueno
2010-04-02,7.5885416774286165,13.430520854062504,26.812065949042637,66.52310923434773,9.700037883989738,1,1,1,2,1,Bueno
2010-04-03,7.665972201360597,13.159756917920378,25.013802046577137,59.84654496492964,9.497575767112501,1,1,1,1,1,Muy Bueno
2010-04-04,6.497986110548179,10.245416660275724,26.93956600005428,63.8503921546188,10.124696964567358,1,1,1,2,1,Bueno
2010-04-05,7.628958338664638,14.409513891571098,31.983593761093086,61.9636975309762,12.194242430455757,1,1,1,2,1,Bueno
2010-04-06,11.193611121012104,26.926689859051322,47.009548518392776,52.77595509237118,11.633901507565469,1,2,1,1,1,Bueno
2010-04-07,9.988888891206848,20.92579858832889,33.20057291951444,73.05843585296716,10.404015145518564,1,1,1,2,1,Bueno
2010-04-08,8.283124977929724,15.289375028676456,34.045756500907565,67.39868717886216,10.653726249593293,1,1,1,2,1,Bueno
2010-04-09,9.53395833654536,19.998333348168266,30.599495713607126,78.08235281054714,10.905719710118843,1,1,1,2,1,Bueno
2010-04-10,9.472986114521822,19.8912499083413,31.027743039859665,79.13044800878573,10.222916677142635,1,1,1,2,1,Bueno
2010-04-11,8.569444480041662,17.62128466202153,35.595347203314304,80.35294128866757,10.104621213493925,1,1,1,2,1,Bueno
2010-04-12,13.113958338896433,27.828680530190468,31.95700522437822,80.93536927889694,10.239733817459513,1,2,1,2,1,Bueno
2010-04-13,10.2825000103977,16.251631922192043,32.73206776688656,67.93573488625738,11.649809879041896,1,1,1,2,1,Bueno
2010-04-14,8.49229168229633,12.13496527282728,38.00937495339248,43.52302526960186,11.29018938180172,1,1,1,1,1,Muy Bueno
2010-04-15,11.170694442258942,14.642569433483812,41.158246509730816,52.370112122607836,11.797424208034169,1,1,1,1,1,Muy Bueno
2010-04-16,10.619652772943178,16.453402750194073,43.35748258315854,51.76420612653982,10.892348500815304,1,1,1,1,1,Muy Bueno
2010-04-17,7.479375016358164,10.864930546118153,36.70428822769059,64.16907320263681,9.754583331671627,1,1,1,2,1,Bueno
2010-04-18,7.7470139016707735,11.484285673613332,33.985017290545834,59.768715059291054,9.4616287874453,1,1,1,1,1,Muy Bueno
2010-04-19,9.364825214539374,15.848954696688503,44.54442506384766,53.53364909326134,9.434198465056092,1,1,1,1,1,Muy Bueno
2010-04-20,10.173958351214727,19.196319445967674,48.89074789461882,47.04061268830366,10.271098505366933,1,1,1,1,1,Muy Bueno
2010-04-21,13.415416634745068,24.580763960878055,55.07255210479101,45.60192736167482,10.570378787589796,1,1,2,1,1,Bueno
2010-04-22,9.021538465173094,15.037762225924672,34.55418119779447,66.17351952744596,9.61366409927834,1,1,1,2,1,Bueno
2010-04-23,10.83923611500197,19.871811860945165,47.92052085035377,52.24475007288986,9.999924278620517,1,1,1,1,1,Muy Bueno
2010-04-24,12.389236110779974,20.470520845717854,42.71512149771055,47.58880553179317,10.167537873441523,1,1,1,1,1,Muy Bueno
2010-04-25,12.295208346512583,20.329513896670605,41.337916692097984,56.87488881978724,9.768674238161607,1,1,1,1,1,Muy Bueno
2010-04-26,12.205208296577135,22.77951217445347,47.00052259649549,57.413314839923615,10.002386383938067,1,1,1,1,1,Muy Bueno
2010-04-27,14.952569431728786,28.53812498350938,55.72178018113914,58.942809043305644,9.746197718631178,1,2,2,1,1,Bueno
2010-04-28,13.311319408317408,27.922083367904026,42.44373263584243,76.34400009380447,9.075189391771952,1,2,1,2,1,Bueno
2010-04-29,14.495347241560617,31.943645854791004,34.235225688252186,75.78847237692939,8.897575736948937,1,2,1,2,1,Bueno
2010-04-30,12.45583327445719,25.323507005141842,40.223124934567345,61.65599997440974,9.038136882927027,1,2,1,2,1,Bueno
2010-05-01,8.846458339028889,17.669860141260642,22.291388874252636,72.19119438330333,8.299621223500282,1,1,1,2,1,Bueno
2010-05-02,6.210138892547952,12.168402759151327,21.870486138181555,66.50172238879733,7.752803043434114,1,1,1,2,1,Bueno
2010-05-03,6.574236135929823,18.78027875248979,19.68499132498451,70.91796657700392,8.526996215939976,1,1,1,2,1,Bueno
2010-05-04,8.002222239971161,19.97902779074179,18.26052086479548,83.80488888422649,9.443181810957013,1,1,1,2,1,Bueno
2010-05-05,9.277777769499355,16.008680534031654,26.172118021899628,83.38347225321664,10.024431837327553,1,1,1,2,1,Bueno
2010-05-06,10.57534725136227,19.34451386829217,34.52852173929629,68.3391943163342,9.669999978759073,1,1,1,2,1,Bueno
2010-05-07,13.964722214473618,24.05621526638667,37.29104422721188,59.23827778100967,10.398598465052517,1,1,1,1,1,Muy Bueno
2010-05-08,14.933985975238826,21.26138890700208,22.051857623478604,50.45587748870212,9.860416648965893,1,1,1,1,1,Muy Bueno
2010-05-09,11.09562500152323,15.156874997748268,18.454878487934668,57.48872212436464,9.499924256946102,1,1,1,1,1,Muy Bueno
2010-05-10,8.612083350618681,12.982326394981808,23.39370439487955,64.89284121691351,9.571022747140942,1,1,1,2,1,Bueno
2010-05-11,13.284507026135081,20.750416673719883,35.86026038105289,61.345333442423076,10.100000041903872,1,1,1,2,1,Bueno
2010-05-12,9.583402785989973,14.995034720334742,22.8791477808745,70.67250011232164,9.598484861128258,1,1,1,2,1,Bueno
2010-05-13,10.117777781354057,14.620208321346176,28.235902757280403,65.789722193612,9.879924259402536,1,1,1,2,1,Bueno
2010-05-14,10.73243054168092,15.1999653155605,26.500173662685686,66.5830276913113,10.116287901546016,1,1,1,2,1,Bueno
2010-05-15,6.918671327871042,9.473854168835613,18.646006924617623,74.10269441604615,9.50738637194489,1,1,1,2,1,Bueno
2010-05-16,7.328819416463375,10.559513853655922,20.473940984449452,67.72766669193904,9.597840919639125,1,1,1,2,1,Bueno
2010-05-17,13.146597213215298,20.79364588856697,31.301180569248068,59.89919434587161,10.338106047023427,1,1,1,1,1,Muy Bueno
2010-05-18,13.040277785725063,21.80451389816072,38.78166666047441,66.68924999501971,10.250719691767838,1,1,1,2,1,Bueno
2010-05-19,10.415208283397886,19.183194407158428,29.583854181692004,58.70704229113082,9.92617424329122,1,1,1,1,1,Muy Bueno
2010-05-20,15.109791662957933,26.198958300881916,26.64815972145233,79.46781508261417,10.039166694337672,2,2,1,2,1,Bueno
2010-05-21,16.539861102898914,29.147282195008174,45.88210055935714,61.43259166663801,10.559659105358701,2,2,1,2,1,Bueno
2010-05-22,15.615524488729196,27.49076391922103,41.02253468417459,70.21358325680097,10.39446968201435,2,2,1,2,1,Bueno
2010-05-23,16.585069467624027,29.400034857959284,29.89852429853959,83.05675009753969,10.067916673241239,2,2,1,2,1,Bueno
2010-05-24,14.93729164534145,27.736041565736134,28.164305554599398,80.00106742408838,9.755681841662437,1,2,1,2,1,Bueno
2010-05-25,15.552708311213387,28.86739586955971,24.114581871946513,71.84267388877763,9.511368813170227,2,2,1,2,1,Bueno
2010-05-26,12.419507083758502,22.383159735136562,25.73300176806891,64.91369452211592,9.137519057470424,1,1,1,2,1,Bueno
2010-05-27,12.867708322074678,23.959409769210552,34.580486038492786,54.93836113148265,9.089201539188284,1,1,1,1,1,Muy Bueno
2010-05-28,11.806223795964168,18.758680548932816,28.692342635843303,57.603750035497875,8.804160303741922,1,1,1,1,1,Muy Bueno
2010-05-29,10.869999968343311,16.257187513841522,28.771562497235006,57.24130555656221,8.927954558170203,1,1,1,1,1,Muy Bueno
2010-05-30,13.480349647415268,19.290069423615932,31.780746473620336,54.49994447496202,9.07768939480637,1,1,1,1,1,Muy Bueno
2010-05-31,11.9052777853277,18.91965151331566,33.68752603788409,46.61555554668109,9.239733817459513,1,1,1,1,1,Muy Bueno
2010-06-01,10.300778487485326,19.795723494992764,34.05842279677823,47.64355564448569,9.193015874378265,1,1,1,1,1,Muy Bueno
2010-06-02,8.735119044780731,18.210353663496647,33.39468219437727,49.628222272131175,8.832091252160163,1,1,1,1,1,Muy Bueno
2010-06-03,8.8789285708751,17.625993593381,28.335616685549418,64.55672211911943,8.383371217684312,1,1,1,2,1,Bueno
2010-06-04,11.604550909853268,23.20842950619184,39.778260879293335,68.94211091597874,8.303625965846404,1,1,1,2,1,Bueno
2010-06-05,15.405449074899366,29.919679533212612,40.157583334843316,63.308750027418135,8.208598483692516,2,2,1,2,1,Bueno
2010-06-06,10.16491018440909,19.749455139423027,28.442303867690352,66.90389964972366,7.78292773794312,1,1,1,2,1,Bueno
2010-06-07,13.632976231120882,27.897435947870598,28.313255421108316,64.36688883834415,7.424486688787947,1,2,1,2,1,Bueno
2010-06-08,9.834879514682724,22.574679509187355,25.539345656865397,58.08455551465352,6.870909102938392,1,1,1,1,1,Muy Bueno
2010-06-09,6.294583351839156,10.253397424251606,30.66000003947152,41.539047687327496,6.281494257093846,1,1,1,1,1,Muy Bueno
2010-06-10,8.016369067487263,14.51070511723176,23.07788235820642,50.63030567963918,6.07340997297645,1,1,1,1,1,Muy Bueno
2010-06-11,9.076071400727544,15.565416687574142,24.05061972241106,53.4535278055403,6.258773963912693,1,1,1,1,1,Muy Bueno
2010-06-12,6.950952386572247,11.033151157415949,30.114799989859264,42.283694473902386,6.482045463540337,1,1,1,1,1,Muy Bueno
2010-06-13,5.472321430487292,10.844519249521769,21.954216650327048,51.65877775218752,6.368068175785469,1,1,1,1,1,Muy Bueno
2010-06-14,8.08726190669196,14.496730780754334,35.60298489881004,42.294522345735786,6.695153839771564,1,1,1,1,1,Muy Bueno
2010-06-15,6.299523825091975,12.283814077958082,24.452638869691228,52.048690478006996,6.439166655143102,1,1,1,1,1,Muy Bueno
2010-06-16,8.333214352528254,13.983012789335007,38.79295025252151,46.13086968988612,6.731767063638771,1,1,1,1,1,Muy Bueno
2010-06-17,10.212202365909304,16.600096160784744,44.71592284929032,58.93256274969797,6.980265135114843,1,1,1,1,1,Muy Bueno
2010-06-18,12.819161681357972,23.292797456600276,53.62335001164345,52.05305562416712,7.191515136848796,1,1,2,1,1,Bueno
2010-06-19,9.65536144196269,14.639166635580551,27.638299977382022,71.68294452031454,6.563636355327837,1,1,1,2,1,Bueno
2010-06-20,6.894970061536321,11.132756386811916,17.654433346589407,67.32516672876146,6.619772737676447,1,1,1,2,1,Bueno
2010-06-21,9.311796401075261,15.95445509140308,32.20951666196187,63.70433343119092,6.780719701087836,1,1,1,2,1,Bueno
2010-06-22,11.974940481640044,21.764134591970688,48.252097261032,52.20005556344986,7.166363661939448,1,1,1,1,1,Muy Bueno
2010-06-23,11.902865871787071,23.07314108273922,50.62390018860499,59.441055443551804,7.578825728459791,1,1,2,1,1,Bueno
2010-06-24,14.177904226822767,28.98032043988888,49.02209379205752,72.10813874801,7.4914448524156,1,2,1,2,1,Bueno
2010-06-25,17.25037502646446,29.051938740574585,45.093612953408126,74.12291411399842,6.820271315500718,2,2,1,2,1,Bueno
2010-06-26,9.62981366111625,15.986698725284674,30.59131667693456,76.2519444624583,6.62109848947236,1,1,1,2,1,Bueno
2010-06-27,10.829638575574002,16.462287608314963,31.940266654888788,68.06361100938585,6.608939391193968,1,1,1,2,1,Bueno
2010-06-28,14.9497560575241,25.587272777185813,38.70077315659082,69.23450702344867,6.849414061754942,1,2,1,2,1,Bueno
2010-06-29,14.331575707955794,22.392631561348313,40.84739565889107,78.60746504270931,6.7454752758881895,1,1,1,2,1,Bueno
2010-06-30,14.080773785000755,21.95355768692799,50.024883011910426,72.52216642962561,6.738555106826608,1,1,2,2,1,Bueno
2010-07-01,18.216886199163106,30.84124998557262,59.45210345878028,69.3922005768938,7.0467045550996605,2,2,2,2,1,Bueno
2010-07-02,19.502699366376444,33.419503340657975,69.61843064870182,53.83493034620471,6.890113636399761,2,2,2,1,1,Bueno
2010-07-03,12.478333347964854,18.42868591271914,32.37686773520618,78.6067415730337,6.3875757717725,1,1,1,2,1,Bueno
2010-07-04,14.555868243029018,19.955897425993896,40.33353326082229,71.01330548657312,6.516590896880988,1,1,1,2,1,Bueno
2010-07-05,13.61670661400892,21.883782029151917,43.14920004288356,69.96211701050443,6.7232575904239305,1,1,1,2,1,Bueno
2010-07-06,12.15529765862794,22.444967825951114,37.05036732151433,81.30841249078097,6.854469699390007,1,1,1,2,1,Bueno
2010-07-07,17.930416662068595,31.82461536847628,53.40208323637644,68.10555562575658,7.057840910824862,2,2,2,2,1,Bueno
2010-07-08,22.223809418933733,48.066730792705826,57.896200002034504,44.85916668838925,7.18613636674303,2,2,2,1,1,Bueno
2010-07-09,20.95739392078284,40.671627814587566,46.32110180612338,78.75627785126368,6.904055110112888,2,2,1,2,1,Bueno
2010-07-10,17.943253033850567,33.32579858435525,41.26473957879676,82.47674991952049,6.789500005046526,2,2,1,2,1,Bueno
2010-07-11,18.660306760869876,33.32017355495029,43.875260377509726,72.46288905160294,6.944750015934308,2,2,1,2,1,Bueno
2010-07-12,16.518383257403347,32.196561368306476,43.858125022715996,62.29374991522895,6.942000022530555,2,2,1,2,1,Bueno
2010-07-13,12.839277093669018,27.04895837439431,42.40465275860495,61.07177779740758,6.965541676680247,1,2,1,2,1,Bueno
2010-07-14,9.810119793800537,19.450868138008648,30.019166665772598,69.18883351749844,6.6363750249147415,1,1,1,2,1,Bueno
2010-07-15,8.579679453984285,19.45831465631835,45.44416213594042,59.62597140720912,6.897541670997938,1,1,1,1,1,Muy Bueno
2010-07-16,15.722167852041604,31.26249995827675,59.53571962632916,56.8416071732839,7.504624994595845,2,2,2,1,1,Bueno
2010-07-17,11.608251750886023,26.28181436896827,36.62789775566621,74.04321432113647,6.90554164648056,1,2,1,2,1,Bueno
2010-07-18,14.866830966842006,29.426906668533714,28.495625045263406,73.55755957251503,6.6966666807731,1,2,1,2,1,Bueno
2010-07-19,17.913194485008717,37.11324994365374,59.14462127288183,66.62148828307788,7.197041664520899,2,2,2,2,1,Bueno
2010-07-20,16.489858178382224,34.26004191123292,43.02956434632792,77.86113432272157,7.232749977707863,2,2,1,2,1,Bueno
2010-07-21,12.043873254681976,26.06529171069463,32.96999996178078,66.62854177966004,6.83016666173935,1,2,1,2,1,Bueno
2010-07-22,7.935244710712166,18.518412691260142,31.83107808265544,57.07482141823996,6.707549424981883,1,1,1,1,1,Muy Bueno
2010-07-23,10.37450705405692,21.157348569595452,25.482119555490605,71.23931561765217,6.752509507842843,1,1,1,2,1,Bueno
2010-07-24,10.12694444010655,21.36556817184795,20.54512681261353,79.51547626654308,6.738787865999973,1,1,1,2,1,Bueno
2010-07-25,6.466388901074727,15.203977275075335,17.02753623844921,71.794196333204,6.69117423711401,1,1,1,2,1,Bueno
2010-07-26,9.812708345552286,18.216501919488945,25.828079701765724,66.16772456940063,6.688060847525361,1,1,1,2,1,Bueno
2010-07-27,10.983750017980734,24.892840920072615,35.339089250304006,70.47657748063405,6.77821970076272,1,1,1,2,1,Bueno
2010-07-28,17.03314690489869,35.02666661414233,62.317449821583345,59.947500126702444,7.482462124391035,2,2,2,1,1,Bueno
2010-07-29,13.246250021788809,28.90439397186944,42.47914390702934,65.92824419907161,7.255492427132347,1,2,1,2,1,Bueno
2010-07-30,8.172013884617222,18.09555121294157,31.36920664055321,62.90181567697298,6.804685046353678,1,1,1,2,1,Bueno
2010-07-31,15.877708378765318,32.36170835395654,43.48341655914248,66.4972320972454,7.145333329836528,2,2,1,2,1,Bueno
2010-08-01,17.69013892031378,37.65266661842664,33.002054295336556,72.08261894328254,7.104979094102293,2,2,1,2,1,Bueno
2010-08-02,17.983021562048,41.17557386003557,39.66919476530525,67.38371609056824,6.987651835569003,2,2,1,2,1,Bueno
2010-08-03,6.238819439791971,16.374144513797397,21.586793437384177,65.4164285489491,6.688106072671486,1,1,1,2,1,Bueno
2010-08-04,8.232847227818436,19.05825094578384,26.9074456644231,64.46961307525635,6.809924246686878,1,1,1,2,1,Bueno
2010-08-05,7.459305523998207,15.750984809615396,23.575245023855498,62.12565457820892,6.677121196732377,1,1,1,2,1,Bueno
2010-08-06,10.314861108031538,24.070227207559526,30.407407432132295,75.69002973749524,6.904507580128583,1,1,1,2,1,Bueno
2010-08-07,15.526944494081867,33.18761360374364,35.43346022695735,70.59880918122474,7.049962126847469,2,2,1,2,1,Bueno
2010-08-08,19.448333342870075,39.452196977355264,43.199452485481316,53.70093385641833,7.234999983599692,2,2,1,1,1,Bueno
2010-08-09,36.47444434298409,68.66159699443628,41.75462958459501,56.46724457637444,6.967777784854647,3,3,1,1,1,Regular
2010-08-10,52.35356053439054,104.30325399126325,47.28883158476046,54.82851210927468,6.812763176466289,3,4,1,1,1,Malo
2010-08-11,27.236618715653318,66.15864859584676,46.33390777144499,70.46254413624956,7.084085120546057,2,3,1,2,1,Regular
2010-08-12,17.20951386458344,37.367916612914115,42.312103247831736,64.03104142596324,7.318958324193955,2,2,1,2,1,Bueno
2010-08-13,5.459513893143998,14.567159089175137,14.924163301271271,64.31321670959046,6.4478333284457525,1,1,1,2,1,Bueno
2010-08-14,4.882847222603029,9.495795492873047,14.693551598560243,78.47652786307864,6.4253333350022634,1,1,1,2,1,Bueno
2010-08-15,8.32230770504558,16.930909114353586,17.165833314259846,76.27861114343007,6.588833343982697,1,1,1,2,1,Bueno
2010-08-16,13.216805600457722,27.594851936234367,17.981557714939118,71.38620468492162,6.507499993840853,1,2,1,2,1,Bueno
2010-08-17,12.005576967428892,23.296399961312613,31.491592937233175,55.745671497174165,6.54330543793395,1,1,1,1,1,Muy Bueno
2010-08-18,16.398630973838625,30.035224409439625,37.421562573148144,74.44755229095914,6.928374977906545,2,2,1,2,1,Bueno
2010-08-19,20.30880948475429,38.546666686351486,40.821510530180404,57.873452314308715,6.906875014305115,2,2,1,1,1,Bueno
2010-08-20,13.819345290462175,22.144134587202316,44.039912957347646,55.87324400742849,6.766166678071022,1,1,1,1,1,Muy Bueno
2010-08-21,14.723511886029016,23.581890997214195,47.927760406914686,62.200565480050585,7.040125019351641,1,1,1,2,1,Bueno
2010-08-22,11.582083368585224,22.006217944316376,28.275347222056652,70.47937490542729,6.952750001351038,1,1,1,2,1,Bueno
2010-08-23,9.47071427461647,22.973910308801212,30.414572463193696,52.455267765692305,6.667916636665662,1,1,1,1,1,Muy Bueno
2010-08-24,9.83416667225815,21.81750005330795,30.243895682459293,54.16271655239276,6.7169583410024645,1,1,1,1,1,Muy Bueno
2010-08-25,10.648630916362716,22.057660225110176,57.31064228051238,51.94321427316893,7.32266665995121,1,1,2,1,1,Bueno
2010-08-26,15.83922159100721,36.08134606709847,61.97064240939088,47.087172626029876,7.852124979098638,2,2,2,1,1,Bueno
2010-08-27,10.3417857502188,23.647724357935097,37.54857635539439,53.022499900488626,7.01225000123183,1,1,1,1,1,Muy Bueno
2010-08-28,11.763928535793509,23.89227571701392,27.178941029641365,72.83619045075916,6.8734999865293505,1,1,1,2,1,Bueno
2010-08-29,9.536785702265444,18.714741901428468,22.087150458951967,72.53505958545776,6.808833334843317,1,1,1,2,1,Bueno
2010-08-30,8.415714298685392,17.742243613952244,40.90277773846862,68.2547619541486,7.262791685263315,1,1,1,2,1,Bueno
2010-08-31,16.159107194060372,38.03189107393607,44.17329200812146,60.41300594948587,7.287874987721443,2,2,1,2,1,Bueno
2010-09-01,16.883795101958587,38.96301278548363,37.072274381915726,49.21907742960112,7.016791663567225,2,2,1,1,1,Bueno
2010-09-02,15.281904761280332,26.421794860790936,50.19678254666536,39.156785732223874,7.022677802640524,2,2,2,1,1,Bueno
2010-09-03,10.434935900645378,21.302354834925744,45.49871028859708,58.97285713894026,6.858689966160137,1,1,1,1,1,Muy Bueno
2010-09-04,13.887032251973306,28.134381266341958,56.65110109796744,61.03904019789799,7.083083677922051,1,2,2,2,1,Bueno
2010-09-05,16.004444460488028,30.039548666940796,59.835525371890135,62.472564186805336,6.992175916830699,2,2,2,2,1,Bueno
2010-09-06,17.08274506120121,36.495830626406914,66.24240639970476,39.256541953279964,7.4052444563971624,2,2,2,1,1,Bueno
2010-09-07,7.672023795190311,25.53266025430117,20.770260450740654,57.35351189261391,6.650333338975907,1,2,1,1,1,Bueno
2010-09-08,5.69458333509309,12.375897422814981,26.571597242520916,58.30839286815552,6.60412499109904,1,1,1,1,1,Muy Bueno
2010-09-09,10.118869036081291,23.73397437731425,45.09425352265438,53.664791639362065,6.83470834294955,1,1,1,1,1,Muy Bueno
2010-09-10,10.3583928037967,25.544551273187,57.81480910711818,46.88223229561533,7.362750008702278,1,2,2,1,1,Bueno
2010-09-11,14.37422622420958,31.72416660648126,63.430416551729046,47.42749996270452,8.179499997695286,1,2,2,1,1,Bueno
2010-09-12,15.729940465163617,34.53996794116803,56.055937357246876,48.44928575129736,7.902833330631256,2,2,2,1,1,Bueno
2010-09-13,12.39636900027593,29.121121829900986,46.81699656860696,54.49916668591045,7.2667088719862925,1,2,1,1,1,Bueno
2010-09-14,10.956071427535443,28.23691318732749,64.94595455747562,49.97078308642629,7.579324906385398,1,2,2,1,1,Bueno
2010-09-15,15.186607174220539,38.22270959577253,69.58276607973356,35.58625003837404,8.129916662971178,2,2,2,1,1,Bueno
2010-09-16,17.50131735544719,36.616254173393635,54.5105114773678,40.57289555677727,6.977532464188415,2,2,2,1,1,Bueno
2010-09-17,9.298690490069843,18.158076899938095,41.25552819396408,35.38449843241451,6.832375013828278,1,1,1,1,1,Muy Bueno
2010-09-18,7.6710778581881955,13.163076918858748,28.836006994048756,43.150118955544066,6.550249995787938,1,1,1,1,1,Muy Bueno
2010-09-19,8.94493974691414,15.581794887016981,35.01020828800069,44.975029654446104,6.7902500112851465,1,1,1,1,1,Muy Bueno
2010-09-20,14.717544904012167,27.99661289415052,54.42008678449525,30.527559466305235,7.081416654586792,1,2,2,1,1,Bueno
2010-09-21,13.840357173411618,25.78022433932011,54.77942710949315,31.785148837736674,7.285666658480962,1,2,2,1,1,Bueno
2010-09-22,16.52732139896779,32.72214745711057,60.08791667968035,36.587946380887715,7.568541685740153,2,2,2,1,1,Bueno
2010-09-23,23.202619067260198,45.59842949952834,58.43171873191992,34.76211305672214,7.800334728911332,2,2,2,1,1,Bueno
2010-09-24,6.088095255905674,12.408365368843079,28.039479131086004,53.86092262892496,6.726708332697551,1,1,1,1,1,Muy Bueno
2010-09-25,4.6992215706916625,9.884423062587397,21.66663190556897,60.38586322466532,6.55991666217645,1,1,1,2,1,Bueno
2010-09-26,5.170958079263835,9.705144658732644,25.67624999417199,55.5185119169099,6.663708335161209,1,1,1,1,1,Muy Bueno
2010-09-27,9.695714309102012,20.721666689866627,49.2582118726439,40.53482145780609,7.357458328207334,1,1,1,1,1,Muy Bueno
2010-09-28,11.96720237178462,27.47487092941038,58.2795992612008,36.64788060045954,7.970125009616216,1,2,2,1,1,Bueno
2010-09-29,10.35005951992103,21.0079354863013,55.507690908180344,40.45416659400577,7.936125009258588,1,1,2,1,1,Bueno
2010-09-30,14.775297608403932,33.23884246433663,67.89259720606854,37.59047766016491,8.521124977866808,1,2,2,1,1,Bueno
2010-10-01,15.392619061328116,32.14067958165141,74.64755320887194,36.13137315066893,8.467531359844127,2,2,2,1,1,Bueno
2010-10-02,16.064999982714653,33.97945161634876,69.51850694666307,40.72086317127659,8.5909166653951,2,2,2,1,1,Bueno
2010-10-03,10.891369050457364,30.072025812707146,39.53119793037573,44.82354162846293,7.305875026186308,1,2,1,1,1,Bueno
2010-10-04,5.4273214276347845,10.174070516457924,29.596076430545914,44.86886906056177,7.087125013271968,1,1,1,1,1,Muy Bueno
2010-10-05,10.466250003093766,21.616410250847157,58.87857628862063,30.970537415547156,8.513541661699612,1,1,2,1,1,Bueno
2010-10-06,15.069702376921972,29.563569152470187,76.81501739886072,29.128895501948115,9.289874437962617,2,2,2,1,1,Bueno
2010-10-07,16.132618983586628,35.933333357175194,58.40583338505692,41.94202981208687,8.024666664997737,2,2,2,1,1,Bueno
2010-10-08,16.812083399011975,30.441914138227407,53.09076379239559,31.94849848460865,7.496455696564686,2,2,2,1,1,Bueno
2010-10-09,11.503214227301735,20.231442321569492,41.07133678760793,29.67779767655191,7.162500007947286,1,1,1,1,1,Muy Bueno
2010-10-10,5.4252976175575025,10.70012908520237,31.70053915936014,43.554107160795304,6.797041680415472,1,1,1,1,1,Muy Bueno
2010-10-11,10.300416651935805,18.10762822169524,54.29546090001645,22.62432835137666,7.482510468949832,1,1,2,1,1,Bueno
2010-10-12,6.448690469775881,11.641474386056265,31.03032983839512,40.55476195471628,7.042208344737689,1,1,1,1,1,Muy Bueno
2010-10-13,10.734601239485244,18.28169931695352,54.95262610891591,29.671253644174605,7.491476811437164,1,1,2,1,1,Bueno
2010-10-14,12.896726200268382,21.382692337036133,60.4525480686474,28.47784436962562,7.791882824199469,1,1,2,1,1,Bueno
2010-10-15,11.875476213438171,21.547820528348286,61.31141355191642,32.684084114727675,7.838041686018308,1,1,2,1,1,Bueno
2010-10-16,9.635297619161152,15.03720257519909,43.275312554505135,36.7464285663196,7.293739492151918,1,1,1,1,1,Muy Bueno
2010-10-17,6.428809513648351,10.936153854697178,24.20932288881805,48.66286570990263,6.914708336194356,1,1,1,1,1,Muy Bueno
2010-10-18,9.102023785312971,16.860512835857197,49.663663225041496,36.24538694322109,9.171791658798854,1,1,1,1,1,Muy Bueno
2010-10-19,15.484131743807993,29.446354813729563,79.74810437741488,18.08994044150625,11.315690397717464,2,2,2,1,1,Bueno
2010-10-20,20.591785754476273,37.19240386058123,93.334069416212,17.193065406311128,12.847291682163874,2,2,2,1,1,Bueno
2010-10-21,18.80820357728147,35.24572816712956,83.5788657064005,23.84211318265824,12.23191667397817,2,2,2,1,1,Bueno
2010-10-22,21.733571404502506,40.02540203536055,89.89419132730235,18.219613101510774,12.257999988396962,2,2,2,1,1,Bueno
2010-10-23,20.837261926560174,35.87044859543825,79.4628819409344,26.482708332084474,11.231833334763845,2,2,2,1,1,Bueno
2010-10-24,17.191131014199485,28.01737181326518,61.117329941994235,31.79435441014287,9.60062498052915,2,2,2,1,1,Bueno
2010-10-25,5.72279760596298,11.130865368323448,30.777561844027083,51.62938648645132,8.723708319664002,1,1,1,1,1,Muy Bueno
2010-10-26,14.104464308846564,30.491891076167423,72.07789931032393,25.911577408512432,12.153125025828679,1,2,2,1,1,Bueno
2010-10-27,17.881131028845196,37.15955136678158,93.2266667717033,14.281220231382619,13.950041659673055,2,2,2,1,1,Bueno
2010-10-28,23.573154710588,51.207942042703415,107.9197742872768,10.199255958199501,16.722708328564963,2,3,3,1,1,Regular
2010-10-29,20.084226168337324,45.45761591235534,73.14894090758429,27.169226301922684,12.951458279291789,2,2,2,1,1,Bueno
2010-10-30,4.620059534552551,8.048878201307394,29.508663184940815,45.094285737900506,7.42416665951411,1,1,1,1,1,Muy Bueno
2010-10-31,5.689404780311244,9.957660246353884,21.99151043055786,54.2239879937399,7.568166665236155,1,1,1,1,1,Muy Bueno
2010-11-01,6.085833327401252,9.727948732865162,21.78762157861557,54.42869044769378,8.662124997377395,1,1,1,1,1,Muy Bueno
2010-11-02,11.277023799362636,18.119421250567175,50.574295621954874,36.30107780345186,10.430714292686526,1,1,2,1,1,Bueno
2010-11-03,23.497797619728814,37.27900646588741,89.6456000784169,10.806536124413272,14.223193306882843,2,2,2,1,1,Bueno
2010-11-04,16.74839282745407,27.4257878015279,72.73924936590811,17.285568843344727,13.032142875575218,2,2,2,1,1,Bueno
2010-11-05,17.149345260290872,28.9214743520969,70.296311150064,17.15211943868381,12.160041670004526,2,2,2,1,1,Bueno
2010-11-06,15.72377241157486,24.073237244135296,64.68835074371762,20.71044640455927,10.286958366632462,2,1,2,1,1,Bueno
2010-11-07,8.825892876301493,13.109519224136303,43.254444432755314,28.44288698690278,9.048458341757456,1,1,1,1,1,Muy Bueno
2010-11-08,4.6801829276288425,14.136720771913405,31.937954596706202,50.04111459457979,8.211346941578144,1,1,1,1,1,Muy Bueno
2010-11-09,5.023961024237917,10.569899329803134,19.858105801071325,64.2034783017808,8.131040018081665,1,1,1,2,1,Bueno
2010-11-10,10.00499996968678,15.25150641416892,38.23688332716624,45.194166627195145,8.746477286020914,1,1,1,1,1,Muy Bueno
2010-11-11,12.75458334173475,22.144038455608563,52.849199957847595,30.011476269007392,9.021515135512207,1,1,2,1,1,Bueno
2010-11-12,20.589166717869894,33.248621787016205,71.3742833852768,13.915474858363913,11.556931831619956,2,2,2,1,1,Bueno
2010-11-13,17.21404763807853,24.25983972962086,61.50820006211599,18.02805006421044,10.11356061516386,2,1,2,1,1,Bueno
2010-11-14,11.217023792720976,14.361987198774631,48.859833262761434,22.39306408714783,8.312727295991147,1,1,1,1,1,Muy Bueno
2010-11-15,7.028571409128961,11.67766234046453,35.53503325978915,47.634261853183546,8.586666668906357,1,1,1,1,1,Muy Bueno
2010-11-16,9.771547638589428,16.169487229524513,59.55306677103042,25.80401115364351,10.006060628276883,1,1,2,1,1,Bueno
2010-11-17,8.142261913844518,12.137051304181417,45.40088331540426,29.959804959283897,8.355643928050995,1,1,1,1,1,Muy Bueno
2010-11-18,9.5894578307508,16.23948391406767,51.65301012833382,36.56248609913128,9.49225190941614,1,1,2,1,1,Bueno
2010-11-19,15.039107098465873,24.938664571081777,67.10706370308895,15.563005595059877,11.200923074208774,2,1,2,1,1,Bueno
2010-11-20,6.25220238417387,11.488269235079105,37.416700063149136,43.809804970839565,8.503636379133571,1,1,1,1,1,Muy Bueno
2010-11-21,6.299761925070059,10.328782042631737,27.862233329614003,48.914623964463765,8.081931827646313,1,1,1,1,1,Muy Bueno
2010-11-22,7.567559548431919,12.392980775007835,47.29193340977033,36.37810584429579,9.30901515212926,1,1,1,1,1,Muy Bueno
2010-11-23,12.304285724248205,22.389774164845868,72.11484856717915,18.573603369670206,10.867537904869426,1,1,2,1,1,Bueno
2010-11-24,13.187321393262772,21.750288494122334,70.54387957914219,16.06591666969988,13.140798459941443,1,1,2,1,1,Bueno
2010-11-25,11.33250000718094,18.224198729563984,64.26415408436378,17.170478880573327,12.92973078947801,1,1,2,1,1,Bueno
2010-11-26,6.925952371742044,12.293159640573135,55.658177292865254,29.62725503471385,13.17111539382201,1,1,2,1,1,Bueno
2010-11-27,7.0988095211131235,11.061634589464237,51.32928331057231,24.56717884007779,11.55072517977416,1,1,2,1,1,Bueno
2010-11-28,11.27380951884247,16.27073724109393,58.76791665792465,23.434707498484002,11.60871210423383,1,1,2,1,1,Bueno
2010-11-29,12.14999997048151,17.646250011447147,63.25386940654199,13.392696648166421,11.882348495902438,1,1,2,1,1,Bueno
2010-11-30,10.819285690784454,12.52301285091119,55.48328856173778,17.84643262825655,9.870151486360665,1,1,2,1,1,Bueno
2010-12-01,7.666130969921748,10.529262855266913,38.432020043291914,35.88918992394176,8.129618332586215,1,1,1,1,1,Muy Bueno
2010-12-02,8.007261902093887,12.989743587298271,48.94761748601926,28.251333309875594,9.211666663487753,1,1,1,1,1,Muy Bueno
2010-12-03,9.540125817622778,18.776312252215767,49.64277967881348,34.96704735131649,9.721098452806473,1,1,1,1,1,Muy Bueno
2010-12-04,9.383511899482636,15.209871373759205,63.654766693115235,18.641972225573326,12.840719692634813,1,1,2,1,1,Bueno
2010-12-05,10.381309495085763,15.122692339695417,58.373711775117,18.484750004609428,12.762765154694065,1,1,2,1,1,Bueno
2010-12-06,9.718404913241146,15.38439736770108,42.84999993135549,24.698422490375144,8.904478759839268,1,1,1,1,1,Muy Bueno
2010-12-07,7.482229298846737,10.465238104061205,47.27611895374485,27.345316079841265,8.636666693338533,1,1,1,1,1,Muy Bueno
2010-12-08,8.644940480589867,13.534843202252006,38.682239565584396,36.40297216706806,8.568666670719782,1,1,1,1,1,Muy Bueno
2010-12-09,13.062559522333599,16.33534724679258,57.5251190662384,14.470555542574989,11.101269846870785,1,1,2,1,1,Bueno
2010-12-10,11.117023800455389,22.376281936581318,56.46038331667582,16.309027777115503,13.237007551120989,1,1,2,1,1,Bueno
2010-12-11,15.730359304450943,22.52311888461711,50.424490758294056,7.934999995761448,11.778517104826953,2,1,2,1,1,Bueno
2010-12-12,21.70291664770671,30.534359032526993,59.11104999860128,6.354944449000889,13.85500002268589,2,2,2,1,1,Bueno
2010-12-13,31.088443100809336,52.194423058094124,83.70923185428116,5.833091920464816,17.284068470218788,3,3,2,1,1,Regular
2010-12-14,12.162455087293408,21.11980710382247,57.69183333237966,13.853249994913737,13.851515197392667,1,1,2,1,1,Bueno
2010-12-15,5.860892871306056,10.739391022003614,36.703366657892865,35.89550000379483,11.460227244731152,1,1,1,1,1,Muy Bueno
2010-12-16,7.6554166078567505,15.672297719227071,60.879666717847186,22.94821235204542,11.899809895359517,1,1,2,1,1,Bueno
2010-12-17,14.09759042133768,30.769225755814585,92.28013348261516,7.808111134337055,14.461249952966517,1,2,2,1,1,Bueno
2010-12-18,14.265714317205406,26.27801279532604,79.13081670125325,9.30749998771482,15.549507567376802,1,2,2,1,1,Bueno
2010-12-19,7.39517860469364,12.158333325997377,39.19119996786117,23.040611086951362,10.392916704669144,1,1,1,1,1,Muy Bueno
2010-12-20,8.650357129318374,14.49826924311809,55.9608833138148,20.269611057307984,10.277954538663229,1,1,2,1,1,Bueno
2010-12-21,8.809285671228455,11.013118972349014,65.06128351211548,19.246361113919153,9.71912546393536,1,1,2,1,1,Bueno
2010-12-22,6.220238105172203,8.62553054305135,57.473900037606555,27.716472166114382,8.956325754974827,1,1,2,1,1,Bueno
2010-12-23,6.71624999919108,9.95403842895459,44.54673899296534,32.20819444523917,9.043409071185373,1,1,1,1,1,Muy Bueno
2010-12-24,6.952321409824348,11.491704162677385,42.18321658929189,33.160416669978034,9.286553011699157,1,1,1,1,1,Muy Bueno
2010-12-25,8.430833319113368,12.886506406924664,46.30771666844686,25.173426201748647,11.810492438800408,1,1,1,1,1,Muy Bueno
2010-12-26,10.589940457826568,17.734903863607308,61.02176668246587,17.90422221024831,12.416931788126627,1,1,2,1,1,Bueno
2010-12-27,17.007797647090186,31.378141024173836,83.09811670621237,7.60259778606159,15.262643709950064,2,2,2,1,1,Bueno
2010-12-28,18.57755947290432,35.724358977415626,86.46971142676568,7.6038440167073755,18.577470383625258,2,2,2,1,1,Bueno
2010-12-29,17.25553570616813,31.651698693251,82.38908043673206,9.671559903282972,18.05613638596101,2,2,2,1,1,Bueno
2010-12-30,15.383988060411953,25.95307691891988,68.62133319060008,7.425250035193232,13.340530303391544,2,2,2,1,1,Bueno
2010-12-31,10.338809490203857,14.84439101585975,55.21821665445964,14.18661108745469,10.327689398418773,1,1,2,1,1,Bueno
2011-01-01,9.491597221957313,13.841993011794724,41.45776428011096,20.396735906600952,10.795726139021118,1,1,1,1,1,Muy Bueno
2011-01-02,9.340277777777779,14.069444444444445,48.39756944444444,15.232142857142858,11.725,1,1,1,1,1,Muy Bueno
2011-01-03,11.770833333333334,21.229166666666668,63.989583333333336,9.583333333333334,12.133891213389122,1,1,2,1,1,Bueno
2011-01-04,9.48611111111111,14.614583333333334,46.5625,13.416666666666666,8.883333333333333,1,1,1,1,1,Muy Bueno
2011-01-05,10.32638888888889,15.381944444444445,50.842013888888886,11.044642857142858,9.445378151260504,1,1,2,1,1,Bueno
2011-01-06,7.125,9.881944444444445,36.43055555555556,22.571428571428573,8.695833333333333,1,1,1,1,1,Muy Bueno
2011-01-07,14.291666666666666,27.95138888888889,41.25694444444444,28.24702380952381,8.7375,1,2,1,1,1,Bueno
2011-01-08,6.923611111111111,11.972222222222221,40.515625,34.044642857142854,8.345833333333333,1,1,1,1,1,Muy Bueno
2011-01-09,6.215277777777778,8.458333333333334,42.09375,36.80298507462687,8.7125,1,1,1,1,1,Muy Bueno
2011-01-10,7.506944444444445,12.4375,48.52777777777778,19.937313432835822,8.941666666666666,1,1,1,1,1,Muy Bueno
2011-01-11,6.229166666666667,11.288194444444445,37.88173913043478,36.26865671641791,8.920833333333333,1,1,1,1,1,Muy Bueno
2011-01-12,18.26388888888889,34.69097222222222,81.60069444444444,10.528358208955224,14.454166666666667,2,2,2,1,1,Bueno
2011-01-13,21.708333333333332,38.163763066202094,78.51041666666667,6.0625,15.079166666666667,2,2,2,1,1,Bueno
2011-01-14,21.93617021276596,37.958333333333336,78.98958333333333,6.431547619047619,16.23206751054852,2,2,2,1,1,Bueno
2011-01-15,15.833333333333334,25.54513888888889,66.76173913043478,10.773134328358209,14.458333333333334,2,2,2,1,1,Bueno
2011-01-16,15.097902097902098,21.708333333333332,56.751736111111114,14.029761904761905,12.558333333333334,2,1,2,1,1,Bueno
2011-01-17,32.00699300699301,44.302083333333336,75.86111111111111,4.761904761904762,13.283333333333333,3,2,2,1,1,Regular
2011-01-18,24.1875,37.62847222222222,81.35069444444444,6.479166666666667,15.966666666666667,2,2,2,1,1,Bueno
2011-01-19,22.53472222222222,38.322916666666664,77.37152777777777,6.157738095238095,14.7,2,2,2,1,1,Bueno
2011-01-20,10.944444444444445,20.09722222222222,59.10243055555556,15.572289156626505,13.966666666666667,1,1,2,1,1,Bueno
2011-01-21,4.4375,10.850694444444445,38.43826086956522,45.850746268656714,12.728033472803347,1,1,1,1,1,Muy Bueno
2011-01-22,4.729166666666667,8.875,35.369791666666664,46.57142857142857,12.775,1,1,1,1,1,Muy Bueno
2011-01-23,6.229166666666667,10.100694444444445,33.463541666666664,42.125,12.766666666666667,1,1,1,1,1,Muy Bueno
2011-01-24,8.92361111111111,17.073684210526316,60.21989528795812,29.657575757575756,14.046218487394958,1,1,2,1,1,Bueno
2011-01-25,12.79861111111111,26.17361111111111,76.75357142857143,18.94345238095238,16.025,1,2,2,1,1,Bueno
2011-01-26,11.748251748251748,23.442508710801395,75.74434782608695,17.163141993957705,14.558823529411764,1,1,2,1,1,Bueno
2011-01-27,11.909722222222221,18.92361111111111,66.26003490401396,12.891891891891891,11.733333333333333,1,1,2,1,1,Bueno
2011-01-28,6.875,9.604166666666666,48.052173913043475,31.20597014925373,8.661087866108787,1,1,1,1,1,Muy Bueno
2011-01-29,7.506944444444445,10.881944444444445,36.767361111111114,33.839285714285715,7.554166666666666,1,1,1,1,1,Muy Bueno
2011-01-30,11.243055555555555,13.909722222222221,48.123263888888886,22.410714285714285,8.329166666666667,1,1,1,1,1,Muy Bueno
2011-01-31,9.0,13.052083333333334,50.30381944444444,30.214285714285715,10.375,1,1,2,1,1,Bueno
2011-02-01,12.118055555555555,18.225694444444443,57.78125,27.303571428571427,10.8125,1,1,2,1,1,Bueno
2011-02-02,14.92361111111111,25.57638888888889,78.06086956521739,23.11904761904762,14.2,1,2,2,1,1,Bueno
2011-02-03,22.194444444444443,40.853658536585364,104.44270833333333,9.392857142857142,16.8,2,2,3,1,1,Regular
2011-02-04,22.176056338028168,40.88811188811189,102.26909722222223,10.398809523809524,17.020833333333332,2,2,3,1,1,Regular
2011-02-05,16.368055555555557,28.09375,84.30729166666667,14.136904761904763,14.754166666666666,2,2,2,1,1,Bueno
2011-02-06,16.07638888888889,25.836805555555557,78.73611111111111,18.523809523809526,14.845833333333333,2,2,2,1,1,Bueno
2011-02-07,15.887323943661972,33.818815331010455,88.94260869565217,15.532738095238095,16.379166666666666,2,2,2,1,1,Bueno
2011-02-08,18.0625,37.052083333333336,87.87085514834206,14.665671641791045,14.875,2,2,2,1,1,Bueno
2011-02-09,24.25,46.0625,96.33739130434783,13.404761904761905,15.2375,2,2,2,1,1,Bueno
2011-02-10,21.426573426573427,40.1219512195122,89.78048780487805,16.044776119402986,14.5625,2,2,2,1,1,Bueno
2011-02-11,23.56115107913669,41.975265017667844,86.57618213660245,18.363095238095237,14.1375,2,2,2,1,1,Bueno
2011-02-12,19.48611111111111,32.260416666666664,61.22569444444444,25.37797619047619,11.4125,2,2,2,1,1,Bueno
2011-02-13,8.48611111111111,16.975694444444443,37.791666666666664,36.961309523809526,8.2125,1,1,1,1,1,Muy Bueno
2011-02-14,5.180555555555555,10.534722222222221,28.541666666666668,52.63988095238095,7.55,1,1,1,1,1,Muy Bueno
2011-02-15,6.284722222222222,8.78125,47.592013888888886,32.48059701492537,7.449579831932773,1,1,1,1,1,Muy Bueno
2011-02-16,5.006944444444445,8.433566433566433,38.116724738675956,43.771771771771775,6.7740585774058575,1,1,1,1,1,Muy Bueno
2011-02-17,6.923611111111111,11.89236111111111,33.76521739130435,58.05688622754491,7.154166666666667,1,1,1,1,1,Muy Bueno
2011-02-18,11.027777777777779,20.40277777777778,57.74608695652174,32.99404761904762,8.573221757322175,1,1,2,1,1,Bueno
2011-02-19,9.272727272727273,14.23611111111111,51.177083333333336,18.660714285714285,7.3125,1,1,2,1,1,Bueno
2011-02-20,6.902777777777778,9.836805555555555,31.270833333333332,37.42857142857143,7.041666666666667,1,1,1,1,1,Muy Bueno
2011-02-21,6.852112676056338,13.637630662020905,27.824347826086957,54.14506172839506,7.179916317991632,1,1,1,1,1,Muy Bueno
2011-02-22,7.169014084507042,12.167832167832168,30.804537521815007,51.49101796407186,7.3247863247863245,1,1,1,1,1,Muy Bueno
2011-02-23,14.194444444444445,24.22222222222222,64.62891986062718,28.28955223880597,10.020833333333334,1,1,2,1,1,Bueno
2011-02-24,11.645833333333334,21.07638888888889,61.03180212014134,19.723214285714285,10.235294117647058,1,1,2,1,1,Bueno
2011-02-25,15.29861111111111,28.99652777777778,72.86140350877193,15.863095238095237,11.00418410041841,2,2,2,1,1,Bueno
2011-02-26,19.21527777777778,32.21180555555556,71.890625,22.31845238095238,11.670886075949367,2,2,2,1,1,Bueno
2011-02-27,4.465277777777778,9.42361111111111,22.20486111111111,56.919642857142854,7.85,1,1,1,1,1,Muy Bueno
2011-02-28,5.291666666666667,10.336805555555555,29.797153024911033,56.125,6.983333333333333,1,1,1,1,1,Muy Bueno
2011-03-01,6.041666666666667,9.17361111111111,27.847635726795097,58.26347305389221,7.15,1,1,1,1,1,Muy Bueno
2011-03-02,10.159722222222221,14.564459930313589,39.8499127399651,47.053892215568865,8.245833333333334,1,1,1,1,1,Muy Bueno
2011-03-03,13.36111111111111,19.477351916376307,47.03993055555556,38.294294294294296,8.841666666666667,1,1,1,1,1,Muy Bueno
2011-03-04,11.25,13.319444444444445,50.757839721254356,37.50892857142857,8.0125,1,1,2,1,1,Bueno
2011-03-05,7.748251748251748,11.400696864111499,40.63194444444444,52.76488095238095,8.616666666666667,1,1,1,1,1,Muy Bueno
2011-03-06,8.79861111111111,13.496527777777779,48.39409722222222,40.63095238095238,9.291666666666666,1,1,1,1,1,Muy Bueno
2011-03-07,12.340277777777779,31.211805555555557,46.114583333333336,45.06268656716418,9.529166666666667,1,2,1,1,1,Bueno
2011-03-08,13.5,34.06944444444444,40.05381944444444,61.64848484848485,8.95,1,2,1,2,1,Bueno
2011-03-09,13.909722222222221,30.470383275261323,36.5,50.78208955223881,8.25531914893617,1,2,1,1,1,Bueno
2011-03-10,18.09722222222222,45.87152777777778,44.639084507042256,34.967261904761905,9.025,2,2,1,1,1,Bueno
2011-03-11,16.17361111111111,36.25694444444444,57.610820244328096,24.788690476190474,9.845833333333333,2,2,2,1,1,Bueno
2011-03-12,7.305555555555555,10.524305555555555,33.963541666666664,43.94642857142857,7.316666666666666,1,1,1,1,1,Muy Bueno
2011-03-13,8.0,12.07986111111111,25.836805555555557,49.017857142857146,6.795833333333333,1,1,1,1,1,Muy Bueno
2011-03-14,7.965277777777778,14.20486111111111,39.126736111111114,44.282738095238095,7.516666666666667,1,1,1,1,1,Muy Bueno
2011-03-15,6.166666666666667,9.694444444444445,31.44965277777778,48.4089552238806,6.779166666666667,1,1,1,1,1,Muy Bueno
2011-03-16,8.13888888888889,14.159722222222221,36.22202797202797,51.3562874251497,6.858333333333333,1,1,1,1,1,Muy Bueno
2011-03-17,10.32824427480916,15.498181818181818,46.191071428571426,45.006006006006004,8.108333333333333,1,1,1,1,1,Muy Bueno
2011-03-18,10.923076923076923,19.317073170731707,60.07433628318584,34.9910447761194,9.0875,1,1,2,1,1,Bueno
2011-03-19,8.91851851851852,13.773851590106007,46.62390158172232,43.95795795795796,9.174468085106383,1,1,1,1,1,Muy Bueno
2011-03-20,7.266666666666667,11.973484848484848,45.38586956521739,44.19642857142857,10.328703703703704,1,1,1,1,1,Muy Bueno
2011-03-21,10.3515625,18.50915750915751,35.597096188747734,60.583333333333336,9.613333333333333,1,1,1,2,1,Bueno
2011-03-22,8.36111111111111,15.32986111111111,27.208041958041957,74.20238095238095,8.720833333333333,1,1,1,2,1,Bueno
2011-03-23,8.965277777777779,13.38888888888889,38.86818980667838,56.09969788519638,8.7625,1,1,1,1,1,Muy Bueno
2011-03-24,9.270833333333334,14.447916666666666,45.64335664335665,52.4251497005988,9.716666666666667,1,1,1,1,1,Muy Bueno
2011-03-25,14.32638888888889,28.49652777777778,48.25609756097561,51.970238095238095,8.791666666666666,1,2,1,1,1,Bueno
2011-03-26,18.118055555555557,37.763888888888886,39.62717770034843,41.270833333333336,7.508333333333334,2,2,1,1,1,Bueno
2011-03-27,6.291666666666667,9.909722222222221,21.00173611111111,67.72321428571429,6.229166666666667,1,1,1,2,1,Bueno
2011-03-28,7.916666666666667,13.958333333333334,34.336236933797906,69.37125748502994,6.641666666666667,1,1,1,2,1,Bueno
2011-03-29,7.432835820895522,12.666666666666666,34.95096322241681,62.28012048192771,6.904166666666667,1,1,1,2,1,Bueno
2011-03-30,8.805555555555555,12.989583333333334,31.51663747810858,67.92238805970149,6.8,1,1,1,2,1,Bueno
2011-03-31,13.361702127659575,24.512280701754385,62.64736842105263,35.4066265060241,8.584033613445378,1,1,2,1,1,Bueno
2011-04-01,14.868055555555555,27.45486111111111,65.07665505226481,42.21492537313433,8.341666666666667,1,2,2,1,1,Bueno
2011-04-02,17.541666666666668,49.420138888888886,53.427083333333336,40.336309523809526,7.616666666666666,2,2,2,1,1,Bueno
2011-04-03,26.041666666666668,70.11111111111111,52.171875,30.779761904761905,8.0125,2,3,2,1,1,Regular
2011-04-04,13.895833333333334,22.211805555555557,38.817708333333336,48.717261904761905,7.291666666666667,1,1,1,1,1,Muy Bueno
2011-04-05,16.880597014925375,34.3705035971223,49.48951048951049,38.08181818181818,7.1440677966101696,2,2,1,1,1,Bueno
2011-04-06,16.891666666666666,39.01136363636363,46.83449477351916,41.41916167664671,6.714285714285714,2,2,1,1,1,Bueno
2011-04-07,20.33076923076923,44.10948905109489,64.02816901408451,35.137614678899084,7.293103448275862,2,2,2,1,1,Bueno
2011-04-08,21.84027777777778,49.31597222222222,83.16202090592334,33.88622754491018,8.0,2,2,2,1,1,Bueno
2011-04-09,28.59722222222222,65.07368421052631,62.640707964601766,41.79940119760479,7.829166666666667,2,3,2,1,1,Regular
2011-04-10,19.40277777777778,42.19444444444444,40.720486111111114,54.210210210210214,6.504166666666666,2,2,1,1,1,Bueno
2011-04-11,7.833333333333333,15.668989547038327,27.963541666666668,66.92215568862275,6.033333333333333,1,1,1,2,1,Bueno
2011-04-12,14.465277777777779,33.9375,35.49303135888502,68.65269461077844,6.063025210084033,1,2,1,2,1,Bueno
2011-04-13,11.965277777777779,27.16724738675958,54.213903743315505,49.15264797507788,6.564444444444445,1,2,2,1,1,Bueno
2011-04-14,14.895833333333334,31.802083333333332,65.89236111111111,43.598214285714285,7.316666666666666,1,2,2,1,1,Bueno
2011-04-15,9.277777777777779,18.78048780487805,36.358260869565214,73.88023952095809,6.425,1,1,1,2,1,Bueno
2011-04-16,13.381944444444445,24.666666666666668,23.333333333333332,79.16666666666667,6.054166666666666,1,1,1,2,1,Bueno
2011-04-17,10.368055555555555,17.524305555555557,21.364583333333332,85.46428571428571,5.891666666666667,1,1,1,2,1,Bueno
2011-04-18,10.090277777777779,23.30902777777778,33.17881944444444,79.83832335329342,6.187234042553191,1,1,1,2,1,Bueno
2011-04-19,12.527777777777779,25.43402777777778,28.53125,73.75892857142857,6.1375,1,2,1,2,1,Bueno
2011-04-20,10.368055555555555,16.913194444444443,26.583333333333332,57.07440476190476,6.1625,1,1,1,1,1,Muy Bueno
2011-04-21,10.1875,15.23263888888889,21.046875,66.44642857142857,6.545833333333333,1,1,1,2,1,Bueno
2011-04-22,3.832167832167832,7.086805555555555,17.22222222222222,72.09253731343284,5.9125,1,1,1,2,1,Bueno
2011-04-23,5.364285714285714,8.434027777777779,25.07638888888889,60.51190476190476,6.779166666666667,1,1,1,2,1,Bueno
2011-04-24,5.305555555555555,8.770833333333334,19.119791666666668,69.13988095238095,6.225,1,1,1,2,1,Bueno
2011-04-25,6.861111111111111,11.1875,27.306620209059233,66.67261904761905,6.050420168067227,1,1,1,2,1,Bueno
2011-04-26,9.29861111111111,12.315972222222221,31.472663139329807,74.16964285714286,6.121212121212121,1,1,1,2,1,Bueno
2011-04-27,15.243055555555555,21.12152777777778,38.0625,86.93452380952381,6.041666666666667,2,1,1,2,1,Bueno
2011-04-28,16.076923076923077,23.6993006993007,52.48173913043478,71.56417910447762,6.292887029288703,2,1,2,2,1,Bueno
2011-04-29,13.9375,22.163194444444443,35.96180555555556,76.6,6.104602510460251,1,1,1,2,1,Bueno
2011-04-30,7.743055555555555,11.98611111111111,27.755208333333332,66.76190476190476,6.020833333333333,1,1,1,2,1,Bueno
2011-05-01,6.840277777777778,10.465277777777779,23.68576388888889,71.4047619047619,6.1375,1,1,1,2,1,Bueno
2011-05-02,8.652777777777779,14.743055555555555,30.807291666666668,61.401785714285715,5.8625,1,1,1,2,1,Bueno
2011-05-03,11.722222222222221,18.444444444444443,45.54703832752613,43.41916167664671,6.108333333333333,1,1,1,1,1,Muy Bueno
2011-05-04,9.993055555555555,15.839721254355402,43.43826086956522,53.49850746268657,6.154811715481172,1,1,1,1,1,Muy Bueno
2011-05-05,11.493055555555555,19.3556338028169,50.35614035087719,50.529761904761905,6.567226890756302,1,1,2,1,1,Bueno
2011-05-06,13.4375,25.445993031358885,32.47222222222222,68.22916666666667,5.920168067226891,1,2,1,2,1,Bueno
2011-05-07,9.875,16.13888888888889,24.92695652173913,63.829850746268654,5.7364016736401675,1,1,1,2,1,Bueno
2011-05-08,6.930555555555555,13.052083333333334,28.352430555555557,59.56845238095238,5.770833333333333,1,1,1,1,1,Muy Bueno
2011-05-09,11.680555555555555,22.23263888888889,51.10956521739131,45.845238095238095,6.5,1,1,2,1,1,Bueno
2011-05-10,13.289855072463768,25.20921985815603,43.10526315789474,61.02121212121212,6.70995670995671,1,2,1,2,1,Bueno
2011-05-11,12.022900763358779,21.74909090909091,36.70996441281139,63.25705329153605,6.839285714285714,1,1,1,2,1,Bueno
2011-05-12,13.180555555555555,26.84027777777778,48.56944444444444,52.18452380952381,6.933333333333334,1,2,1,1,1,Bueno
2011-05-13,11.347222222222221,20.82638888888889,37.30034722222222,67.83532934131736,6.495798319327731,1,1,1,2,1,Bueno
2011-05-14,14.04861111111111,24.76736111111111,38.286458333333336,51.732142857142854,6.545833333333333,1,1,1,1,1,Muy Bueno
2011-05-15,4.763888888888889,11.559027777777779,16.22222222222222,69.3422619047619,5.979166666666667,1,1,1,2,1,Bueno
2011-05-16,8.25,15.17013888888889,27.984375,66.17611940298508,6.205882352941177,1,1,1,2,1,Bueno
2011-05-17,12.416666666666666,25.85763888888889,40.33506944444444,56.375,6.138655462184874,1,2,1,1,1,Bueno
2011-05-18,11.54861111111111,25.365853658536587,35.366956521739134,53.65074626865672,5.95,1,2,1,1,1,Bueno
2011-05-19,8.587412587412587,13.26923076923077,26.838541666666668,54.61377245508982,5.637130801687764,1,1,1,1,1,Muy Bueno
2011-05-20,10.3125,16.80902777777778,39.385416666666664,47.05059523809524,6.491666666666666,1,1,1,1,1,Muy Bueno
2011-05-21,12.069444444444445,19.850694444444443,35.317708333333336,73.14880952380952,5.958333333333333,1,1,1,2,1,Bueno
2011-05-22,11.729166666666666,19.510416666666668,35.145833333333336,68.38988095238095,5.9125,1,1,1,2,1,Bueno
2011-05-23,12.208333333333334,21.118055555555557,42.239583333333336,69.14759036144578,6.05,1,1,1,2,1,Bueno
2011-05-24,11.29861111111111,20.49652777777778,43.09722222222222,67.6955223880597,6.2125,1,1,1,2,1,Bueno
2011-05-25,13.916666666666666,25.680555555555557,55.078125,64.47321428571429,6.65,1,2,2,2,1,Bueno
2011-05-26,16.319444444444443,33.96853146853147,47.71006944444444,66.06547619047619,6.3625,2,2,1,2,1,Bueno
2011-05-27,13.868055555555555,23.76388888888889,39.342706502636204,49.95107033639144,5.758333333333334,1,1,1,1,1,Muy Bueno
2011-05-28,10.105263157894736,16.905797101449274,33.79272727272727,51.106583072100314,5.820960698689956,1,1,1,1,1,Muy Bueno
2011-05-29,12.098484848484848,21.565217391304348,23.071047957371224,66.36532507739938,5.669603524229075,1,1,1,2,1,Bueno
2011-05-30,13.152777777777779,24.550522648083625,30.73784722222222,48.82142857142857,5.7875,1,1,1,1,1,Muy Bueno
2011-05-31,7.534722222222222,14.440972222222221,26.44097222222222,55.910714285714285,5.716666666666667,1,1,1,1,1,Muy Bueno
2011-06-01,5.340277777777778,12.322916666666666,20.469352014010507,70.80298507462686,5.508333333333334,1,1,1,2,1,Bueno
2011-06-02,8.666666666666666,19.038194444444443,22.322916666666668,77.02388059701492,5.5875,1,1,1,2,1,Bueno
2011-06-03,9.284722222222221,16.27526132404181,29.164930555555557,80.32440476190476,5.7875,1,1,1,2,1,Bueno
2011-06-04,8.908450704225352,15.136842105263158,32.62717770034843,69.2065868263473,5.848101265822785,1,1,1,2,1,Bueno
2011-06-05,8.397163120567376,13.357692307692307,27.963414634146343,70.05988023952096,5.831932773109243,1,1,1,2,1,Bueno
2011-06-06,10.82638888888889,17.98181818181818,45.00694444444444,56.532738095238095,5.8125,1,1,1,1,1,Muy Bueno
2011-06-07,8.770833333333334,13.368055555555555,41.81913043478261,51.43154761904762,5.8,1,1,1,1,1,Muy Bueno
2011-06-08,8.17361111111111,12.645833333333334,32.650877192982456,56.107142857142854,5.9125,1,1,1,1,1,Muy Bueno
2011-06-09,12.256944444444445,22.055555555555557,39.18989547038328,62.48511904761905,6.004166666666666,1,1,1,2,1,Bueno
2011-06-10,11.569444444444445,19.649305555555557,37.03304347826087,61.645833333333336,5.933333333333334,1,1,1,2,1,Bueno
2011-06-11,8.552447552447552,15.304195804195805,27.963541666666668,57.794642857142854,5.7875,1,1,1,1,1,Muy Bueno
2011-06-12,10.569444444444445,18.24652777777778,32.74305555555556,55.99107142857143,6.116666666666666,1,1,1,1,1,Muy Bueno
2011-06-13,9.61111111111111,17.666666666666668,38.505226480836235,56.0089552238806,5.995798319327731,1,1,1,1,1,Muy Bueno
2011-06-14,11.57638888888889,22.100694444444443,43.7972027972028,59.47904191616767,6.2478991596638656,1,1,1,1,1,Muy Bueno
2011-06-15,15.0,26.714285714285715,49.33101045296167,60.955089820359284,6.556962025316456,1,2,1,2,1,Bueno
2011-06-16,12.04861111111111,22.90277777777778,41.67190226876091,60.84131736526946,6.184873949579832,1,1,1,2,1,Bueno
2011-06-17,10.881944444444445,22.22222222222222,41.420138888888886,58.116766467065865,6.154811715481172,1,1,1,1,1,Muy Bueno
2011-06-18,7.680555555555555,16.59722222222222,25.98090277777778,64.0922619047619,5.8625,1,1,1,2,1,Bueno
2011-06-19,11.32638888888889,20.90625,34.625,78.81547619047619,6.191666666666666,1,1,1,2,1,Bueno
2011-06-20,16.506944444444443,31.32404181184669,54.41913043478261,54.13988095238095,6.583333333333333,2,2,2,1,1,Bueno
2011-06-21,14.657342657342657,27.536585365853657,48.30281690140845,51.298507462686565,6.6625,1,2,1,1,1,Bueno
2011-06-22,14.041666666666666,29.864583333333332,43.75763016157989,53.523809523809526,6.4875,1,2,1,1,1,Bueno
2011-06-23,10.762237762237762,20.552447552447553,33.157986111111114,77.46130952380952,6.420833333333333,1,1,1,2,1,Bueno
2011-06-24,14.79020979020979,30.97222222222222,33.390625,85.90178571428571,6.433333333333334,1,2,1,2,1,Bueno
2011-06-25,17.202797202797203,32.68904593639576,43.763888888888886,77.07440476190476,6.85,2,2,1,2,1,Bueno
2011-06-26,18.88888888888889,40.29929577464789,31.86111111111111,84.38095238095238,6.616666666666666,2,2,1,2,1,Bueno
2011-06-27,20.5625,43.55281690140845,44.58680555555556,68.6875,7.257383966244726,2,2,1,2,1,Bueno
2011-06-28,23.843971631205672,52.38194444444444,51.91858407079646,59.40119760479042,7.407563025210084,2,3,2,1,1,Regular
2011-06-29,16.287769784172664,35.292857142857144,29.711775043936733,71.87687687687688,6.645021645021645,2,2,1,2,1,Bueno
2011-06-30,12.376811594202898,26.152482269503547,32.82105263157895,76.67462686567164,6.799145299145299,1,2,1,2,1,Bueno
2011-07-01,14.95138888888889,35.136842105263156,37.03362831858407,75.66071428571429,6.866108786610878,1,2,1,2,1,Bueno
2011-07-02,14.909722222222221,30.961805555555557,40.32465277777778,62.80952380952381,6.8625,1,2,1,2,1,Bueno
2011-07-03,14.15,29.53125,29.696180555555557,67.875,6.470833333333333,1,2,1,2,1,Bueno
2011-07-04,14.874125874125873,27.60763888888889,36.548500881834215,87.18960244648318,6.466666666666667,1,2,1,2,1,Bueno
2011-07-05,14.690647482014388,25.288194444444443,43.5063752276867,76.23870967741935,6.807531380753138,1,2,1,2,1,Bueno
2011-07-06,10.188811188811188,22.15277777777778,31.633879781420767,68.28155339805825,6.241525423728813,1,1,1,2,1,Bueno
2011-07-07,10.246376811594203,22.449122807017545,32.56169429097606,72.0192926045016,6.042735042735043,1,1,1,2,1,Bueno
2011-07-08,10.124087591240876,21.27177700348432,32.14102564102564,61.00645161290323,5.890756302521009,1,1,1,2,1,Bueno
2011-07-09,7.706293706293707,17.05574912891986,24.049907578558226,51.38187702265372,5.6,1,1,1,1,1,Muy Bueno
2011-07-10,7.671328671328672,14.177083333333334,26.27683615819209,69.68910256410257,5.470833333333333,1,1,1,2,1,Bueno
2011-07-11,15.161971830985916,29.75971731448763,54.45,63.99032258064516,6.050209205020921,2,2,2,2,1,Bueno
2011-07-12,12.11111111111111,29.636363636363637,39.38282647584973,57.78125,5.654166666666667,1,2,1,1,1,Bueno
2011-07-13,7.405594405594406,12.918727915194346,20.21217391304348,71.15522388059702,5.166666666666667,1,1,1,2,1,Bueno
2011-07-14,8.85,14.50354609929078,28.98018018018018,77.08035714285714,5.3464912280701755,1,1,1,2,1,Bueno
2011-07-15,12.179856115107913,22.30188679245283,34.4,77.83233532934132,5.425233644859813,1,1,1,2,1,Bueno
2011-07-16,13.631205673758865,25.318181818181817,42.455373406193075,69.95833333333333,5.893518518518518,1,2,1,2,1,Bueno
2011-07-17,6.1063829787234045,13.996212121212121,16.23913043478261,64.69642857142857,5.180555555555555,1,1,1,2,1,Bueno
2011-07-18,9.289855072463768,19.814545454545456,26.50886524822695,61.75297619047619,5.37280701754386,1,1,1,2,1,Bueno
2011-07-19,6.872340425531915,14.54861111111111,18.64521739130435,60.339285714285715,4.96652719665272,1,1,1,2,1,Bueno
2011-07-20,7.178571428571429,15.57394366197183,31.385416666666668,61.25892857142857,5.15,1,1,1,2,1,Bueno
2011-07-21,8.595744680851064,20.95035460992908,39.95070422535211,56.423780487804876,5.683333333333334,1,1,1,1,1,Muy Bueno
2011-07-22,11.104895104895105,25.305755395683452,21.72163120567376,74.60990712074303,5.204166666666667,1,2,1,2,1,Bueno
2011-07-23,8.57638888888889,19.73611111111111,16.51388888888889,78.11011904761905,5.170833333333333,1,1,1,2,1,Bueno
2011-07-24,6.811594202898551,14.32404181184669,13.21875,64.54761904761905,5.008333333333334,1,1,1,2,1,Bueno
2011-07-25,8.125,13.3125,17.38888888888889,57.67559523809524,4.995833333333334,1,1,1,1,1,Muy Bueno
2011-07-26,14.734375,23.252747252747252,39.27748691099477,53.36309523809524,5.533333333333333,1,1,1,1,1,Muy Bueno
2011-07-27,7.898305084745763,13.909090909090908,25.10839160839161,61.713432835820896,5.35,1,1,1,2,1,Bueno
2011-07-28,14.008547008547009,28.723484848484848,32.09391304347826,68.73873873873873,5.357142857142857,1,2,1,2,1,Bueno
2011-07-29,15.572649572649572,31.102272727272727,43.50348432055749,68.67664670658682,5.7364016736401675,2,2,1,2,1,Bueno
2011-07-30,15.205128205128204,24.37121212121212,29.67247386759582,97.16666666666667,5.5375,2,1,1,2,1,Bueno
2011-07-31,13.135593220338983,21.582375478927204,19.381533101045296,97.66964285714286,5.57563025210084,1,1,1,2,1,Bueno
2011-08-01,16.25,34.2092050209205,38.778985507246375,70.44345238095238,5.8657407407407405,2,2,1,2,1,Bueno
2011-08-02,12.703703703703704,33.53968253968254,24.04609929078014,69.41071428571429,5.18859649122807,1,2,1,2,1,Bueno
2011-08-03,12.058823529411764,16.96590909090909,35.59375,71.06845238095238,5.366666666666666,1,1,1,2,1,Bueno
2011-08-04,13.55084745762712,22.227272727272727,43.804577464788736,74.49107142857143,5.591666666666667,1,1,1,2,1,Bueno
2011-08-05,10.794871794871796,21.62878787878788,39.22163120567376,56.25074626865672,5.600840336134453,1,1,1,1,1,Muy Bueno
2011-08-06,7.708333333333333,17.742424242424242,22.90277777777778,61.651785714285715,5.3125,1,1,1,2,1,Bueno
2011-08-07,5.3,9.791666666666666,14.383680555555555,57.25892857142857,5.170833333333333,1,1,1,1,1,Muy Bueno
2011-08-08,7.4576271186440675,12.852272727272727,22.903508771929825,74.97289156626506,5.319327731092437,1,1,1,2,1,Bueno
2011-08-09,9.8,21.570342205323193,22.146596858638745,68.41964285714286,5.479166666666667,1,1,1,2,1,Bueno
2011-08-10,13.542372881355933,32.878787878787875,29.59027777777778,67.63690476190476,5.397489539748954,1,2,1,2,1,Bueno
2011-08-11,20.05,41.378787878787875,32.80735551663748,67.75223880597015,5.531380753138075,2,2,1,2,1,Bueno
2011-08-12,22.613445378151262,47.2007722007722,48.82198952879581,60.32634730538922,6.045833333333333,2,2,1,2,1,Bueno
2011-08-13,11.862068965517242,19.897338403041825,26.08159722222222,73.10714285714286,5.1375,1,1,1,2,1,Bueno
2011-08-14,16.610169491525422,26.015209125475284,33.579130434782606,68.75892857142857,5.3875,2,2,1,2,1,Bueno
2011-08-15,13.025,23.00378787878788,35.06944444444444,53.42857142857143,5.470833333333333,1,1,1,1,1,Muy Bueno
2011-08-16,14.816666666666666,27.446969696969695,54.76215277777778,52.36607142857143,5.966666666666667,1,2,2,1,1,Bueno
2011-08-17,14.708333333333334,26.481060606060606,53.197916666666664,51.163690476190474,6.2375,1,2,2,1,1,Bueno
2011-08-18,19.083333333333332,42.20532319391635,49.592013888888886,55.37797619047619,6.395833333333333,2,2,1,1,1,Bueno
2011-08-19,17.441666666666666,29.412451361867703,33.75,75.94940476190476,5.9875,2,2,1,2,1,Bueno
2011-08-20,17.866666666666667,37.06844106463878,32.70608695652174,66.27164179104477,5.820833333333334,2,2,1,2,1,Bueno
2011-08-21,15.428571428571429,27.72200772200772,22.00347222222222,71.81547619047619,5.55,2,2,1,2,1,Bueno
2011-08-22,14.23728813559322,23.659003831417625,21.09090909090909,64.41441441441441,5.334745762711864,1,1,1,2,1,Bueno
2011-08-23,13.966666666666667,25.238636363636363,36.224347826086955,59.91317365269461,5.53781512605042,1,2,1,1,1,Bueno
2011-08-24,10.208333333333334,19.564885496183205,31.527874564459932,66.54029850746268,5.322175732217573,1,1,1,2,1,Bueno
2011-08-25,10.3,22.170909090909092,43.12041884816754,49.8125,5.627615062761507,1,1,1,1,1,Muy Bueno
2011-08-26,6.145833333333333,13.645833333333334,19.858885017421603,58.032934131736525,5.277310924369748,1,1,1,1,1,Muy Bueno
2011-08-27,6.055555555555555,12.88888888888889,27.444444444444443,61.21791044776119,5.425,1,1,1,2,1,Bueno
2011-08-28,9.569444444444445,24.17361111111111,27.44097222222222,68.61011904761905,5.4625,1,1,1,2,1,Bueno
2011-08-29,12.694444444444445,27.600694444444443,54.02256944444444,54.50297619047619,6.166666666666667,1,2,2,1,1,Bueno
2011-08-30,10.61111111111111,24.557491289198605,49.970486111111114,58.916666666666664,6.075,1,1,1,1,1,Muy Bueno
2011-08-31,9.73611111111111,24.136363636363637,27.866319444444443,48.82738095238095,5.583333333333333,1,1,1,1,1,Muy Bueno
2011-09-01,7.666666666666667,16.12847222222222,29.90625,43.345238095238095,5.520833333333333,1,1,1,1,1,Muy Bueno
2011-09-02,5.895833333333333,11.854166666666666,25.192708333333332,56.848214285714285,5.279166666666667,1,1,1,1,1,Muy Bueno
2011-09-03,8.208333333333334,17.447916666666668,36.78472222222222,44.37202380952381,5.333333333333333,1,1,1,1,1,Muy Bueno
2011-09-04,7.277777777777778,13.40625,24.182291666666668,51.851190476190474,5.233333333333333,1,1,1,1,1,Muy Bueno
2011-09-05,7.888888888888889,15.428571428571429,39.88,55.06865671641791,5.628691983122363,1,1,1,1,1,Muy Bueno
2011-09-06,10.493055555555555,22.989583333333332,43.43554006968641,58.791666666666664,5.7615062761506275,1,1,1,1,1,Muy Bueno
2011-09-07,13.243055555555555,25.475694444444443,71.92695652173913,51.401785714285715,6.602510460251046,1,2,2,1,1,Bueno
2011-09-08,12.347222222222221,27.256944444444443,66.08202443280977,54.91916167664671,6.485355648535565,1,2,2,1,1,Bueno
2011-09-09,15.01388888888889,29.12847222222222,65.57465277777777,59.36309523809524,6.579166666666667,2,2,2,1,1,Bueno
2011-09-10,16.48201438848921,29.978798586572438,58.7972027972028,60.94940476190476,6.55,2,2,2,2,1,Bueno
2011-09-11,8.491666666666667,20.890151515151516,28.43659420289855,54.94047619047619,5.216666666666667,1,1,1,1,1,Muy Bueno
2011-09-12,10.7,23.825757575757574,57.81751824817518,48.089285714285715,6.254166666666666,1,1,2,1,1,Bueno
2011-09-13,16.191666666666666,34.68939393939394,69.2486388384755,50.36716417910448,6.848739495798319,2,2,2,1,1,Bueno
2011-09-14,13.10236220472441,29.805860805860807,48.22924187725632,50.768768768768766,6.26890756302521,1,2,1,1,1,Bueno
2011-09-15,10.659722222222221,28.229965156794425,43.39160839160839,50.773809523809526,5.529411764705882,1,2,1,1,1,Bueno
2011-09-16,15.652777777777779,36.138888888888886,54.1239092495637,52.07185628742515,5.620833333333334,2,2,2,1,1,Bueno
2011-09-17,16.881944444444443,33.1184668989547,45.947916666666664,55.57738095238095,5.316666666666666,2,2,1,1,1,Bueno
2011-09-18,7.534722222222222,16.305555555555557,22.369791666666668,66.38988095238095,4.9875,1,1,1,2,1,Bueno
2011-09-19,6.715277777777778,15.819444444444445,31.689895470383274,48.134730538922156,4.866108786610878,1,1,1,1,1,Muy Bueno
2011-09-20,11.11111111111111,26.177700348432055,54.72648083623693,42.02095808383233,5.298319327731092,1,2,2,1,1,Bueno
2011-09-21,15.069444444444445,38.18402777777778,66.75043630017451,42.13813813813814,5.380753138075314,2,2,2,1,1,Bueno
2011-09-22,17.8125,41.208333333333336,74.70701754385965,40.9134328358209,5.197478991596639,2,2,2,1,1,Bueno
2011-09-23,18.833333333333332,42.257839721254356,62.14685314685315,44.10746268656717,4.495798319327731,2,2,2,1,1,Bueno
2011-09-24,10.694444444444445,22.92361111111111,28.61284722222222,63.711309523809526,2.8583333333333334,1,1,1,2,1,Bueno
2011-09-25,12.45138888888889,25.78125,48.77430555555556,48.17261904761905,3.8291666666666666,1,2,1,1,1,Bueno
2011-09-26,17.75,36.46875,65.08216783216783,47.56716417910448,4.109704641350211,2,2,2,1,1,Bueno
2011-09-27,17.993055555555557,37.146341463414636,66.8339222614841,44.43413173652694,3.9916666666666667,2,2,2,1,1,Bueno
2011-09-28,16.34965034965035,33.78671328671329,70.04488330341113,32.43452380952381,4.054166666666666,2,2,2,1,1,Bueno
2011-09-29,16.0,33.41608391608391,60.45342706502636,38.80952380952381,3.8,2,2,2,1,1,Bueno
2011-09-30,16.256944444444443,30.919014084507044,43.42451154529307,53.49702380952381,3.058333333333333,2,2,1,1,1,Bueno
2011-10-01,19.858156028368793,31.473684210526315,28.42408376963351,61.392857142857146,2.4458333333333333,2,2,1,2,1,Bueno
2011-10-02,19.861538461538462,28.82181818181818,32.348134991119004,63.94345238095238,2.495833333333333,2,2,1,2,1,Bueno
2011-10-03,19.131944444444443,34.4280701754386,71.76041666666667,33.979166666666664,3.9125,2,2,2,1,1,Bueno
2011-10-04,15.61111111111111,31.864111498257838,67.47916666666667,47.288690476190474,4.154166666666667,2,2,2,1,1,Bueno
2011-10-05,15.784722222222221,35.55789473684211,72.08854166666667,37.05952380952381,4.129166666666666,2,2,2,1,1,Bueno
2011-10-06,17.32638888888889,39.887719298245614,72.77951388888889,23.87797619047619,4.404166666666667,2,2,2,1,1,Bueno
2011-10-07,12.167832167832168,34.29965156794425,33.463541666666664,39.17559523809524,2.775,1,2,1,1,1,Bueno
2011-10-08,5.166666666666667,15.32986111111111,19.208333333333332,51.73809523809524,2.1333333333333333,1,1,1,1,1,Muy Bueno
2011-10-09,7.06993006993007,15.270833333333334,23.89236111111111,39.970238095238095,2.4375,1,1,1,1,1,Muy Bueno
2011-10-10,12.194444444444445,27.680555555555557,55.66434782608696,28.398203592814372,4.158995815899582,1,2,2,1,1,Bueno
2011-10-11,15.034722222222221,36.30313588850174,77.88347826086957,20.402985074626866,4.7824267782426775,2,2,2,1,1,Bueno
2011-10-12,15.04861111111111,33.14930555555556,65.61631944444444,29.223214285714285,4.495833333333334,2,2,2,1,1,Bueno
2011-10-13,17.57638888888889,38.13028169014085,82.86631944444444,20.651785714285715,5.629166666666666,2,2,2,1,1,Bueno
2011-10-14,14.661157024793388,35.43006993006993,73.98958333333333,26.417910447761194,4.820833333333334,1,2,2,1,1,Bueno
2011-10-15,14.96551724137931,36.18021201413428,48.317626527050614,36.229166666666664,3.4208333333333334,1,2,1,1,1,Bueno
2011-10-16,16.375,35.736111111111114,59.232638888888886,33.93154761904762,3.9375,2,2,2,1,1,Bueno
2011-10-17,15.983333333333333,40.32752613240418,60.87847222222222,29.107142857142858,4.091666666666667,2,2,2,1,1,Bueno
2011-10-18,16.625,43.22222222222222,74.01909722222223,21.476190476190474,4.554166666666666,2,2,2,1,1,Bueno
2011-10-19,24.069565217391304,57.150877192982456,75.9825479930192,24.735119047619047,5.454166666666667,2,3,2,1,1,Regular
2011-10-20,5.0,15.20138888888889,26.96701388888889,45.976190476190474,2.620833333333333,1,1,1,1,1,Muy Bueno
2011-10-21,11.075,32.78819444444444,53.25694444444444,33.24404761904762,3.8916666666666666,1,2,2,1,1,Bueno
2011-10-22,15.125,36.927083333333336,53.10590277777778,34.19047619047619,4.1125,2,2,2,1,1,Bueno
2011-10-23,10.658333333333333,29.458333333333332,31.743055555555557,37.74107142857143,2.9375,1,2,1,1,1,Bueno
2011-10-24,8.17910447761194,14.689895470383275,34.29965156794425,33.286567164179104,2.6470588235294117,1,1,1,1,1,Muy Bueno
2011-10-25,7.638888888888889,14.062717770034844,28.274305555555557,39.92814371257485,2.908333333333333,1,1,1,1,1,Muy Bueno
2011-10-26,8.868055555555555,17.475694444444443,41.40940766550523,25.62797619047619,3.441666666666667,1,1,1,1,1,Muy Bueno
2011-10-27,9.402777777777779,14.679442508710801,35.646341463414636,33.20059880239521,3.066945606694561,1,1,1,1,1,Muy Bueno
2011-10-28,7.583333333333333,11.600694444444445,36.06597222222222,27.63095238095238,5.9,1,1,1,1,1,Muy Bueno
2011-10-29,7.811188811188811,11.822916666666666,33.625,30.610119047619047,4.466666666666667,1,1,1,1,1,Muy Bueno
2011-10-30,9.9375,16.569444444444443,36.91840277777778,25.642857142857142,4.3375,1,1,1,1,1,Muy Bueno
2011-10-31,14.82638888888889,25.23693379790941,50.33680555555556,17.970238095238095,5.245833333333334,1,2,2,1,1,Bueno
2011-11-01,14.534722222222221,23.364583333333332,44.47569444444444,22.779761904761905,3.716666666666667,1,1,1,1,1,Muy Bueno
2011-11-02,13.722222222222221,25.39236111111111,40.598958333333336,25.125,3.7583333333333333,1,2,1,1,1,Bueno
2011-11-03,7.243055555555555,11.586805555555555,36.22569444444444,34.732142857142854,3.2291666666666665,1,1,1,1,1,Muy Bueno
2011-11-04,7.236111111111111,10.791666666666666,45.4375,25.017857142857142,3.379166666666667,1,1,1,1,1,Muy Bueno
2011-11-05,7.256944444444445,9.703832752613241,30.283478260869565,33.810810810810814,3.4791666666666665,1,1,1,1,1,Muy Bueno
2011-11-06,6.993055555555555,11.565972222222221,32.38368055555556,39.163690476190474,4.166666666666667,1,1,1,1,1,Muy Bueno
2011-11-07,15.01388888888889,26.86111111111111,65.31597222222223,5.53134328358209,6.184100418410042,2,2,2,1,1,Bueno
2011-11-08,12.520833333333334,21.899305555555557,53.732173913043475,18.229166666666668,5.3,1,1,2,1,1,Bueno
2011-11-09,15.37062937062937,25.35763888888889,57.89756944444444,10.613095238095237,5.083333333333333,2,2,2,1,1,Bueno
2011-11-10,17.1875,26.395833333333332,54.173611111111114,7.815476190476191,5.4,2,2,2,1,1,Bueno
2011-11-11,14.965034965034965,25.04861111111111,57.16840277777778,11.955357142857142,6.146443514644352,1,2,2,1,1,Bueno
2011-11-12,10.784722222222221,15.555555555555555,31.65972222222222,29.047619047619047,6.025,1,1,1,1,1,Muy Bueno
2011-11-13,7.833333333333333,13.121527777777779,22.116319444444443,44.419642857142854,5.541666666666667,1,1,1,1,1,Muy Bueno
2011-11-14,8.555555555555555,16.48611111111111,35.64673913043478,36.48511904761905,4.583333333333333,1,1,1,1,1,Muy Bueno
2011-11-15,8.729166666666666,15.21602787456446,51.071174377224196,19.848214285714285,3.7333333333333334,1,1,2,1,1,Bueno
2011-11-16,10.657342657342657,21.15972222222222,49.08680555555556,21.077380952380953,4.9375,1,1,1,1,1,Muy Bueno
2011-11-17,11.797202797202797,20.445993031358885,50.58086956521739,14.540298507462687,6.907563025210084,1,1,2,1,1,Bueno
2011-11-18,9.82638888888889,17.01736111111111,45.40972222222222,27.0625,4.98744769874477,1,1,1,1,1,Muy Bueno
2011-11-19,6.402777777777778,8.621527777777779,27.380208333333332,41.11309523809524,4.920833333333333,1,1,1,1,1,Muy Bueno
2011-11-20,9.215277777777779,12.934027777777779,33.928695652173914,26.83582089552239,4.891666666666667,1,1,1,1,1,Muy Bueno
2011-11-21,10.23611111111111,19.29861111111111,42.289198606271775,16.705357142857142,5.38655462184874,1,1,1,1,1,Muy Bueno
2011-11-22,10.541666666666666,16.40972222222222,46.07142857142857,14.831831831831831,4.34453781512605,1,1,1,1,1,Muy Bueno
2011-11-23,9.159722222222221,13.093525179856115,36.529513888888886,25.28443113772455,6.7824267782426775,1,1,1,1,1,Muy Bueno
2011-11-24,12.506944444444445,22.211805555555557,50.61498257839721,23.650746268656718,6.8375,1,1,2,1,1,Bueno
2011-11-25,13.54861111111111,21.72222222222222,60.10590277777778,12.800595238095237,8.804166666666667,1,1,2,1,1,Bueno
2011-11-26,12.125,19.57986111111111,50.782986111111114,18.258928571428573,6.8625,1,1,2,1,1,Bueno
2011-11-27,14.993055555555555,21.78125,56.942708333333336,11.369047619047619,7.095833333333333,1,1,2,1,1,Bueno
2011-11-28,17.47222222222222,30.05902777777778,72.28298611111111,8.211309523809524,8.047826086956523,2,2,2,1,1,Bueno
2011-11-29,22.118055555555557,37.93402777777778,74.61605584642234,7.021021021021021,9.235807860262009,2,2,2,1,1,Bueno
2011-11-30,21.0625,36.03819444444444,73.86111111111111,8.211309523809524,9.108333333333333,2,2,2,1,1,Bueno
2011-12-01,20.444444444444443,33.62152777777778,64.08680555555556,6.401785714285714,7.658333333333333,2,2,2,1,1,Bueno
2011-12-02,8.42361111111111,13.65625,43.845486111111114,27.407738095238095,4.55,1,1,1,1,1,Muy Bueno
2011-12-03,10.625,17.489583333333332,58.50347222222222,14.404761904761905,6.708333333333333,1,1,2,1,1,Bueno
2011-12-04,14.930555555555555,21.80902777777778,54.59722222222222,8.976190476190476,6.566666666666666,1,1,2,1,1,Bueno
2011-12-05,15.291666666666666,24.913194444444443,60.623263888888886,11.764880952380953,6.966666666666667,2,1,2,1,1,Bueno
2011-12-06,7.048611111111111,11.510416666666666,38.723958333333336,30.30952380952381,4.7875,1,1,1,1,1,Muy Bueno
2011-12-07,19.34722222222222,31.621052631578948,60.107638888888886,5.955223880597015,7.416666666666667,2,2,2,1,1,Bueno
2011-12-08,17.319444444444443,26.28472222222222,62.28819444444444,8.321428571428571,8.791666666666666,2,2,2,1,1,Bueno
2011-12-09,20.458333333333332,32.00694444444444,62.41811846689895,5.235820895522388,8.158995815899582,2,2,2,1,1,Bueno
2011-12-10,18.07638888888889,22.926829268292682,51.24652777777778,3.9523809523809526,4.695833333333334,2,1,2,1,1,Bueno
2011-12-11,9.305555555555555,11.770833333333334,36.33506944444444,9.797619047619047,3.8875,1,1,1,1,1,Muy Bueno
2011-12-12,7.513888888888889,11.822916666666666,37.710479573712256,18.1609907120743,3.4541666666666666,1,1,1,1,1,Muy Bueno
2011-12-13,6.8125,12.041666666666666,29.992994746059544,32.66268656716418,3.0625,1,1,1,1,1,Muy Bueno
2011-12-14,6.861111111111111,12.027777777777779,29.65451388888889,34.354166666666664,3.183333333333333,1,1,1,1,1,Muy Bueno
2011-12-15,7.486111111111111,13.95486111111111,36.43455497382199,34.788690476190474,3.4125,1,1,1,1,1,Muy Bueno
2011-12-16,5.972222222222222,12.45138888888889,26.008833922261484,38.708333333333336,2.816666666666667,1,1,1,1,1,Muy Bueno
2011-12-17,6.715277777777778,12.0,33.029513888888886,38.13392857142857,3.591666666666667,1,1,1,1,1,Muy Bueno
2011-12-18,6.798611111111111,10.164335664335665,35.90972222222222,31.092261904761905,5.070833333333334,1,1,1,1,1,Muy Bueno
2011-12-19,11.98611111111111,21.100694444444443,64.95478260869565,13.710447761194029,6.65546218487395,1,1,2,1,1,Bueno
2011-12-20,21.083333333333332,39.072916666666664,79.04424778761062,5.203030303030303,10.059574468085106,2,2,2,1,1,Bueno
2011-12-21,31.930555555555557,54.5625,96.59511343804537,4.458966565349544,14.133891213389122,3,3,2,1,1,Regular
2011-12-22,19.233576642335766,35.895833333333336,83.85689354275742,5.085106382978723,12.284518828451883,2,2,2,1,1,Bueno
2011-12-23,23.65277777777778,41.4375,87.87826086956522,4.3125,12.525,2,2,2,1,1,Bueno
2011-12-24,6.4375,10.177083333333334,34.140625,23.386904761904763,8.775,1,1,1,1,1,Muy Bueno
2011-12-25,10.930555555555555,17.825783972125436,55.72569444444444,18.31547619047619,9.604166666666666,1,1,2,1,1,Bueno
2011-12-26,13.468531468531468,24.0,63.939236111111114,11.535714285714286,10.033333333333333,1,1,2,1,1,Bueno
2011-12-27,17.493055555555557,31.447916666666668,71.28993055555556,8.25297619047619,10.870833333333334,2,2,2,1,1,Bueno
2011-12-28,13.727272727272727,26.645833333333332,68.5,11.375,9.4875,1,2,2,1,1,Bueno
2011-12-29,8.652777777777779,16.211805555555557,47.44097222222222,26.12797619047619,8.016666666666667,1,1,1,1,1,Muy Bueno
2011-12-30,12.409722222222221,24.60763888888889,70.91493055555556,10.741071428571429,8.820833333333333,1,1,2,1,1,Bueno
2011-12-31,19.57638888888889,33.20209059233449,79.39930555555556,6.065476190476191,11.0418410041841,2,2,2,1,1,Bueno
2012-01-01,23.802816901408452,27.507142857142856,58.09375,10.741071428571429,9.775,2,2,2,1,1,Bueno
2012-01-02,6.381944444444445,9.11111111111111,27.069444444444443,35.75595238095238,4.7364016736401675,1,1,1,1,1,Muy Bueno
2012-01-03,13.13888888888889,22.479166666666668,64.9791304347826,11.164670658682635,8.02928870292887,1,1,2,1,1,Bueno
2012-01-04,19.375,31.885416666666668,80.51041666666667,6.226190476190476,11.0,2,2,2,1,1,Bueno
2012-01-05,25.65972222222222,38.84375,92.57118055555556,4.648809523809524,13.375,2,2,2,1,1,Bueno
2012-01-06,16.57638888888889,21.375,58.291666666666664,15.613095238095237,11.183333333333334,2,1,2,1,1,Bueno
2012-01-07,9.375,13.444444444444445,56.53993055555556,12.098214285714286,9.6,1,1,2,1,1,Bueno
2012-01-08,12.041666666666666,16.52777777777778,61.092013888888886,11.886904761904763,10.475,1,1,2,1,1,Bueno
2012-01-09,13.690140845070422,23.56597222222222,71.31423611111111,9.678571428571429,11.858333333333333,1,1,2,1,1,Bueno
2012-01-10,12.11111111111111,20.42361111111111,63.64448336252189,12.014880952380953,10.816666666666666,1,1,2,1,1,Bueno
2012-01-11,11.76388888888889,19.430555555555557,63.812056737588655,13.375,10.929166666666667,1,1,2,1,1,Bueno
2012-01-12,15.625,25.489583333333332,70.46006944444444,9.288690476190476,9.65,2,2,2,1,1,Bueno
2012-01-13,20.86111111111111,33.142361111111114,76.16493055555556,4.383928571428571,11.129166666666666,2,2,2,1,1,Bueno
2012-01-14,27.34027777777778,36.625,74.00173611111111,8.639880952380953,9.783333333333333,2,2,2,1,1,Bueno
2012-01-15,23.666666666666668,29.770833333333332,61.072916666666664,4.982142857142857,7.820833333333334,2,2,2,1,1,Bueno
2012-01-16,7.048951048951049,7.673913043478261,38.412173913043475,21.752238805970148,5.204166666666667,1,1,1,1,1,Muy Bueno
2012-01-17,9.0625,12.339160839160838,39.65565217391304,33.041916167664674,8.317991631799163,1,1,1,1,1,Muy Bueno
2012-01-18,13.88888888888889,20.833333333333332,66.07826086956521,11.306547619047619,9.129166666666666,1,1,2,1,1,Bueno
2012-01-19,19.72222222222222,28.87152777777778,76.9527972027972,6.9226190476190474,11.114406779661017,2,2,2,1,1,Bueno
2012-01-20,16.07638888888889,21.80902777777778,63.09027777777778,11.544642857142858,10.7125,2,1,2,1,1,Bueno
2012-01-21,8.875,12.427083333333334,46.96527777777778,19.035714285714285,9.441666666666666,1,1,1,1,1,Muy Bueno
2012-01-22,12.0625,16.42361111111111,54.17881944444444,10.491071428571429,9.0375,1,1,2,1,1,Bueno
2012-01-23,10.335820895522389,13.920863309352518,46.92184724689165,13.894894894894895,8.6,1,1,1,1,1,Muy Bueno
2012-01-24,10.13986013986014,16.5993031358885,51.940766550522646,19.44047619047619,9.6375,1,1,2,1,1,Bueno
2012-01-25,15.465277777777779,25.52777777777778,69.44483985765125,10.19047619047619,9.81858407079646,2,2,2,1,1,Bueno
2012-01-26,22.729166666666668,32.53472222222222,71.59363957597174,7.119047619047619,10.428571428571429,2,2,2,1,1,Bueno
2012-01-27,12.097902097902098,15.794425087108014,43.396521739130435,19.602985074626865,8.8125,1,1,1,1,1,Muy Bueno
2012-01-28,4.875,6.90625,24.56118881118881,40.20238095238095,6.5625,1,1,1,1,1,Muy Bueno
2012-01-29,5.034722222222222,7.204861111111111,27.06597222222222,40.24404761904762,5.95,1,1,1,1,1,Muy Bueno
2012-01-30,11.618055555555555,18.965156794425088,61.42334494773519,20.01492537313433,7.544303797468355,1,1,2,1,1,Bueno
2012-01-31,14.67361111111111,22.760416666666668,66.4608695652174,13.60179640718563,8.941176470588236,1,1,2,1,1,Bueno
2012-02-01,16.520833333333332,26.208333333333332,69.99479166666667,14.856716417910448,9.004166666666666,2,2,2,1,1,Bueno
2012-02-02,9.708333333333334,12.211805555555555,27.2,44.184615384615384,4.954166666666667,1,1,1,1,1,Muy Bueno
2012-02-03,8.645833333333334,11.899305555555555,22.616319444444443,54.54626865671642,4.533333333333333,1,1,1,1,1,Muy Bueno
2012-02-04,5.951388888888889,9.069444444444445,16.921875,55.69047619047619,4.233333333333333,1,1,1,1,1,Muy Bueno
2012-02-05,6.666666666666667,9.465277777777779,30.670731707317074,42.07784431137725,5.7521008403361344,1,1,1,1,1,Muy Bueno
2012-02-06,8.631944444444445,14.121527777777779,41.73090277777778,34.601190476190474,7.1,1,1,1,1,1,Muy Bueno
2012-02-07,5.194444444444445,7.319444444444445,31.56869565217391,36.22686567164179,6.45,1,1,1,1,1,Muy Bueno
2012-02-08,8.621428571428572,10.823321554770319,30.256993006993007,46.61309523809524,6.1125,1,1,1,1,1,Muy Bueno
2012-02-09,11.01418439716312,14.845614035087719,50.49389179755672,24.593373493975903,8.491525423728813,1,1,2,1,1,Bueno
2012-02-10,14.541666666666666,19.63888888888889,58.08506944444444,25.321428571428573,11.2,1,1,2,1,1,Bueno
2012-02-11,9.465277777777779,11.541666666666666,34.81944444444444,42.525373134328355,8.05,1,1,1,1,1,Muy Bueno
2012-02-12,8.569444444444445,11.465277777777779,30.645833333333332,45.68154761904762,6.466666666666667,1,1,1,1,1,Muy Bueno
2012-02-13,7.531468531468532,11.03125,30.086805555555557,47.67664670658683,6.690376569037657,1,1,1,1,1,Muy Bueno
2012-02-14,7.965277777777778,11.39236111111111,47.947460595446586,29.758208955223882,7.641025641025641,1,1,1,1,1,Muy Bueno
2012-02-15,7.524475524475524,10.787456445993032,39.890625,37.970238095238095,7.4625,1,1,1,1,1,Muy Bueno
2012-02-16,8.284722222222221,12.239583333333334,42.40347826086956,33.02095808383233,9.429166666666667,1,1,1,1,1,Muy Bueno
2012-02-17,8.715277777777779,13.208333333333334,43.03826086956522,38.23809523809524,8.525,1,1,1,1,1,Muy Bueno
2012-02-18,13.055555555555555,19.010416666666668,57.2784588441331,28.407738095238095,8.716666666666667,1,1,2,1,1,Bueno
2012-02-19,11.472222222222221,15.385416666666666,46.99094202898551,33.49702380952381,8.5875,1,1,1,1,1,Muy Bueno
2012-02-20,6.007692307692308,10.204379562043796,37.98729582577133,41.816770186335404,9.11504424778761,1,1,1,1,1,Muy Bueno
2012-02-21,11.908333333333333,22.136882129277566,73.57789855072464,16.85576923076923,12.226851851851851,1,1,2,1,1,Bueno
2012-02-22,11.62015503875969,20.073260073260073,68.65535714285714,23.77672955974843,12.257777777777777,1,1,2,1,1,Bueno
2012-02-23,12.397163120567376,22.526315789473685,74.33333333333333,23.915915915915917,12.649789029535865,1,1,2,1,1,Bueno
2012-02-24,11.923664122137405,23.39855072463768,75.83185840707965,20.049230769230768,12.200873362445416,1,1,2,1,1,Bueno
2012-02-25,13.51388888888889,22.993055555555557,65.66840277777777,24.702380952380953,10.775,1,1,2,1,1,Bueno
2012-02-26,20.38888888888889,29.239583333333332,65.83680555555556,29.87797619047619,10.820833333333333,2,2,2,1,1,Bueno
2012-02-27,7.972222222222222,14.427083333333334,48.048611111111114,33.874626865671644,9.359832635983263,1,1,1,1,1,Muy Bueno
2012-02-28,13.958333333333334,24.40625,64.42334494773519,28.91317365269461,9.606694560669457,1,1,2,1,1,Bueno
2012-02-29,16.979166666666668,27.74652777777778,67.49479166666667,27.589285714285715,9.1375,2,2,2,1,1,Bueno
2012-03-01,15.18705035971223,30.577464788732396,57.75438596491228,33.6777108433735,8.152542372881356,2,2,2,1,1,Bueno
2012-03-02,16.54225352112676,30.99651567944251,52.436521739130434,27.94047619047619,6.389121338912134,2,2,2,1,1,Bueno
2012-03-03,10.42361111111111,18.836805555555557,32.56944444444444,42.395833333333336,5.016666666666667,1,1,1,1,1,Muy Bueno
2012-03-04,7.145833333333333,13.527777777777779,28.45138888888889,38.24404761904762,5.020833333333333,1,1,1,1,1,Muy Bueno
2012-03-05,4.75,10.572916666666666,28.46875,49.529761904761905,6.941666666666666,1,1,1,1,1,Muy Bueno
2012-03-06,7.041666666666667,15.88888888888889,36.520833333333336,45.026785714285715,7.375,1,1,1,1,1,Muy Bueno
2012-03-07,8.277777777777779,17.714285714285715,46.170434782608694,42.157738095238095,7.2125,1,1,1,1,1,Muy Bueno
2012-03-08,12.444444444444445,30.0801393728223,60.01909722222222,32.69642857142857,9.779166666666667,1,2,2,1,1,Bueno
2012-03-09,9.433566433566433,21.115384615384617,49.751304347826085,33.713432835820896,8.728033472803347,1,1,1,1,1,Muy Bueno
2012-03-10,9.527777777777779,21.524305555555557,36.677083333333336,47.717261904761905,6.766666666666667,1,1,1,1,1,Muy Bueno
2012-03-11,8.75,18.024305555555557,42.54144620811287,37.691131498470945,7.529166666666667,1,1,1,1,1,Muy Bueno
2012-03-12,11.819444444444445,25.090592334494772,55.05052264808362,32.657738095238095,7.595833333333333,1,2,2,1,1,Bueno
2012-03-13,12.840277777777779,28.804195804195803,65.24564459930313,29.435820895522387,7.429166666666666,1,2,2,1,1,Bueno
2012-03-14,14.82638888888889,32.2972027972028,72.1413612565445,30.996996996996998,8.367088607594937,1,2,2,1,1,Bueno
2012-03-15,11.573426573426573,27.825783972125436,57.71826086956522,37.32835820895522,5.9625,1,2,2,1,1,Bueno
2012-03-16,13.006944444444445,32.00699300699301,39.19965277777778,50.794642857142854,4.475,1,2,1,1,1,Bueno
2012-03-17,12.166666666666666,25.9375,25.875,54.910714285714285,3.2375,1,2,1,1,1,Bueno
2012-03-18,4.944444444444445,10.479166666666666,18.5,59.595238095238095,2.908333333333333,1,1,1,1,1,Muy Bueno
2012-03-19,5.145833333333333,9.972222222222221,20.55902777777778,56.2955223880597,4.479166666666667,1,1,1,1,1,Muy Bueno
2012-03-20,5.5625,11.569444444444445,23.381533101045296,55.213855421686745,6.15,1,1,1,1,1,Muy Bueno
2012-03-21,8.069444444444445,11.375,34.95659722222222,38.035714285714285,2.9875,1,1,1,1,1,Muy Bueno
2012-03-22,12.048951048951048,21.37979094076655,55.401739130434784,23.770149253731343,5.125523012552302,1,1,2,1,1,Bueno
2012-03-23,11.027777777777779,20.461805555555557,54.48090277777778,31.886904761904763,7.358333333333333,1,1,2,1,1,Bueno
2012-03-24,10.354166666666666,18.104166666666668,41.447916666666664,50.148809523809526,4.766666666666667,1,1,1,1,1,Muy Bueno
2012-03-25,11.978260869565217,24.92753623188406,44.2536231884058,41.73208722741433,5.226086956521739,1,1,1,1,1,Muy Bueno
2012-03-26,11.583333333333334,27.50871080139373,40.264347826086954,44.648809523809526,4.637130801687764,1,2,1,1,1,Bueno
2012-03-27,14.20138888888889,28.89236111111111,39.987740805604204,54.287425149700596,5.754166666666666,1,2,1,1,1,Bueno
2012-03-28,17.368055555555557,30.65625,38.739583333333336,59.37014925373134,4.995833333333334,2,2,1,1,1,Bueno
2012-03-29,13.45138888888889,23.704626334519574,35.41901408450704,59.75223880597015,5.094420600858369,1,1,1,1,1,Muy Bueno
2012-03-30,11.223776223776223,23.65505226480836,48.001739130434785,48.47289156626506,4.578059071729958,1,1,1,1,1,Muy Bueno
2012-03-31,12.847222222222221,26.34375,51.861111111111114,45.3125,4.5,1,2,2,1,1,Bueno
2012-04-01,13.61111111111111,29.40625,43.060763888888886,54.104166666666664,3.879166666666667,1,2,1,1,1,Bueno
2012-04-02,9.652777777777779,20.989583333333332,34.61631944444444,50.67559523809524,3.1666666666666665,1,1,1,1,1,Muy Bueno
2012-04-03,7.319444444444445,14.135416666666666,33.25524475524475,48.25,3.1483050847457625,1,1,1,1,1,Muy Bueno
2012-04-04,8.5,11.98263888888889,39.213541666666664,31.889880952380953,3.0083333333333333,1,1,1,1,1,Muy Bueno
2012-04-05,7.590277777777778,11.57638888888889,22.74694589877836,50.98498498498498,2.49789029535865,1,1,1,1,1,Muy Bueno
2012-04-06,4.833333333333333,8.118055555555555,16.414930555555557,66.16964285714286,2.1791666666666667,1,1,1,2,1,Bueno
2012-04-07,5.021428571428571,7.767361111111111,16.79861111111111,61.97014925373134,2.175,1,1,1,2,1,Bueno
2012-04-08,7.833333333333333,12.26388888888889,35.078125,39.8125,3.1666666666666665,1,1,1,1,1,Muy Bueno
2012-04-09,7.652482269503546,13.709219858156029,40.66493055555556,41.25892857142857,3.408333333333333,1,1,1,1,1,Muy Bueno
2012-04-10,9.364963503649635,18.657342657342657,32.85565217391304,48.62797619047619,2.75,1,1,1,1,1,Muy Bueno
2012-04-11,6.729166666666667,12.961538461538462,21.81597222222222,64.7827380952381,2.5254237288135593,1,1,1,2,1,Bueno
2012-04-12,7.145833333333333,14.5,34.85739130434783,43.60597014925373,3.6092436974789917,1,1,1,1,1,Muy Bueno
2012-04-13,7.049645390070922,11.65625,24.41083916083916,58.3125,2.9291666666666667,1,1,1,1,1,Muy Bueno
2012-04-14,6.708333333333333,11.26388888888889,17.67013888888889,68.57142857142857,2.4291666666666667,1,1,1,2,1,Bueno
2012-04-15,6.075187969924812,8.931407942238268,18.27787610619469,65.93846153846154,2.7860262008733625,1,1,1,2,1,Bueno
2012-04-16,7.0396825396825395,13.496296296296297,19.157608695652176,75.02830188679245,2.855855855855856,1,1,1,2,1,Bueno
2012-04-17,9.46923076923077,18.632727272727273,37.17486338797814,47.32710280373832,3.6123348017621146,1,1,1,1,1,Muy Bueno
2012-04-18,7.270833333333333,14.60763888888889,21.09090909090909,65.08333333333333,2.6125,1,1,1,2,1,Bueno
2012-04-19,7.208333333333333,12.15625,20.94240837696335,67.51785714285714,2.5875,1,1,1,2,1,Bueno
2012-04-20,8.840277777777779,13.98263888888889,23.836805555555557,62.26190476190476,2.7875,1,1,1,2,1,Bueno
2012-04-21,8.54861111111111,13.649305555555555,21.211805555555557,48.211309523809526,2.5,1,1,1,1,1,Muy Bueno
2012-04-22,6.846153846153846,10.319444444444445,17.03472222222222,62.035714285714285,2.3666666666666667,1,1,1,2,1,Bueno
2012-04-23,8.083333333333334,15.783216783216783,21.422608695652173,63.22089552238806,2.4625,1,1,1,2,1,Bueno
2012-04-24,7.375,13.010416666666666,18.296875,74.64864864864865,2.3375,1,1,1,2,1,Bueno
2012-04-25,10.216783216783217,20.71527777777778,27.390625,59.51975683890578,2.5208333333333335,1,1,1,1,1,Muy Bueno
2012-04-26,9.104895104895105,13.947916666666666,27.37326388888889,52.109422492401215,2.433333333333333,1,1,1,1,1,Muy Bueno
2012-04-27,8.288732394366198,14.95138888888889,35.40625,31.45508982035928,3.0166666666666666,1,1,1,1,1,Muy Bueno
2012-04-28,4.784722222222222,7.590277777777778,22.07638888888889,66.67261904761905,2.3208333333333333,1,1,1,2,1,Bueno
2012-04-29,6.347222222222222,9.70138888888889,21.51388888888889,65.39583333333333,2.2958333333333334,1,1,1,2,1,Bueno
2012-04-30,6.847222222222222,10.975694444444445,27.515625,56.44345238095238,2.425,1,1,1,1,1,Muy Bueno
2012-05-01,8.305555555555555,13.61111111111111,30.286458333333332,48.154761904761905,2.475,1,1,1,1,1,Muy Bueno
2012-05-02,8.70138888888889,13.340277777777779,30.37152777777778,51.967261904761905,2.7416666666666667,1,1,1,1,1,Muy Bueno
2012-05-03,11.402777777777779,20.06597222222222,47.822916666666664,29.62797619047619,3.1958333333333333,1,1,1,1,1,Muy Bueno
2012-05-04,7.388888888888889,12.315972222222221,30.953125,52.0,2.4208333333333334,1,1,1,1,1,Muy Bueno
2012-05-05,6.770833333333333,11.319444444444445,21.854166666666668,55.785714285714285,2.283333333333333,1,1,1,1,1,Muy Bueno
2012-05-06,7.256944444444445,10.878472222222221,22.85763888888889,50.470238095238095,2.3,1,1,1,1,1,Muy Bueno
2012-05-07,9.555555555555555,16.923344947735192,31.64808362369338,45.58682634730539,2.7016806722689077,1,1,1,1,1,Muy Bueno
2012-05-08,8.5,15.134057971014492,24.32456140350877,35.38507462686567,2.422594142259414,1,1,1,1,1,Muy Bueno
2012-05-09,10.38888888888889,18.822916666666668,38.30381944444444,34.89156626506024,2.970833333333333,1,1,1,1,1,Muy Bueno
2012-05-10,14.82638888888889,27.163194444444443,48.65565217391304,42.874626865671644,3.323529411764706,1,2,1,1,1,Bueno
2012-05-11,14.07638888888889,29.225694444444443,43.05902777777778,49.345238095238095,2.7666666666666666,1,2,1,1,1,Bueno
2012-05-12,18.659574468085108,41.125,48.116521739130434,44.06845238095238,3.058333333333333,2,2,1,1,1,Bueno
2012-05-13,13.69718309859155,28.789473684210527,29.608695652173914,48.089285714285715,2.2875,1,2,1,1,1,Bueno
2012-05-14,10.631205673758865,23.541666666666668,28.96875,53.976190476190474,2.1708333333333334,1,1,1,1,1,Muy Bueno
2012-05-15,8.909090909090908,20.458333333333332,19.993055555555557,70.03571428571429,2.217573221757322,1,1,1,2,1,Bueno
2012-05-16,12.901408450704226,27.069686411149824,36.96527777777778,64.47619047619048,2.654166666666667,1,2,1,2,1,Bueno
2012-05-17,19.602836879432623,48.06293706293706,43.75826086956522,52.997014925373136,3.0,2,2,1,1,1,Bueno
2012-05-18,15.573426573426573,41.12152777777778,32.307291666666664,63.88988095238095,2.4541666666666666,2,2,1,2,1,Bueno
2012-05-19,7.5,17.75,17.29861111111111,50.788690476190474,2.1708333333333334,1,1,1,1,1,Muy Bueno
2012-05-20,5.818181818181818,11.416666666666666,17.43402777777778,54.20238095238095,2.1041666666666665,1,1,1,1,1,Muy Bueno
2012-05-21,7.041666666666667,12.336805555555555,24.801393728222997,52.429429429429426,2.2489451476793247,1,1,1,1,1,Muy Bueno
2012-05-22,8.53191489361702,16.06597222222222,26.66782608695652,51.68955223880597,2.411764705882353,1,1,1,1,1,Muy Bueno
2012-05-23,8.157142857142857,15.213286713286713,31.643356643356643,49.62162162162162,2.7033898305084745,1,1,1,1,1,Muy Bueno
2012-05-24,10.916666666666666,20.78397212543554,40.86096256684492,67.30841121495327,2.8947368421052633,1,1,1,2,1,Bueno
2012-05-25,14.770833333333334,33.77700348432056,49.44869565217391,58.32335329341317,3.533333333333333,1,2,1,1,1,Bueno
2012-05-26,8.118055555555555,18.87847222222222,15.616319444444445,70.0297619047619,2.2583333333333333,1,1,1,2,1,Bueno
2012-05-27,7.3125,16.319444444444443,22.263620386643233,61.182370820668694,2.4125,1,1,1,2,1,Bueno
2012-05-28,9.363636363636363,21.93402777777778,29.223958333333332,64.63095238095238,2.7291666666666665,1,1,1,2,1,Bueno
2012-05-29,10.569444444444445,24.11149825783972,29.024347826086956,68.7172619047619,2.6736401673640167,1,1,1,2,1,Bueno
2012-05-30,13.840277777777779,30.185314685314687,46.89756944444444,54.25892857142857,3.453781512605042,1,2,1,1,1,Bueno
2012-05-31,15.062937062937063,35.23344947735192,44.702608695652174,62.833333333333336,3.3833333333333333,2,2,1,2,1,Bueno
2012-06-01,13.465277777777779,40.361111111111114,37.69965277777778,66.80654761904762,2.9583333333333335,1,2,1,2,1,Bueno
2012-06-02,19.125,58.59375,29.645833333333332,59.50892857142857,2.975,2,3,1,1,1,Regular
2012-06-03,8.61111111111111,22.157894736842106,13.661431064572426,64.20535714285714,2.2869198312236287,1,1,1,2,1,Bueno
2012-06-04,7.736111111111111,22.05072463768116,32.079787234042556,62.648809523809526,2.4473684210526314,1,1,1,2,1,Bueno
2012-06-05,10.692307692307692,30.822299651567945,28.551304347826086,69.74251497005989,2.7,1,2,1,2,1,Bueno
2012-06-06,8.277777777777779,29.662020905923345,20.45486111111111,36.92559523809524,2.5355648535564854,1,2,1,1,1,Bueno
2012-06-07,7.28169014084507,25.793706293706293,17.980836236933797,45.25525525525526,2.3445378151260505,1,2,1,1,1,Bueno
2012-06-08,7.067164179104478,20.014388489208635,23.328621908127207,61.285276073619634,2.4718614718614718,1,1,1,2,1,Bueno
2012-06-09,9.194444444444445,26.1875,26.050788091068302,59.096969696969694,2.5361702127659576,1,2,1,1,1,Bueno
2012-06-10,6.333333333333333,16.63888888888889,12.718804920913884,45.537993920972646,2.3175965665236054,1,1,1,1,1,Muy Bueno
2012-06-11,5.676258992805756,18.681978798586574,15.787769784172662,62.34493670886076,2.2739726027397262,1,1,1,2,1,Bueno
2012-06-12,6.18796992481203,15.617328519855596,14.394690265486725,56.32,2.222707423580786,1,1,1,1,1,Muy Bueno
2012-06-13,7.118055555555555,20.24390243902439,27.57940663176265,58.174174174174176,2.4875,1,1,1,1,1,Muy Bueno
2012-06-14,12.38888888888889,38.795138888888886,33.07478260869565,62.277611940298506,2.975,1,2,1,2,1,Bueno
2012-06-15,8.347222222222221,24.40418118466899,23.38715277777778,49.342261904761905,2.4375,1,1,1,1,1,Muy Bueno
2012-06-16,10.194444444444445,30.21875,21.630208333333332,38.70238095238095,2.3875,1,2,1,1,1,Bueno
2012-06-17,6.826388888888889,19.03472222222222,17.447916666666668,41.657738095238095,2.4583333333333335,1,1,1,1,1,Muy Bueno
2012-06-18,9.979020979020978,31.355400696864113,30.121739130434783,36.38392857142857,2.8291666666666666,1,2,1,1,1,Bueno
2012-06-19,15.895833333333334,43.707317073170735,28.777003484320556,41.25525525525526,2.7375,2,2,1,1,1,Bueno
2012-06-20,10.694444444444445,25.54861111111111,30.972076788830716,50.205357142857146,2.720833333333333,1,2,1,1,1,Bueno
2012-06-21,7.697183098591549,22.441696113074205,19.415357766143106,59.580357142857146,2.5274261603375527,1,1,1,1,1,Muy Bueno
2012-06-22,7.388888888888889,19.749128919860627,33.818815331010455,67.7820895522388,2.575,1,1,1,2,1,Bueno
2012-06-23,12.854166666666666,32.572916666666664,32.8125,69.9375,2.6458333333333335,1,2,1,2,1,Bueno
2012-06-24,13.722222222222221,31.760416666666668,29.953125,77.14029850746269,2.95,1,2,1,2,1,Bueno
2012-06-25,13.965277777777779,33.46527777777778,34.06666666666667,81.5939393939394,3.2041666666666666,1,2,1,2,1,Bueno
2012-06-26,18.256944444444443,48.142857142857146,45.57608695652174,61.74038461538461,3.279166666666667,2,2,1,2,1,Bueno
2012-06-27,32.798611111111114,101.90625,53.53804347826087,42.32398753894081,3.779166666666667,3,4,2,1,1,Malo
2012-06-28,51.326388888888886,159.94791666666666,29.734375,63.19940476190476,3.0166666666666666,3,4,1,2,1,Malo
2012-06-29,44.31468531468531,131.85714285714286,23.510416666666668,59.99107142857143,2.5125,3,4,1,1,1,Malo
2012-06-30,9.722222222222221,22.850694444444443,16.15826086956522,71.74328358208955,2.345833333333333,1,1,1,2,1,Bueno
2012-07-01,7.479166666666667,14.07638888888889,11.77951388888889,64.4702380952381,2.3833333333333333,1,1,1,2,1,Bueno
2012-07-02,9.0,18.717770034843205,25.37979094076655,61.83532934131737,2.6416666666666666,1,1,1,2,1,Bueno
2012-07-03,15.0,34.034843205574916,48.032986111111114,50.06547619047619,3.529166666666667,1,2,1,1,1,Bueno
2012-07-04,13.375,32.40766550522648,29.546875,55.57738095238095,2.808333333333333,1,2,1,1,1,Bueno
2012-07-05,8.902777777777779,21.07986111111111,21.40625,63.13690476190476,2.5,1,1,1,2,1,Bueno
2012-07-06,8.04861111111111,19.9375,22.408695652173915,56.086309523809526,2.7916666666666665,1,1,1,1,1,Muy Bueno
2012-07-07,8.875,24.850694444444443,25.08159722222222,53.797014925373134,2.6666666666666665,1,1,1,1,1,Muy Bueno
2012-07-08,7.461538461538462,18.195121951219512,17.2478184991274,62.13513513513514,2.433333333333333,1,1,1,2,1,Bueno
2012-07-09,9.772727272727273,23.905923344947734,34.00869565217391,59.28059701492537,2.7875,1,1,1,1,1,Muy Bueno
2012-07-10,9.526717557251908,25.40418118466899,25.196521739130436,68.1577380952381,2.4541666666666666,1,2,1,2,1,Bueno
2012-07-11,13.5,38.09027777777778,30.569444444444443,67.08035714285714,2.7958333333333334,1,2,1,2,1,Bueno
2012-07-12,10.52482269503546,23.118466898954704,32.927083333333336,70.44940476190476,2.944915254237288,1,1,1,2,1,Bueno
2012-07-13,13.58041958041958,37.05797101449275,39.15194346289753,60.25970149253731,3.3464912280701755,1,2,1,2,1,Bueno
2012-07-14,9.713286713286713,23.53030303030303,14.914855072463768,57.82089552238806,2.240740740740741,1,1,1,1,1,Muy Bueno
2012-07-15,10.97887323943662,24.50378787878788,15.96195652173913,71.11904761904762,2.5,1,1,1,2,1,Bueno
2012-07-16,14.125874125874127,36.025830258302584,21.844797178130513,68.03283582089553,2.6796536796536796,1,2,1,2,1,Bueno
2012-07-17,10.11111111111111,27.982578397212542,31.835376532399298,63.6966966966967,2.9581589958158996,1,2,1,2,1,Bueno
2012-07-18,13.29861111111111,35.91258741258741,39.76265270506108,67.38138138138139,3.1673640167364017,1,2,1,2,1,Bueno
2012-07-19,18.748251748251747,48.265957446808514,55.83542039355993,49.79503105590062,3.6694560669456067,2,2,2,1,1,Bueno
2012-07-20,18.854166666666668,49.069686411149824,41.07491289198606,54.208955223880594,3.142857142857143,2,2,1,1,1,Bueno
2012-07-21,11.008264462809917,25.15277777777778,16.07465277777778,69.49702380952381,2.45,1,2,1,2,1,Bueno
2012-07-22,6.483050847457627,16.03472222222222,13.848958333333334,73.36011904761905,2.3208333333333333,1,1,1,2,1,Bueno
2012-07-23,9.763358778625955,24.32638888888889,28.85763888888889,72.08035714285714,2.4541666666666666,1,1,1,2,1,Bueno
2012-07-24,18.76388888888889,51.920138888888886,28.59375,77.85119047619048,2.808333333333333,2,3,1,2,1,Regular
2012-07-25,19.13888888888889,54.501742160278745,29.375,75.64285714285714,3.05,2,3,1,2,1,Regular
2012-07-26,20.636363636363637,54.75179856115108,26.98073555166375,70.07552870090635,2.441666666666667,2,3,1,2,1,Regular
2012-07-27,14.888111888111888,35.82517482517483,27.18402777777778,71.15223880597014,2.341666666666667,1,2,1,2,1,Bueno
2012-07-28,14.808510638297872,28.805555555555557,21.585069444444443,74.24702380952381,2.4541666666666666,1,2,1,2,1,Bueno
2012-07-29,13.859154929577464,26.24652777777778,27.493055555555557,70.18452380952381,2.566666666666667,1,2,1,2,1,Bueno
2012-07-30,14.366197183098592,32.62587412587413,41.35078534031414,66.35522388059701,2.831223628691983,1,2,1,2,1,Bueno
2012-07-31,12.713286713286713,29.45296167247387,45.221254355400696,61.68862275449102,2.8151260504201683,1,2,1,2,1,Bueno
2012-08-01,10.514285714285714,27.752613240418118,34.42732049036778,62.894578313253014,2.3487394957983194,1,2,1,2,1,Bueno
2012-08-02,10.5625,27.052447552447553,38.06108202443281,57.234234234234236,2.288702928870293,1,2,1,1,1,Bueno
2012-08-03,11.26388888888889,24.54006968641115,29.466898954703833,68.24107142857143,2.2916666666666665,1,1,1,2,1,Bueno
2012-08-04,12.784722222222221,22.791666666666668,26.05034722222222,67.60119047619048,2.495833333333333,1,1,1,2,1,Bueno
2012-08-05,7.680555555555555,18.430555555555557,18.03472222222222,51.625,2.0166666666666666,1,1,1,1,1,Muy Bueno
2012-08-06,7.180555555555555,16.54861111111111,19.427083333333332,59.49107142857143,1.9833333333333334,1,1,1,1,1,Muy Bueno
2012-08-07,12.333333333333334,36.048611111111114,25.914930555555557,56.12797619047619,2.2333333333333334,1,2,1,1,1,Bueno
2012-08-08,12.17361111111111,36.354166666666664,24.208333333333332,66.93452380952381,2.341666666666667,1,2,1,2,1,Bueno
2012-08-09,23.21527777777778,68.48263888888889,47.39756944444444,44.86904761904762,2.9583333333333335,2,3,1,1,1,Regular
2012-08-10,34.083333333333336,96.29861111111111,51.795138888888886,33.61011904761905,3.3375,3,4,2,1,1,Malo
2012-08-11,26.78472222222222,76.06271777003484,40.13368055555556,43.29761904761905,3.2875,2,3,1,1,1,Regular
2012-08-12,13.0625,25.086805555555557,13.817708333333334,70.91666666666667,2.0791666666666666,1,2,1,2,1,Bueno
2012-08-13,11.37062937062937,25.606271777003485,26.775438596491227,58.36607142857143,2.2125,1,2,1,1,1,Bueno
2012-08-14,7.777777777777778,21.28125,18.523478260869567,54.41194029850746,2.0251046025104604,1,1,1,1,1,Muy Bueno
2012-08-15,9.01388888888889,21.15625,8.222222222222221,53.27462686567164,1.8583333333333334,1,1,1,1,1,Muy Bueno
2012-08-16,6.597222222222222,15.20138888888889,22.619546247818498,49.625,2.1,1,1,1,1,1,Muy Bueno
2012-08-17,14.57638888888889,39.10069444444444,44.76063829787234,43.582089552238806,2.99163179916318,1,2,1,1,1,Bueno
2012-08-18,23.875,82.67013888888889,39.06597222222222,48.089285714285715,3.1125,2,3,1,1,1,Regular
2012-08-19,27.774647887323944,81.64236111111111,23.069444444444443,55.032738095238095,2.6708333333333334,2,3,1,1,1,Regular
2012-08-20,33.0979020979021,98.44791666666667,40.532986111111114,39.74702380952381,2.95,3,4,1,1,1,Malo
2012-08-21,35.79020979020979,107.30313588850174,43.328125,33.098214285714285,3.1125,3,4,1,1,1,Malo
2012-08-22,35.77777777777778,104.11111111111111,37.282986111111114,40.63095238095238,2.941666666666667,3,4,1,1,1,Malo
2012-08-23,12.680555555555555,38.072916666666664,29.46875,53.0089552238806,2.1625,1,2,1,1,1,Bueno
2012-08-24,11.914285714285715,31.05902777777778,22.571180555555557,63.523809523809526,1.9875,1,2,1,2,1,Bueno
2012-08-25,6.335664335664336,14.246527777777779,14.473958333333334,57.651785714285715,1.8958333333333333,1,1,1,1,1,Muy Bueno
2012-08-26,8.242857142857142,18.95486111111111,22.84722222222222,62.342261904761905,2.0375,1,1,1,2,1,Bueno
2012-08-27,12.52112676056338,33.08070175438596,40.24652777777778,53.875,2.4458333333333333,1,2,1,1,1,Bueno
2012-08-28,9.75177304964539,26.51388888888889,33.538327526132406,56.888888888888886,2.4050632911392404,1,2,1,1,1,Bueno
2012-08-29,9.467625899280575,26.968641114982578,30.641739130434782,39.041666666666664,2.1458333333333335,1,2,1,1,1,Bueno
2012-08-30,9.615384615384615,29.63986013986014,21.875,63.875,2.091666666666667,1,2,1,2,1,Bueno
2012-08-31,5.559440559440559,17.657342657342657,12.249128919860627,55.455089820359284,1.8875,1,1,1,1,1,Muy Bueno
2012-09-01,6.715277777777778,14.21602787456446,12.046875,61.961309523809526,1.8958333333333333,1,1,1,2,1,Bueno
2012-09-02,6.125,12.449477351916377,11.387152777777779,69.81845238095238,2.025,1,1,1,2,1,Bueno
2012-09-03,8.166666666666666,16.6875,14.776041666666666,68.625,1.975,1,1,1,2,1,Bueno
2012-09-04,8.51063829787234,16.498257839721255,19.074782608695653,63.94642857142857,2.0543933054393304,1,1,1,2,1,Bueno
2012-09-05,12.985611510791367,21.968641114982578,30.947916666666668,64.91369047619048,2.45,1,1,1,2,1,Bueno
2012-09-06,16.04255319148936,30.006968641114984,44.453125,61.37202380952381,2.754166666666667,2,2,1,2,1,Bueno
2012-09-07,17.971014492753625,34.836879432624116,50.29195804195804,57.726190476190474,2.816666666666667,2,2,2,1,1,Bueno
2012-09-08,17.38235294117647,30.04626334519573,35.65972222222222,65.83928571428571,2.654166666666667,2,2,1,2,1,Bueno
2012-09-09,11.788321167883211,17.76388888888889,30.80902777777778,62.29761904761905,2.2375,1,1,1,2,1,Bueno
2012-09-10,18.444444444444443,31.74035087719298,42.27097902097902,53.14029850746269,2.4152542372881354,2,2,1,1,1,Bueno
2012-09-11,17.412587412587413,30.29513888888889,51.857142857142854,47.9251497005988,2.899159663865546,2,2,2,1,1,Bueno
2012-09-12,16.76595744680851,27.60763888888889,51.38394415357766,39.67261904761905,3.0294117647058822,2,2,2,1,1,Bueno
2012-09-13,5.837037037037037,11.715302491103202,20.017421602787458,51.75149700598802,1.9873417721518987,1,1,1,1,1,Muy Bueno
2012-09-14,9.705882352941176,19.447916666666668,44.661458333333336,39.68154761904762,2.2966101694915255,1,1,1,1,1,Muy Bueno
2012-09-15,9.79861111111111,18.15277777777778,45.579861111111114,43.24107142857143,2.3333333333333335,1,1,1,1,1,Muy Bueno
2012-09-16,13.307692307692308,25.23611111111111,55.817708333333336,41.717261904761905,3.0875,1,2,2,1,1,Bueno
2012-09-17,17.74468085106383,39.55072463768116,56.932291666666664,37.63095238095238,3.008403361344538,2,2,2,1,1,Bueno
2012-09-18,16.568345323741006,35.168539325842694,53.338541666666664,31.973214285714285,2.9625,2,2,2,1,1,Bueno
2012-09-19,13.814285714285715,23.975694444444443,23.436077057793344,53.75297619047619,1.9375,1,1,1,1,1,Muy Bueno
2012-09-20,17.797202797202797,37.34843205574913,25.25659050966608,51.461309523809526,1.8083333333333333,2,2,1,1,1,Bueno
2012-09-21,16.229166666666668,36.58680555555556,31.821678321678323,49.45970149253731,2.075,2,2,1,1,1,Bueno
2012-09-22,16.333333333333332,34.26132404181185,41.292682926829265,39.601190476190474,2.1958333333333333,2,2,1,1,1,Bueno
2012-09-23,12.838028169014084,27.24,31.67478260869565,28.678571428571427,2.275,1,2,1,1,1,Bueno
2012-09-24,6.243055555555555,11.913194444444445,17.75,52.18072289156626,1.8375,1,1,1,1,1,Muy Bueno
2012-09-25,6.965277777777778,15.059027777777779,20.55731922398589,49.07807807807808,1.794979079497908,1,1,1,1,1,Muy Bueno
2012-09-26,7.138888888888889,13.506944444444445,26.48521739130435,43.470238095238095,1.9083333333333334,1,1,1,1,1,Muy Bueno
2012-09-27,9.75886524822695,18.150877192982456,39.58510638297872,23.47878787878788,2.329113924050633,1,1,1,1,1,Muy Bueno
2012-09-28,9.71631205673759,13.305263157894737,31.680140597539545,16.162650602409638,2.2067510548523206,1,1,1,1,1,Muy Bueno
2012-09-29,5.006944444444445,8.215277777777779,19.48784722222222,36.51190476190476,1.8708333333333333,1,1,1,1,1,Muy Bueno
2012-09-30,6.951388888888889,11.23611111111111,27.819130434782608,37.95820895522388,1.9541666666666666,1,1,1,1,1,Muy Bueno
2012-10-01,12.090277777777779,20.927083333333332,53.27145359019264,24.714285714285715,2.5791666666666666,1,1,2,1,1,Bueno
2012-10-02,13.458333333333334,23.697916666666668,60.87434554973822,23.758208955223882,2.8625,1,1,2,1,1,Bueno
2012-10-03,15.166666666666666,25.20138888888889,62.97731239092496,29.70149253731343,3.134453781512605,2,2,2,1,1,Bueno
2012-10-04,16.65277777777778,27.506944444444443,71.625,29.361194029850747,3.5833333333333335,2,2,2,1,1,Bueno
2012-10-05,18.333333333333332,31.95138888888889,73.49652777777777,30.54328358208955,3.7041666666666666,2,2,2,1,1,Bueno
2012-10-06,19.25,30.71875,53.49131944444444,30.080597014925374,3.4166666666666665,2,2,2,1,1,Bueno
2012-10-07,17.305555555555557,28.711805555555557,52.19097222222222,26.220238095238095,2.8375,2,2,2,1,1,Bueno
2012-10-08,18.875,32.86805555555556,60.96335078534032,27.197604790419163,3.3375,2,2,2,1,1,Bueno
2012-10-09,15.874125874125873,29.550522648083625,55.99649122807018,19.214285714285715,3.2468619246861925,2,2,2,1,1,Bueno
2012-10-10,11.084507042253522,22.90909090909091,38.77700348432056,16.145833333333332,2.6041666666666665,1,1,1,1,1,Muy Bueno
2012-10-11,7.527777777777778,13.98263888888889,23.13888888888889,34.529761904761905,1.8708333333333333,1,1,1,1,1,Muy Bueno
2012-10-12,7.236111111111111,13.79513888888889,24.822916666666668,29.449404761904763,1.6916666666666667,1,1,1,1,1,Muy Bueno
2012-10-13,5.569444444444445,9.479020979020978,25.131944444444443,35.895833333333336,1.7,1,1,1,1,1,Muy Bueno
2012-10-14,7.506944444444445,14.92013888888889,22.96875,43.46567164179105,1.675,1,1,1,1,1,Muy Bueno
2012-10-15,7.027777777777778,12.177083333333334,35.63368055555556,35.94345238095238,2.058333333333333,1,1,1,1,1,Muy Bueno
2012-10-16,10.243055555555555,19.174825174825173,51.13240418118467,20.410714285714285,2.907563025210084,1,1,2,1,1,Bueno
2012-10-17,14.833333333333334,27.913194444444443,63.677083333333336,23.654761904761905,3.6666666666666665,1,2,2,1,1,Bueno
2012-10-18,14.909722222222221,34.15972222222222,51.729166666666664,24.62797619047619,3.2958333333333334,1,2,2,1,1,Bueno
2012-10-19,8.11111111111111,13.54513888888889,36.03472222222222,33.071641791044776,2.1,1,1,1,1,1,Muy Bueno
2012-10-20,6.618055555555555,10.635416666666666,31.06076388888889,32.916666666666664,2.35,1,1,1,1,1,Muy Bueno
2012-10-21,9.865248226950355,14.449122807017543,40.47377622377623,22.271084337349397,3.0847457627118646,1,1,1,1,1,Muy Bueno
2012-10-22,15.166666666666666,24.05902777777778,58.88368055555556,12.125,3.9456066945606696,2,1,2,1,1,Bueno
2012-10-23,15.25,25.32867132867133,62.508710801393725,15.69277108433735,4.163179916317992,2,2,2,1,1,Bueno
2012-10-24,14.708333333333334,25.25,55.86561954624782,9.072289156626505,3.8451882845188283,1,2,2,1,1,Bueno
2012-10-25,7.076388888888889,11.895833333333334,35.29913043478261,21.663690476190474,2.3891213389121337,1,1,1,1,1,Muy Bueno
2012-10-26,6.253521126760563,10.305555555555555,36.21254355400697,30.02089552238806,2.1625,1,1,1,1,1,Muy Bueno
2012-10-27,7.216783216783217,11.174216027874564,30.156521739130437,27.973214285714285,2.8,1,1,1,1,1,Muy Bueno
2012-10-28,5.256944444444445,8.729166666666666,18.635416666666668,49.657738095238095,3.725,1,1,1,1,1,Muy Bueno
2012-10-29,9.34965034965035,17.40277777777778,53.35069444444444,18.17313432835821,4.429166666666666,1,1,2,1,1,Bueno
2012-10-30,10.972222222222221,16.09722222222222,51.14930555555556,12.041666666666666,5.095833333333333,1,1,2,1,1,Bueno
2012-10-31,8.625,14.027777777777779,37.885416666666664,24.791666666666668,3.191666666666667,1,1,1,1,1,Muy Bueno
2012-11-01,8.937062937062937,13.0,21.041666666666668,40.038805970149255,2.183333333333333,1,1,1,1,1,Muy Bueno
2012-11-02,7.270833333333333,11.65625,28.328125,37.61309523809524,2.475,1,1,1,1,1,Muy Bueno
2012-11-03,9.833333333333334,13.625,41.13715277777778,19.032738095238095,2.7666666666666666,1,1,1,1,1,Muy Bueno
2012-11-04,8.32638888888889,10.489583333333334,38.94444444444444,18.425595238095237,2.8375,1,1,1,1,1,Muy Bueno
2012-11-05,7.875,14.166666666666666,36.9895652173913,34.49390243902439,3.120833333333333,1,1,1,1,1,Muy Bueno
2012-11-06,7.666666666666667,12.850694444444445,34.50347222222222,26.45808383233533,6.03347280334728,1,1,1,1,1,Muy Bueno
2012-11-07,8.133802816901408,13.421052631578947,33.11304347826087,30.597014925373134,5.702928870292887,1,1,1,1,1,Muy Bueno
2012-11-08,9.965277777777779,13.447916666666666,46.08506944444444,12.151785714285714,5.333333333333333,1,1,1,1,1,Muy Bueno
2012-11-09,6.583333333333333,9.885416666666666,34.342013888888886,21.25595238095238,3.2416666666666667,1,1,1,1,1,Muy Bueno
2012-11-10,5.291666666666667,7.680555555555555,21.757839721254356,41.35928143712575,2.3333333333333335,1,1,1,1,1,Muy Bueno
2012-11-11,4.909722222222222,7.576388888888889,19.05034722222222,48.13988095238095,3.079497907949791,1,1,1,1,1,Muy Bueno
2012-11-12,6.444444444444445,10.196491228070176,32.484375,35.392857142857146,6.583333333333333,1,1,1,1,1,Muy Bueno
2012-11-13,6.888888888888889,12.616724738675957,39.22222222222222,28.91044776119403,6.5875,1,1,1,1,1,Muy Bueno
2012-11-14,12.5,23.31597222222222,32.904513888888886,29.223214285714285,4.733333333333333,1,1,1,1,1,Muy Bueno
2012-11-15,11.20138888888889,20.37630662020906,42.548611111111114,17.19345238095238,5.7,1,1,1,1,1,Muy Bueno
2012-11-16,11.496350364963504,20.143859649122806,43.20659722222222,20.645833333333332,5.2,1,1,1,1,1,Muy Bueno
2012-11-17,10.06766917293233,15.572916666666666,36.22743055555556,24.368263473053894,4.245833333333334,1,1,1,1,1,Muy Bueno
2012-11-18,6.513888888888889,11.260416666666666,31.616319444444443,23.672619047619047,5.270833333333333,1,1,1,1,1,Muy Bueno
2012-11-19,9.902777777777779,18.12847222222222,48.34086956521739,14.232835820895522,4.970833333333333,1,1,1,1,1,Muy Bueno
2012-11-20,17.569444444444443,26.738675958188153,59.297391304347826,5.098507462686567,5.7375,2,2,2,1,1,Bueno
2012-11-21,13.583333333333334,22.54513888888889,57.73298429319372,9.891891891891891,6.016666666666667,1,1,2,1,1,Bueno
2012-11-22,11.708333333333334,21.760416666666668,48.21875,20.736526946107784,5.73109243697479,1,1,1,1,1,Muy Bueno
2012-11-23,17.6875,29.739583333333332,61.71180555555556,9.02102102102102,6.154166666666667,2,2,2,1,1,Bueno
2012-11-24,16.979166666666668,27.333333333333332,52.645833333333336,9.104166666666666,5.133333333333334,2,2,2,1,1,Bueno
2012-11-25,23.520833333333332,41.60069444444444,53.1875,8.089285714285714,5.4125,2,2,2,1,1,Bueno
2012-11-26,10.52482269503546,18.297202797202797,46.76614310645724,24.44753086419753,4.223628691983122,1,1,1,1,1,Muy Bueno
2012-11-27,6.602836879432624,11.916666666666666,41.703125,26.78369905956113,3.925,1,1,1,1,1,Muy Bueno
2012-11-28,6.58273381294964,13.66077738515901,40.72854640980736,28.172205438066467,3.748936170212766,1,1,1,1,1,Muy Bueno
2012-11-29,7.433333333333334,13.651515151515152,44.594202898550726,32.118589743589745,4.527777777777778,1,1,1,1,1,Muy Bueno
2012-11-30,7.674242424242424,13.945652173913043,44.62654867256637,27.036923076923078,4.8384279475982535,1,1,1,1,1,Muy Bueno
2012-12-01,7.527777777777778,10.26388888888889,36.24652777777778,30.205357142857142,5.429166666666666,1,1,1,1,1,Muy Bueno
2012-12-02,13.381944444444445,16.87152777777778,62.598958333333336,14.880952380952381,6.720833333333333,1,1,2,1,1,Bueno
2012-12-03,17.333333333333332,24.29861111111111,77.92013888888889,7.782089552238806,7.745833333333334,2,1,2,1,1,Bueno
2012-12-04,7.215277777777778,12.104166666666666,40.55379188712522,32.3044776119403,4.333333333333333,1,1,1,1,1,Muy Bueno
2012-12-05,6.020979020979021,8.67247386759582,31.335078534031414,47.75820895522388,3.683333333333333,1,1,1,1,1,Muy Bueno
2012-12-06,10.652777777777779,15.76736111111111,54.109375,16.059701492537314,4.616666666666666,1,1,2,1,1,Bueno
2012-12-07,15.152777777777779,17.88888888888889,49.71527777777778,8.648809523809524,4.904166666666667,2,1,1,1,1,Bueno
2012-12-08,10.222222222222221,11.73263888888889,43.92442882249561,22.51641791044776,5.829166666666667,1,1,1,1,1,Muy Bueno
2012-12-09,9.493055555555555,12.784722222222221,51.375,16.916417910447763,5.458333333333333,1,1,2,1,1,Bueno
2012-12-10,21.979166666666668,30.163194444444443,82.55902777777777,4.348214285714286,9.933333333333334,2,2,2,1,1,Bueno
2012-12-11,15.708333333333334,21.979166666666668,72.23958333333333,10.880952380952381,9.554166666666667,2,1,2,1,1,Bueno
2012-12-12,16.791666666666668,22.916666666666668,69.08333333333333,7.699404761904762,8.691666666666666,2,1,2,1,1,Bueno
2012-12-13,21.98611111111111,26.8125,65.22395833333333,7.785714285714286,6.804166666666666,2,2,2,1,1,Bueno
2012-12-14,8.215277777777779,10.222222222222221,37.56315789473684,29.009090909090908,3.5541666666666667,1,1,1,1,1,Muy Bueno
2012-12-15,6.409722222222222,7.552083333333333,21.326352530541012,49.7987987987988,2.9458333333333333,1,1,1,1,1,Muy Bueno
2012-12-16,6.208333333333333,8.760416666666666,18.89236111111111,46.23511904761905,2.6458333333333335,1,1,1,1,1,Muy Bueno
2012-12-17,8.8125,12.395833333333334,39.55772646536412,33.907120743034056,3.76890756302521,1,1,1,1,1,Muy Bueno
2012-12-18,16.333333333333332,19.05923344947735,58.81707317073171,5.286567164179105,5.401673640167364,2,1,2,1,1,Bueno
2012-12-19,12.95138888888889,15.034722222222221,55.332752613240416,5.704477611940298,5.151260504201681,1,1,2,1,1,Bueno
2012-12-20,8.395833333333334,10.947916666666666,39.66492146596859,23.283132530120483,3.602510460251046,1,1,1,1,1,Muy Bueno
2012-12-21,8.832167832167832,12.247386759581882,30.008726003490402,35.126126126126124,3.2343096234309625,1,1,1,1,1,Muy Bueno
2012-12-22,7.951388888888889,9.29861111111111,35.30902777777778,18.410714285714285,3.4208333333333334,1,1,1,1,1,Muy Bueno
2012-12-23,12.63888888888889,12.680555555555555,42.39756944444444,14.244047619047619,5.316666666666666,1,1,1,1,1,Muy Bueno
2012-12-24,11.63888888888889,14.510416666666666,48.19965277777778,9.494047619047619,7.516666666666667,1,1,1,1,1,Muy Bueno
2012-12-25,12.125,13.899305555555555,43.49389179755672,12.276276276276276,5.9375,1,1,1,1,1,Muy Bueno
2012-12-26,12.26388888888889,16.17013888888889,58.83450704225352,10.687687687687689,6.195833333333334,1,1,2,1,1,Bueno
2012-12-27,19.444444444444443,24.637630662020907,61.7723292469352,4.182634730538922,7.791666666666667,2,1,2,1,1,Bueno
2012-12-28,18.131944444444443,23.67595818815331,68.51832460732984,5.149253731343284,9.495798319327731,2,1,2,1,1,Bueno
2012-12-29,17.26388888888889,18.756944444444443,56.546875,3.8422619047619047,6.570833333333334,2,1,2,1,1,Bueno
2012-12-30,14.902777777777779,14.42361111111111,48.84375,8.005952380952381,4.916666666666667,1,1,1,1,1,Muy Bueno
2012-12-31,11.465277777777779,11.92013888888889,48.50877192982456,7.445454545454545,4.383333333333334,1,1,1,1,1,Muy Bueno
2013-01-01,9.027777777777779,11.073170731707316,37.083333333333336,21.238095238095237,4.891213389121339,1,1,1,1,1,Muy Bueno
2013-01-02,10.6875,13.67361111111111,52.9369527145359,17.633928571428573,7.927659574468085,1,1,2,1,1,Bueno
2013-01-03,9.534722222222221,14.23263888888889,59.248263888888886,20.907185628742514,8.545833333333333,1,1,2,1,1,Bueno
2013-01-04,14.482517482517483,21.895833333333332,77.03298611111111,7.398809523809524,10.248945147679326,1,1,2,1,1,Bueno
2013-01-05,20.229166666666668,26.70731707317073,80.20486111111111,4.829850746268657,10.416666666666666,2,2,2,1,1,Bueno
2013-01-06,22.0625,24.552083333333332,69.58159722222223,5.9375,9.083333333333334,2,1,2,1,1,Bueno
2013-01-07,19.17361111111111,20.413194444444443,54.44965277777778,6.405970149253731,5.7375,2,1,2,1,1,Bueno
2013-01-08,15.661870503597122,14.784452296819788,50.40350877192982,5.8059701492537314,6.598326359832636,2,1,2,1,1,Bueno
2013-01-09,13.5625,18.755244755244757,49.64223385689354,7.504504504504505,5.241525423728813,1,1,1,1,1,Muy Bueno
2013-01-10,15.680555555555555,21.17013888888889,59.44173913043478,5.95820895522388,6.229166666666667,2,1,2,1,1,Bueno
2013-01-11,11.61111111111111,13.440972222222221,53.99652777777778,11.172619047619047,5.02928870292887,1,1,2,1,1,Bueno
2013-01-12,5.131944444444445,6.694444444444445,27.01909722222222,31.594029850746267,3.331932773109244,1,1,1,1,1,Muy Bueno
2013-01-13,3.5524475524475525,5.149825783972125,19.973913043478262,51.211309523809526,3.0,1,1,1,1,1,Muy Bueno
2013-01-14,6.028368794326241,8.940350877192982,37.07167832167832,37.73053892215569,4.016806722689076,1,1,1,1,1,Muy Bueno
2013-01-15,5.375,7.059027777777778,25.57397504456328,46.33933933933934,3.466386554621849,1,1,1,1,1,Muy Bueno
2013-01-16,5.888888888888889,6.982638888888889,26.671875,39.11904761904762,2.8041666666666667,1,1,1,1,1,Muy Bueno
2013-01-17,6.027777777777778,8.215277777777779,29.58608695652174,41.495522388059705,3.5523012552301254,1,1,1,1,1,Muy Bueno
2013-01-18,4.715277777777778,6.496527777777778,20.692307692307693,36.976190476190474,3.004166666666667,1,1,1,1,1,Muy Bueno
2013-01-19,3.7083333333333335,5.336805555555555,22.100694444444443,48.17261904761905,2.7875,1,1,1,1,1,Muy Bueno
2013-01-20,5.680555555555555,6.934027777777778,14.541666666666666,53.017857142857146,2.5416666666666665,1,1,1,1,1,Muy Bueno
2013-01-21,5.1692307692307695,7.186131386861314,28.218861209964412,44.41925465838509,3.3716814159292037,1,1,1,1,1,Muy Bueno
2013-01-22,5.166666666666667,7.981060606060606,36.869565217391305,35.03846153846154,2.634259259259259,1,1,1,1,1,Muy Bueno
2013-01-23,5.7899159663865545,8.889733840304183,22.00907441016334,56.01602564102564,2.7222222222222223,1,1,1,1,1,Muy Bueno
2013-01-24,5.858333333333333,9.246212121212121,28.08695652173913,47.80769230769231,3.3055555555555554,1,1,1,1,1,Muy Bueno
2013-01-25,11.109243697478991,17.745247148288975,51.36,24.84294871794872,4.652777777777778,1,1,2,1,1,Bueno
2013-01-26,6.971153846153846,11.07258064516129,37.7294776119403,40.37820512820513,5.143518518518518,1,1,1,1,1,Muy Bueno
2013-01-27,8.878504672897197,12.832669322709163,38.77179962894249,21.128205128205128,4.018518518518518,1,1,1,1,1,Muy Bueno
2013-01-28,8.579831932773109,14.163498098859316,40.14181818181818,38.6474358974359,3.957943925233645,1,1,1,1,1,Muy Bueno
2013-01-29,20.233333333333334,29.072243346007603,75.6497277676951,7.275080906148867,9.088785046728972,2,2,2,1,1,Bueno
2013-01-30,20.733333333333334,31.799242424242426,73.63949275362319,6.794212218649518,9.11574074074074,2,2,2,1,1,Bueno
2013-01-31,21.403361344537814,29.68320610687023,73.55191256830601,6.757281553398058,8.967441860465117,2,2,2,1,1,Bueno
2013-02-01,13.503875968992247,16.864468864468865,49.56583629893238,16.574534161490682,5.1946902654867255,1,1,1,1,1,Muy Bueno
2013-02-02,3.9652777777777777,5.586805555555555,17.875,51.967261904761905,3.5416666666666665,1,1,1,1,1,Muy Bueno
2013-02-03,5.457746478873239,6.63986013986014,26.40418118466899,47.89820359281437,4.401673640167364,1,1,1,1,1,Muy Bueno
2013-02-04,13.95138888888889,21.11111111111111,77.26736111111111,12.235119047619047,7.95,1,1,2,1,1,Bueno
2013-02-05,13.264285714285714,18.02836879432624,61.46491228070175,16.346385542168676,7.771186440677966,1,1,2,1,1,Bueno
2013-02-06,5.027777777777778,8.205574912891986,22.484902309058615,53.75301204819277,3.711297071129707,1,1,1,1,1,Muy Bueno
2013-02-07,6.430555555555555,9.135416666666666,32.74652777777778,43.03582089552239,4.079166666666667,1,1,1,1,1,Muy Bueno
2013-02-08,5.75,8.57986111111111,32.19652173913043,45.9789156626506,4.329166666666667,1,1,1,1,1,Muy Bueno
2013-02-09,5.826388888888889,7.590277777777778,31.131944444444443,48.401785714285715,4.470833333333333,1,1,1,1,1,Muy Bueno
2013-02-10,6.784722222222222,10.475694444444445,31.72222222222222,38.098214285714285,3.533333333333333,1,1,1,1,1,Muy Bueno
2013-02-11,4.874125874125874,7.2717770034843205,22.344347826086956,55.038805970149255,3.305439330543933,1,1,1,1,1,Muy Bueno
2013-02-12,7.305555555555555,9.857142857142858,32.7215411558669,44.60606060606061,4.176470588235294,1,1,1,1,1,Muy Bueno
2013-02-13,11.354166666666666,16.84722222222222,47.75694444444444,24.586309523809526,6.514644351464435,1,1,1,1,1,Muy Bueno
2013-02-14,14.819444444444445,20.39236111111111,64.80695652173912,12.392857142857142,8.079166666666667,1,1,2,1,1,Bueno
2013-02-15,11.07638888888889,16.11111111111111,55.163763066202094,18.782738095238095,7.2875,1,1,2,1,1,Bueno
2013-02-16,15.152777777777779,19.062717770034844,55.50694444444444,15.446428571428571,7.345833333333333,2,1,2,1,1,Bueno
2013-02-17,17.444444444444443,18.44097222222222,43.56944444444444,16.803571428571427,5.866666666666666,2,1,1,1,1,Bueno
2013-02-18,10.680555555555555,12.243055555555555,43.84027777777778,24.44345238095238,4.970833333333333,1,1,1,1,1,Muy Bueno
2013-02-19,11.20138888888889,11.354166666666666,35.786458333333336,28.199404761904763,5.520833333333333,1,1,1,1,1,Muy Bueno
2013-02-20,8.732394366197184,9.92280701754386,34.80902777777778,31.226190476190474,4.904166666666667,1,1,1,1,1,Muy Bueno
2013-02-21,6.205882352941177,7.121428571428571,29.735915492957748,39.214285714285715,3.7083333333333335,1,1,1,1,1,Muy Bueno
2013-02-22,5.055555555555555,6.440972222222222,26.76736111111111,45.81845238095238,3.504166666666667,1,1,1,1,1,Muy Bueno
2013-02-23,8.277777777777779,8.430555555555555,20.11149825783972,52.75892857142857,4.604166666666667,1,1,1,1,1,Muy Bueno
2013-02-24,8.256944444444445,9.260416666666666,31.06597222222222,40.8125,4.279166666666667,1,1,1,1,1,Muy Bueno
2013-02-25,6.65034965034965,8.926829268292684,36.57118055555556,45.06865671641791,5.104602510460251,1,1,1,1,1,Muy Bueno
2013-02-26,6.729166666666667,9.586805555555555,42.07992895204263,40.691616766467064,5.104166666666667,1,1,1,1,1,Muy Bueno
2013-02-27,10.118055555555555,12.472027972027972,41.18641114982579,33.92559523809524,6.949790794979079,1,1,1,1,1,Muy Bueno
2013-02-28,7.676056338028169,7.891228070175439,26.827225130890053,52.47305389221557,5.324894514767933,1,1,1,1,1,Muy Bueno
2013-03-01,9.708333333333334,15.496503496503497,38.38743455497382,52.08408408408408,6.552301255230126,1,1,1,1,1,Muy Bueno
2013-03-02,10.333333333333334,15.413194444444445,39.802083333333336,44.708333333333336,5.645833333333333,1,1,1,1,1,Muy Bueno
2013-03-03,8.54861111111111,13.350694444444445,25.28298611111111,59.06547619047619,5.433333333333334,1,1,1,1,1,Muy Bueno
2013-03-04,9.107913669064748,18.91166077738516,28.83304347826087,52.331343283582086,5.7740585774058575,1,1,1,1,1,Muy Bueno
2013-03-05,10.805555555555555,18.69097222222222,44.61631944444444,30.889880952380953,5.033333333333333,1,1,1,1,1,Muy Bueno
2013-03-06,9.472222222222221,14.09375,39.045138888888886,36.788690476190474,4.183333333333334,1,1,1,1,1,Muy Bueno
2013-03-07,6.923076923076923,10.790940766550523,29.25,41.23511904761905,3.220833333333333,1,1,1,1,1,Muy Bueno
2013-03-08,7.145833333333333,9.277777777777779,39.22569444444444,42.92857142857143,3.1333333333333333,1,1,1,1,1,Muy Bueno
2013-03-09,5.5174825174825175,8.40766550522648,24.737391304347828,53.73731343283582,3.1631799163179917,1,1,1,1,1,Muy Bueno
2013-03-10,4.798611111111111,7.649305555555555,14.90625,62.63392857142857,2.9375,1,1,1,2,1,Bueno
2013-03-11,5.055944055944056,8.89236111111111,18.394782608695653,55.80059523809524,3.1,1,1,1,1,1,Muy Bueno
2013-03-12,5.457746478873239,9.723776223776223,21.555944055944057,57.050898203592816,3.2941176470588234,1,1,1,1,1,Muy Bueno
2013-03-13,6.208333333333333,10.569444444444445,21.42361111111111,62.60597014925373,3.8041666666666667,1,1,1,2,1,Bueno
2013-03-14,6.902777777777778,10.42013888888889,28.085664335664337,54.877245508982035,3.845833333333333,1,1,1,1,1,Muy Bueno
2013-03-15,7.160839160839161,13.569444444444445,45.26909722222222,41.645833333333336,4.570833333333334,1,1,1,1,1,Muy Bueno
2013-03-16,7.951388888888889,12.8125,31.546875,49.61607142857143,3.658333333333333,1,1,1,1,1,Muy Bueno
2013-03-17,9.368055555555555,12.961805555555555,40.21180555555556,28.5625,3.7666666666666666,1,1,1,1,1,Muy Bueno
2013-03-18,6.611111111111111,9.569444444444445,17.055555555555557,61.32440476190476,3.495833333333333,1,1,1,2,1,Bueno
2013-03-19,10.55944055944056,16.62020905923345,47.65217391304348,26.550595238095237,4.535564853556485,1,1,1,1,1,Muy Bueno
2013-03-20,9.368055555555555,12.71841155234657,34.28495575221239,43.6,4.0,1,1,1,1,1,Muy Bueno
2013-03-21,9.507142857142858,16.577464788732396,46.91258741258741,34.21791044776119,5.470833333333333,1,1,1,1,1,Muy Bueno
2013-03-22,11.551470588235293,19.618374558303888,51.934973637961335,28.708333333333332,4.916666666666667,1,1,2,1,1,Bueno
2013-03-23,6.635714285714286,9.637630662020905,32.873263888888886,46.285714285714285,3.6875,1,1,1,1,1,Muy Bueno
2013-03-24,5.715277777777778,6.760416666666667,16.178819444444443,57.874608150470216,3.2583333333333333,1,1,1,1,1,Muy Bueno
2013-03-25,6.840277777777778,11.246527777777779,20.092495636998255,51.53250773993808,3.2583333333333333,1,1,1,1,1,Muy Bueno
2013-03-26,5.486111111111111,6.840277777777778,18.263986013986013,39.75297619047619,3.279166666666667,1,1,1,1,1,Muy Bueno
2013-03-27,5.845070422535211,8.395833333333334,19.27097902097902,52.73353293413174,3.3625,1,1,1,1,1,Muy Bueno
2013-03-28,6.486111111111111,8.51736111111111,10.083333333333334,58.0,3.3041666666666667,1,1,1,1,1,Muy Bueno
2013-03-29,5.097222222222222,6.635416666666667,9.802083333333334,52.919642857142854,3.2041666666666666,1,1,1,1,1,Muy Bueno
2013-03-30,7.208333333333333,10.63888888888889,11.0625,67.11904761904762,3.345833333333333,1,1,1,2,1,Bueno
2013-03-31,6.463768115942029,10.471014492753623,19.0018115942029,50.04984423676012,3.347826086956522,1,1,1,1,1,Muy Bueno
2013-04-01,6.472222222222222,8.98611111111111,22.024305555555557,54.99107142857143,3.4,1,1,1,1,1,Muy Bueno
2013-04-02,6.852112676056338,11.381118881118882,22.82638888888889,57.580357142857146,3.379166666666667,1,1,1,1,1,Muy Bueno
2013-04-03,8.633802816901408,15.265017667844523,43.342013888888886,31.901785714285715,4.579166666666667,1,1,1,1,1,Muy Bueno
2013-04-04,7.174825174825175,11.81184668989547,28.32986111111111,50.25595238095238,3.5791666666666666,1,1,1,1,1,Muy Bueno
2013-04-05,7.428571428571429,10.407142857142857,28.65972222222222,54.50892857142857,4.7375,1,1,1,1,1,Muy Bueno
2013-04-06,6.979166666666667,9.819444444444445,24.921875,65.69642857142857,4.0,1,1,1,2,1,Bueno
2013-04-07,7.395833333333333,11.340277777777779,28.51215277777778,48.717261904761905,4.133333333333334,1,1,1,1,1,Muy Bueno
2013-04-08,8.5177304964539,13.618881118881118,21.63888888888889,60.11641791044776,3.533333333333333,1,1,1,2,1,Bueno
2013-04-09,9.274647887323944,16.84375,17.82465277777778,59.3820895522388,3.175,1,1,1,1,1,Muy Bueno
2013-04-10,8.25,13.315972222222221,20.11304347826087,52.05059523809524,3.008403361344538,1,1,1,1,1,Muy Bueno
2013-04-11,7.263888888888889,13.038194444444445,18.26909722222222,48.166666666666664,3.0,1,1,1,1,1,Muy Bueno
2013-04-12,9.062937062937063,16.135416666666668,25.22822299651568,51.722388059701494,3.1228813559322033,1,1,1,1,1,Muy Bueno
2013-04-13,11.381944444444445,20.711805555555557,39.37696335078534,39.374251497005986,4.033333333333333,1,1,1,1,1,Muy Bueno
2013-04-14,11.430555555555555,21.375,27.743055555555557,52.68154761904762,3.591666666666667,1,1,1,1,1,Muy Bueno
2013-04-15,12.708333333333334,24.895833333333332,31.19965277777778,47.651785714285715,3.5361702127659576,1,1,1,1,1,Muy Bueno
2013-04-16,14.506944444444445,27.421602787456447,40.49305555555556,38.72537313432836,3.3797468354430378,1,2,1,1,1,Bueno
2013-04-17,15.902777777777779,31.142857142857142,46.69097222222222,41.5059880239521,3.2394957983193278,2,2,1,1,1,Bueno
2013-04-18,14.86111111111111,30.72473867595819,42.75694444444444,41.39577039274924,3.2041666666666666,1,2,1,1,1,Bueno
2013-04-19,7.673611111111111,17.96875,20.506944444444443,58.29090909090909,2.433333333333333,1,1,1,1,1,Muy Bueno
2013-04-20,4.986111111111111,11.750877192982456,14.772569444444445,79.33630952380952,2.683333333333333,1,1,1,2,1,Bueno
2013-04-21,6.743055555555555,13.48611111111111,20.17013888888889,74.40178571428571,2.466666666666667,1,1,1,2,1,Bueno
2013-04-22,7.611111111111111,15.416666666666666,19.68,79.89090909090909,3.2426778242677825,1,1,1,2,1,Bueno
2013-04-23,8.95138888888889,17.368794326241133,23.260034904013963,82.16265060240964,2.839662447257384,1,1,1,2,1,Bueno
2013-04-24,12.1875,23.073426573426573,41.923611111111114,69.47321428571429,2.870833333333333,1,1,1,2,1,Bueno
2013-04-25,15.125,34.635416666666664,23.505208333333332,81.88888888888889,2.6778242677824267,2,2,1,2,1,Bueno
2013-04-26,9.79861111111111,19.13240418118467,25.26306620209059,73.77245508982035,3.3916666666666666,1,1,1,2,1,Bueno
2013-04-27,4.444444444444445,8.145833333333334,14.798260869565217,69.9820895522388,3.470833333333333,1,1,1,2,1,Bueno
2013-04-28,5.0,8.29861111111111,11.467826086956523,78.6955223880597,4.117154811715481,1,1,1,2,1,Bueno
2013-04-29,5.902777777777778,8.305555555555555,23.15277777777778,61.714285714285715,4.3,1,1,1,2,1,Bueno
2013-04-30,7.173611111111111,10.753472222222221,30.20486111111111,59.145833333333336,4.175,1,1,1,1,1,Muy Bueno
2013-05-01,7.506944444444445,11.01736111111111,27.12847222222222,55.42857142857143,3.2666666666666666,1,1,1,1,1,Muy Bueno
2013-05-02,5.805555555555555,9.15625,24.878048780487806,51.36309523809524,3.9875,1,1,1,1,1,Muy Bueno
2013-05-03,5.464788732394366,8.777777777777779,20.911304347826086,73.61607142857143,4.325,1,1,1,2,1,Bueno
2013-05-04,7.888888888888889,12.621527777777779,22.638111888111887,82.8422619047619,3.3125,1,1,1,2,1,Bueno
2013-05-05,8.416666666666666,13.368055555555555,33.65909090909091,60.794642857142854,2.8125,1,1,1,2,1,Bueno
2013-05-06,11.916666666666666,21.291666666666668,37.282456140350874,56.33233532934132,3.1512605042016806,1,1,1,1,1,Muy Bueno
2013-05-07,8.159722222222221,15.452961672473867,26.48521739130435,58.36607142857143,2.7083333333333335,1,1,1,1,1,Muy Bueno
2013-05-08,10.534722222222221,21.177083333333332,38.46260869565217,44.38805970149254,3.1293103448275863,1,1,1,1,1,Muy Bueno
2013-05-09,10.104166666666666,21.538194444444443,26.901041666666668,47.19940476190476,2.7400881057268722,1,1,1,1,1,Muy Bueno
2013-05-10,6.569444444444445,12.211805555555555,26.73821989528796,52.146268656716416,2.5458333333333334,1,1,1,1,1,Muy Bueno
2013-05-11,6.1875,12.472222222222221,23.020869565217392,64.90746268656716,2.5,1,1,1,2,1,Bueno
2013-05-12,8.23611111111111,15.128472222222221,16.56423611111111,81.53571428571429,2.4375,1,1,1,2,1,Bueno
2013-05-13,10.36111111111111,19.81597222222222,28.463541666666668,74.01785714285714,2.5833333333333335,1,1,1,2,1,Bueno
2013-05-14,10.79861111111111,21.03472222222222,34.69965277777778,66.44047619047619,2.566666666666667,1,1,1,2,1,Bueno
2013-05-15,5.131944444444445,9.090277777777779,21.82465277777778,60.61011904761905,2.3125,1,1,1,2,1,Bueno
2013-05-16,6.007042253521127,11.461805555555555,28.53125,55.07440476190476,2.6333333333333333,1,1,1,1,1,Muy Bueno
2013-05-17,6.548611111111111,10.13888888888889,22.765625,65.05952380952381,2.5083333333333333,1,1,1,2,1,Bueno
2013-05-18,6.333333333333333,9.829268292682928,16.82986111111111,65.14285714285714,2.3958333333333335,1,1,1,2,1,Bueno
2013-05-19,7.041666666666667,10.07986111111111,17.932291666666668,78.81547619047619,2.4583333333333335,1,1,1,2,1,Bueno
2013-05-20,7.006993006993007,11.613240418118467,32.25043478260869,59.419642857142854,3.0418410041841004,1,1,1,1,1,Muy Bueno
2013-05-21,7.305555555555555,11.010452961672474,25.854640980735553,68.8176291793313,3.280334728033473,1,1,1,2,1,Bueno
2013-05-22,9.472222222222221,15.402777777777779,30.81184668989547,68.0,3.3333333333333335,1,1,1,2,1,Bueno
2013-05-23,7.79020979020979,13.13588850174216,26.22048611111111,69.86607142857143,3.062761506276151,1,1,1,2,1,Bueno
2013-05-24,6.979166666666667,12.89198606271777,24.667832167832167,64.18507462686567,2.9291666666666667,1,1,1,2,1,Bueno
2013-05-25,8.881944444444445,16.62847222222222,33.595486111111114,59.61607142857143,3.3916666666666666,1,1,1,1,1,Muy Bueno
2013-05-26,10.069444444444445,19.666666666666668,14.109375,82.01190476190476,2.9208333333333334,1,1,1,2,1,Bueno
2013-05-27,9.61111111111111,17.89198606271777,26.102430555555557,64.25297619047619,2.9625,1,1,1,2,1,Bueno
2013-05-28,7.0,13.864583333333334,19.901041666666668,69.17857142857143,2.6333333333333333,1,1,1,2,1,Bueno
2013-05-29,6.923611111111111,15.017482517482517,16.46701388888889,74.45238095238095,2.5833333333333335,1,1,1,2,1,Bueno
2013-05-30,7.222222222222222,11.759581881533101,24.538194444444443,62.4940119760479,2.819327731092437,1,1,1,2,1,Bueno
2013-05-31,8.79861111111111,14.746527777777779,26.00347222222222,76.8422619047619,2.879166666666667,1,1,1,2,1,Bueno
2013-06-01,6.604166666666667,12.506944444444445,14.582608695652175,94.23283582089552,2.5714285714285716,1,1,1,2,1,Bueno
2013-06-02,7.020833333333333,12.899305555555555,9.93923611111111,87.58928571428571,2.523206751054852,1,1,1,2,1,Bueno
2013-06-03,7.75,16.336805555555557,21.02951388888889,87.73214285714286,2.719665271966527,1,1,1,2,1,Bueno
2013-06-04,10.631944444444445,23.923344947735192,34.63001745200698,79.34234234234235,3.0588235294117645,1,1,1,2,1,Bueno
2013-06-05,13.680555555555555,34.149825783972126,35.94444444444444,78.27678571428571,3.3755274261603376,1,2,1,2,1,Bueno
2013-06-06,14.097222222222221,28.54513888888889,25.594782608695652,89.2865671641791,2.9789915966386555,1,2,1,2,1,Bueno
2013-06-07,12.26388888888889,27.073170731707318,22.563478260869566,75.93731343283582,2.904166666666667,1,2,1,2,1,Bueno
2013-06-08,5.972222222222222,12.592982456140351,13.255772646536412,84.92615384615385,2.7416666666666667,1,1,1,2,1,Bueno
2013-06-09,7.847222222222222,15.427083333333334,14.383333333333333,80.88666666666667,2.662280701754386,1,1,1,2,1,Bueno
2013-06-10,8.92361111111111,18.94425087108014,25.750445632798574,72.6355140186916,2.8875,1,1,1,2,1,Bueno
2013-06-11,10.0625,22.520833333333332,25.625,73.01190476190476,2.808333333333333,1,1,1,2,1,Bueno
2013-06-12,8.784722222222221,20.76388888888889,31.614583333333332,46.032738095238095,3.1083333333333334,1,1,1,1,1,Muy Bueno
2013-06-13,11.409722222222221,27.29861111111111,33.71006944444444,44.18452380952381,3.191666666666667,1,2,1,1,1,Bueno
2013-06-14,10.145833333333334,24.68881118881119,29.342657342657343,45.94011976047904,3.059071729957806,1,1,1,1,1,Muy Bueno
2013-06-15,9.729166666666666,22.90972222222222,34.55635062611807,72.71473354231975,3.1708333333333334,1,1,1,2,1,Bueno
2013-06-16,9.659722222222221,24.788194444444443,31.33818181818182,67.66451612903226,3.091666666666667,1,1,1,2,1,Bueno
2013-06-17,7.868055555555555,22.480836236933797,18.186714542190305,66.29467084639498,2.7815126050420167,1,1,1,2,1,Bueno
2013-06-18,6.559440559440559,17.65972222222222,17.09913043478261,65.67065868263474,2.8529411764705883,1,1,1,2,1,Bueno
2013-06-19,6.595744680851064,15.705263157894738,25.321616871704745,61.051515151515154,2.9322033898305087,1,1,1,2,1,Bueno
2013-06-20,7.944444444444445,18.020905923344948,29.397905759162303,72.75602409638554,2.903361344537815,1,1,1,2,1,Bueno
2013-06-21,9.979166666666666,23.216783216783217,33.64869565217391,63.23952095808383,2.810924369747899,1,1,1,2,1,Bueno
2013-06-22,9.125,17.735191637630663,22.03298611111111,73.64285714285714,2.6125,1,1,1,2,1,Bueno
2013-06-23,9.034722222222221,23.666666666666668,26.12152777777778,60.282738095238095,3.0625,1,1,1,2,1,Bueno
2013-06-24,8.73758865248227,20.68904593639576,19.5506993006993,81.98791540785498,2.670886075949367,1,1,1,2,1,Bueno
2013-06-25,13.291666666666666,27.5,26.24826388888889,87.14285714285714,2.904166666666667,1,2,1,2,1,Bueno
2013-06-26,8.618055555555555,22.860627177700348,22.339130434782607,82.97910447761194,2.7916666666666665,1,1,1,2,1,Bueno
2013-06-27,13.47887323943662,33.32167832167832,24.90972222222222,85.45238095238095,2.941666666666667,1,2,1,2,1,Bueno
2013-06-28,14.51388888888889,28.41958041958042,21.00173611111111,96.03571428571429,2.870833333333333,1,2,1,2,1,Bueno
2013-06-29,5.722222222222222,15.609756097560975,11.178819444444445,61.63095238095238,2.5541666666666667,1,1,1,2,1,Bueno
2013-06-30,8.61111111111111,20.600694444444443,19.23784722222222,86.00892857142857,2.8375,1,1,1,2,1,Bueno
2013-07-01,12.569444444444445,34.63194444444444,36.19512195121951,73.20359281437126,3.095833333333333,1,2,1,2,1,Bueno
2013-07-02,11.666666666666666,27.166666666666668,25.31478260869565,88.08630952380952,2.8619246861924688,1,2,1,2,1,Bueno
2013-07-03,13.965277777777779,32.41319444444444,42.814236111111114,76.11011904761905,3.937238493723849,1,2,1,2,1,Bueno
2013-07-04,8.458333333333334,18.15277777777778,17.90451388888889,58.33233532934132,2.8493723849372383,1,1,1,1,1,Muy Bueno
2013-07-05,8.930555555555555,21.494773519163765,24.045375218150088,77.68168168168168,3.276150627615063,1,1,1,2,1,Bueno
2013-07-06,10.993055555555555,27.843205574912893,21.17217391304348,92.93731343283582,3.1375,1,2,1,2,1,Bueno
2013-07-07,12.493055555555555,28.288194444444443,26.86111111111111,109.45373134328358,3.275,1,2,1,2,1,Bueno
2013-07-08,13.590277777777779,32.138888888888886,38.28819444444444,103.55223880597015,3.4833333333333334,1,2,1,2,1,Bueno
2013-07-09,16.6875,42.073170731707314,34.145833333333336,98.51190476190476,3.4125,2,2,1,2,1,Bueno
2013-07-10,15.506944444444445,45.45804195804196,34.41840277777778,81.94345238095238,3.3,2,2,1,2,1,Bueno
2013-07-11,15.75,35.51449275362319,30.854351687388988,94.09909909909909,3.1096491228070176,2,2,1,2,1,Bueno
2013-07-12,17.57638888888889,40.55681818181818,31.066176470588236,92.68154761904762,3.5231481481481484,2,2,1,2,1,Bueno
2013-07-13,14.902777777777779,32.878787878787875,25.67753623188406,91.40178571428571,3.138888888888889,1,2,1,2,1,Bueno
2013-07-14,15.055555555555555,32.72623574144487,17.18840579710145,100.1547619047619,3.0462962962962963,2,2,1,2,1,Bueno
2013-07-15,13.82638888888889,30.095588235294116,22.390845070422536,90.31547619047619,2.9870689655172415,1,2,1,2,1,Bueno
2013-07-16,15.527777777777779,31.53472222222222,25.4390243902439,97.11077844311377,3.205020920502092,2,2,1,2,1,Bueno
2013-07-17,19.23611111111111,40.1219512195122,27.631944444444443,100.96428571428571,3.225,2,2,1,2,1,Bueno
2013-07-18,14.625,30.395833333333332,28.291071428571428,107.44477611940299,3.05,1,2,1,2,1,Bueno
2013-07-19,13.661971830985916,31.25,31.758680555555557,95.01492537313433,3.3,1,2,1,2,1,Bueno
2013-07-20,16.333333333333332,39.236111111111114,29.682291666666668,93.44642857142857,3.3958333333333335,2,2,1,2,1,Bueno
2013-07-21,14.270833333333334,32.86666666666667,14.680701754385964,94.97619047619048,3.129166666666667,1,2,1,2,1,Bueno
2013-07-22,10.76388888888889,22.73263888888889,26.863957597173144,77.7202380952381,3.1041666666666665,1,1,1,2,1,Bueno
2013-07-23,13.73611111111111,32.52430555555556,37.072916666666664,58.99107142857143,3.3125,1,2,1,1,1,Bueno
2013-07-24,9.034722222222221,21.428571428571427,33.439236111111114,60.43452380952381,3.3041666666666667,1,1,1,2,1,Bueno
2013-07-25,11.895833333333334,31.649305555555557,37.064236111111114,60.169642857142854,3.4791666666666665,1,2,1,2,1,Bueno
2013-07-26,9.461538461538462,26.40418118466899,30.845070422535212,57.35151515151515,3.046218487394958,1,2,1,1,1,Bueno
2013-07-27,10.270833333333334,25.588850174216027,19.5625,67.4047619047619,2.8,1,2,1,2,1,Bueno
2013-07-28,6.034722222222222,17.65625,10.993055555555555,69.58630952380952,2.6416666666666666,1,1,1,2,1,Bueno
2013-07-29,6.170542635658915,15.627177700348431,25.194444444444443,61.357142857142854,2.920502092050209,1,1,1,2,1,Bueno
2013-07-30,9.816793893129772,25.334494773519165,43.47735191637631,66.38138138138139,3.5063291139240507,1,2,1,2,1,Bueno
2013-07-31,12.73611111111111,35.37152777777778,43.27321428571429,69.57313432835821,4.241666666666666,1,2,1,2,1,Bueno
2013-08-01,15.083916083916083,49.30662020905923,31.500869565217393,71.04477611940298,3.7656903765690375,2,2,1,2,1,Bueno
2013-08-02,14.9375,48.10069444444444,27.973821989528794,62.34925373134328,3.435146443514644,1,2,1,2,1,Bueno
2013-08-03,6.645833333333333,18.09722222222222,22.85191637630662,71.70149253731343,2.8916666666666666,1,1,1,2,1,Bueno
2013-08-04,9.597222222222221,24.82638888888889,26.916666666666668,75.6577380952381,3.2125,1,1,1,2,1,Bueno
2013-08-05,11.083333333333334,29.61111111111111,42.25694444444444,56.43154761904762,3.5,1,2,1,1,1,Bueno
2013-08-06,9.784722222222221,30.520833333333332,30.354166666666668,57.69940476190476,3.05,1,2,1,1,1,Bueno
2013-08-07,7.173611111111111,20.63888888888889,18.73784722222222,72.36904761904762,2.720833333333333,1,1,1,2,1,Bueno
2013-08-08,5.211267605633803,12.594405594405595,14.879581151832461,74.51785714285714,2.8833333333333333,1,1,1,2,1,Bueno
2013-08-09,8.246478873239436,19.84965034965035,25.206349206349206,78.96428571428571,3.0208333333333335,1,1,1,2,1,Bueno
2013-08-10,7.444444444444445,16.65277777777778,23.603907637655418,77.64880952380952,3.1875,1,1,1,2,1,Bueno
2013-08-11,7.402777777777778,19.510416666666668,21.81423611111111,79.39583333333333,3.3666666666666667,1,1,1,2,1,Bueno
2013-08-12,14.055555555555555,38.26573426573427,33.71503496503497,70.98498498498499,3.8326359832635983,1,2,1,2,1,Bueno
2013-08-13,9.992957746478874,22.346153846153847,19.162020905923345,85.06079027355624,3.2489451476793247,1,1,1,2,1,Bueno
2013-08-14,10.04861111111111,23.28472222222222,22.751748251748253,80.77083333333333,3.4201680672268906,1,1,1,2,1,Bueno
2013-08-15,14.57638888888889,33.43402777777778,24.82782608695652,81.01492537313433,3.591666666666667,1,2,1,2,1,Bueno
2013-08-16,12.868055555555555,32.75,33.3630017452007,65.96407185628742,3.5375,1,2,1,2,1,Bueno
2013-08-17,12.48611111111111,26.725694444444443,17.942708333333332,86.97619047619048,3.3833333333333333,1,2,1,2,1,Bueno
2013-08-18,12.020833333333334,26.26388888888889,19.072916666666668,79.39880952380952,3.25,1,2,1,2,1,Bueno
2013-08-19,14.430555555555555,32.03819444444444,38.734375,66.87797619047619,3.754166666666667,1,2,1,2,1,Bueno
2013-08-20,9.506944444444445,23.03125,20.430555555555557,76.51190476190476,3.4625,1,1,1,2,1,Bueno
2013-08-21,11.569444444444445,32.25,26.84521739130435,73.125,3.425,1,2,1,2,1,Bueno
2013-08-22,22.167832167832167,44.66898954703833,41.40521739130435,67.91641791044776,4.305439330543933,2,2,1,2,1,Bueno
2013-08-23,24.22222222222222,49.08362369337979,47.645833333333336,73.85714285714286,4.320833333333334,2,2,1,2,1,Bueno
2013-08-24,22.5625,51.204861111111114,30.265625,73.36309523809524,3.5708333333333333,2,3,1,2,1,Regular
2013-08-25,7.0,17.114583333333332,11.484375,77.52678571428571,3.2416666666666667,1,1,1,2,1,Bueno
2013-08-26,8.79861111111111,23.098939929328623,13.600694444444445,72.28358208955224,3.1041666666666665,1,1,1,2,1,Bueno
2013-08-27,9.708333333333334,24.85763888888889,17.24390243902439,76.16766467065868,2.9957805907172994,1,1,1,2,1,Bueno
2013-08-28,8.847222222222221,25.336805555555557,16.681184668989548,73.79166666666667,2.9625,1,2,1,2,1,Bueno
2013-08-29,10.159722222222221,22.586805555555557,17.52695652173913,78.2179104477612,3.1,1,1,1,2,1,Bueno
2013-08-30,10.652777777777779,23.333333333333332,24.92644483362522,74.96716417910447,3.0541666666666667,1,1,1,2,1,Bueno
2013-08-31,7.8125,18.020833333333332,27.46875,80.7172619047619,3.220833333333333,1,1,1,2,1,Bueno
2013-09-01,11.534722222222221,21.65625,20.526041666666668,93.5952380952381,3.1083333333333334,1,1,1,2,1,Bueno
2013-09-02,12.430555555555555,24.069444444444443,33.36805555555556,77.21130952380952,3.441666666666667,1,1,1,2,1,Bueno
2013-09-03,12.402777777777779,26.06597222222222,43.536458333333336,64.5327380952381,3.745833333333333,1,2,1,2,1,Bueno
2013-09-04,11.76388888888889,25.885416666666668,37.28993055555556,68.01190476190476,3.6083333333333334,1,2,1,2,1,Bueno
2013-09-05,11.07638888888889,23.739583333333332,23.453125,81.72916666666667,3.2083333333333335,1,1,1,2,1,Bueno
2013-09-06,13.291666666666666,25.93402777777778,33.15277777777778,75.01488095238095,3.2333333333333334,1,2,1,2,1,Bueno
2013-09-07,11.784722222222221,21.335664335664337,28.430555555555557,64.63392857142857,3.2083333333333335,1,1,1,2,1,Bueno
2013-09-08,11.291666666666666,19.29268292682927,25.73784722222222,67.46130952380952,2.9916666666666667,1,1,1,2,1,Bueno
2013-09-09,8.715277777777779,18.444444444444443,36.50782608695652,60.84776119402985,3.2983193277310923,1,1,1,2,1,Bueno
2013-09-10,10.118055555555555,20.381944444444443,36.54006968641115,65.59580838323353,3.518828451882845,1,1,1,2,1,Bueno
2013-09-11,5.923611111111111,13.0,24.296875,45.32142857142857,3.216666666666667,1,1,1,1,1,Muy Bueno
2013-09-12,9.479166666666666,17.79513888888889,38.59756097560975,56.397014925373135,3.6694560669456067,1,1,1,1,1,Muy Bueno
2013-09-13,10.333333333333334,19.64236111111111,44.510416666666664,49.913690476190474,3.7416666666666667,1,1,1,1,1,Muy Bueno
2013-09-14,11.104166666666666,21.95486111111111,48.173451327433625,50.33532934131737,3.95,1,1,1,1,1,Muy Bueno
2013-09-15,12.17361111111111,20.631944444444443,42.93055555555556,50.354166666666664,4.004166666666666,1,1,1,1,1,Muy Bueno
2013-09-16,7.444444444444445,15.822916666666666,41.31937172774869,47.87202380952381,4.0,1,1,1,1,1,Muy Bueno
2013-09-17,10.943661971830986,21.44097222222222,47.749562171628725,38.523809523809526,4.180672268907563,1,1,1,1,1,Muy Bueno
2013-09-18,6.909722222222222,14.73263888888889,32.53086419753087,45.82121212121212,3.7552742616033754,1,1,1,1,1,Muy Bueno
2013-09-19,7.159722222222222,16.229166666666668,32.75,45.05357142857143,3.540084388185654,1,1,1,1,1,Muy Bueno
2013-09-20,7.5625,15.51388888888889,31.134615384615383,45.645645645645644,3.301255230125523,1,1,1,1,1,Muy Bueno
2013-09-21,6.736111111111111,12.996515679442508,27.627177700348433,51.958333333333336,3.220833333333333,1,1,1,1,1,Muy Bueno
2013-09-22,9.979166666666666,21.29861111111111,34.09027777777778,54.044642857142854,3.325,1,1,1,1,1,Muy Bueno
2013-09-23,13.727272727272727,27.386759581881535,61.57517482517483,36.26204819277108,4.079831932773109,1,2,2,1,1,Bueno
2013-09-24,17.13888888888889,35.88461538461539,67.46678321678321,35.82686567164179,4.391666666666667,2,2,2,1,1,Bueno
2013-09-25,19.552447552447553,40.34375,61.13811188811189,37.68468468468468,4.304166666666666,2,2,2,1,1,Bueno
2013-09-26,21.84722222222222,43.10104529616725,65.10332749562171,37.80538922155689,4.570833333333334,2,2,2,1,1,Bueno
2013-09-27,17.51388888888889,38.25874125874126,49.56810035842294,32.73652694610779,4.054166666666666,2,2,1,1,1,Bueno
2013-09-28,7.833333333333333,17.104166666666668,18.95304347826087,47.61011904761905,3.1083333333333334,1,1,1,1,1,Muy Bueno
2013-09-29,4.979166666666667,8.802083333333334,12.015625,45.70238095238095,3.0708333333333333,1,1,1,1,1,Muy Bueno
2013-09-30,6.014814814814815,11.287769784172662,22.235191637630663,31.232142857142858,3.1458333333333335,1,1,1,1,1,Muy Bueno
2013-10-01,5.062992125984252,9.959558823529411,16.64236111111111,20.06547619047619,3.1875,1,1,1,1,1,Muy Bueno
2013-10-02,9.655462184873949,19.642335766423358,36.697916666666664,15.928571428571429,3.654166666666667,1,1,1,1,1,Muy Bueno
2013-10-03,10.719626168224298,19.290076335877863,38.23090277777778,17.31940298507463,3.6,1,1,1,1,1,Muy Bueno
2013-10-04,7.486111111111111,13.80078125,32.55034722222222,27.580357142857142,3.216666666666667,1,1,1,1,1,Muy Bueno
2013-10-05,7.736111111111111,13.440972222222221,40.314236111111114,28.36904761904762,3.379166666666667,1,1,1,1,1,Muy Bueno
2013-10-06,4.715277777777778,8.840277777777779,21.357142857142858,48.892857142857146,3.066666666666667,1,1,1,1,1,Muy Bueno
2013-10-07,7.472222222222222,14.76736111111111,39.53942652329749,41.07878787878788,3.6351931330472103,1,1,1,1,1,Muy Bueno
2013-10-08,11.909722222222221,24.372822299651567,57.34628975265018,30.203703703703702,4.359832635983263,1,1,2,1,1,Bueno
2013-10-09,11.590277777777779,23.069444444444443,54.16493055555556,37.836309523809526,4.008333333333334,1,1,2,1,1,Bueno
2013-10-10,10.4375,21.59375,51.35243055555556,35.74107142857143,4.120833333333334,1,1,2,1,1,Bueno
2013-10-11,7.951388888888889,16.45138888888889,38.473958333333336,42.28358208955224,3.6958333333333333,1,1,1,1,1,Muy Bueno
2013-10-12,7.5625,16.05902777777778,24.95486111111111,53.785714285714285,3.283333333333333,1,1,1,1,1,Muy Bueno
2013-10-13,12.993055555555555,22.94097222222222,25.43402777777778,48.79761904761905,3.025,1,1,1,1,1,Muy Bueno
2013-10-14,12.895833333333334,25.751748251748253,44.681184668989545,25.297619047619047,3.9451476793248945,1,2,1,1,1,Bueno
2013-10-15,9.25,19.069444444444443,34.008710801393725,30.68358208955224,3.4411764705882355,1,1,1,1,1,Muy Bueno
2013-10-16,11.277777777777779,22.86111111111111,45.998263888888886,20.528358208955225,3.529166666666667,1,1,1,1,1,Muy Bueno
2013-10-17,11.791666666666666,23.22222222222222,55.52797202797203,16.85843373493976,4.687763713080169,1,1,2,1,1,Bueno
2013-10-18,19.444444444444443,38.038327526132406,67.41493055555556,26.595238095238095,5.829166666666667,2,2,2,1,1,Bueno
2013-10-19,16.291666666666668,29.45486111111111,42.939236111111114,28.916417910447763,3.7083333333333335,2,2,1,1,1,Bueno
2013-10-20,7.027777777777778,11.663194444444445,25.25173611111111,31.348214285714285,3.075,1,1,1,1,1,Muy Bueno
2013-10-21,9.243055555555555,18.088028169014084,48.06944444444444,21.758208955223882,4.070833333333334,1,1,1,1,1,Muy Bueno
2013-10-22,12.92361111111111,22.062937062937063,44.513888888888886,21.285714285714285,3.6375,1,1,1,1,1,Muy Bueno
2013-10-23,8.805555555555555,16.374558303886925,33.567708333333336,35.544642857142854,3.2333333333333334,1,1,1,1,1,Muy Bueno
2013-10-24,12.125,20.5609756097561,41.880208333333336,17.848214285714285,3.5375,1,1,1,1,1,Muy Bueno
2013-10-25,9.027777777777779,13.17361111111111,42.94965277777778,20.732142857142858,3.8625,1,1,1,1,1,Muy Bueno
2013-10-26,8.63888888888889,15.222222222222221,37.80902777777778,25.788690476190474,3.4583333333333335,1,1,1,1,1,Muy Bueno
2013-10-27,12.152777777777779,20.4375,46.897212543554005,22.706586826347305,4.222689075630252,1,1,1,1,1,Muy Bueno
2013-10-28,12.854166666666666,23.70138888888889,53.375,17.95508982035928,4.899581589958159,1,1,2,1,1,Bueno
2013-10-29,6.298611111111111,12.90625,29.69913043478261,44.235649546827794,3.899581589958159,1,1,1,1,1,Muy Bueno
2013-10-30,6.972222222222222,12.253472222222221,41.35478260869565,31.821428571428573,5.616666666666666,1,1,1,1,1,Muy Bueno
2013-10-31,12.5,23.10452961672474,67.74260869565218,14.447761194029852,6.2375,1,1,2,1,1,Bueno
2013-11-01,11.493055555555555,18.645833333333332,49.963541666666664,20.31845238095238,6.020833333333333,1,1,1,1,1,Muy Bueno
2013-11-02,11.38888888888889,18.760416666666668,38.55555555555556,24.083333333333332,4.475,1,1,1,1,1,Muy Bueno
2013-11-03,8.666666666666666,12.86111111111111,29.87152777777778,19.726190476190474,3.691666666666667,1,1,1,1,1,Muy Bueno
2013-11-04,6.798611111111111,13.59375,26.51215277777778,33.323262839879156,3.495833333333333,1,1,1,1,1,Muy Bueno
2013-11-05,5.923611111111111,11.13888888888889,21.46527777777778,46.875,3.6125,1,1,1,1,1,Muy Bueno
2013-11-06,11.027972027972028,19.573426573426573,46.060763888888886,17.482142857142858,4.808333333333334,1,1,1,1,1,Muy Bueno
2013-11-07,7.618055555555555,11.520833333333334,31.69097222222222,21.737313432835823,3.6958333333333333,1,1,1,1,1,Muy Bueno
2013-11-08,8.604166666666666,14.489583333333334,36.61805555555556,23.172619047619047,3.879166666666667,1,1,1,1,1,Muy Bueno
2013-11-09,5.861111111111111,11.059027777777779,25.30902777777778,47.205357142857146,3.8916666666666666,1,1,1,1,1,Muy Bueno
2013-11-10,6.569444444444445,11.693379790940767,31.930555555555557,42.36904761904762,4.520833333333333,1,1,1,1,1,Muy Bueno
2013-11-11,12.277777777777779,20.449477351916375,56.958260869565216,17.782089552238805,7.698744769874477,1,1,2,1,1,Bueno
2013-11-12,9.54861111111111,17.09027777777778,48.75347222222222,17.24404761904762,6.949790794979079,1,1,1,1,1,Muy Bueno
2013-11-13,4.951388888888889,9.319444444444445,23.77972027972028,34.6144578313253,6.75,1,1,1,1,1,Muy Bueno
2013-11-14,6.0625,12.222222222222221,31.143607705779335,33.62537764350453,7.445833333333334,1,1,1,1,1,Muy Bueno
2013-11-15,5.0979020979020975,12.547038327526133,34.167247386759584,41.40597014925373,5.343096234309623,1,1,1,1,1,Muy Bueno
2013-11-16,6.083333333333333,9.711805555555555,34.751736111111114,31.511904761904763,6.008333333333334,1,1,1,1,1,Muy Bueno
2013-11-17,5.736111111111111,7.576388888888889,32.40695652173913,19.035714285714285,5.095833333333333,1,1,1,1,1,Muy Bueno
2013-11-18,8.243055555555555,12.586805555555555,47.229129662522205,12.734328358208955,5.7824267782426775,1,1,1,1,1,Muy Bueno
2013-11-19,9.944444444444445,15.552083333333334,45.638888888888886,27.50595238095238,6.754166666666666,1,1,1,1,1,Muy Bueno
2013-11-20,6.652777777777778,11.270833333333334,40.676521739130436,41.504477611940295,5.7,1,1,1,1,1,Muy Bueno
2013-11-21,6.423611111111111,11.788194444444445,36.21006944444444,41.776785714285715,4.641666666666667,1,1,1,1,1,Muy Bueno
2013-11-22,7.73943661971831,12.131944444444445,34.53217391304348,40.217261904761905,5.945833333333334,1,1,1,1,1,Muy Bueno
2013-11-23,7.652777777777778,12.524305555555555,43.62152777777778,27.029761904761905,7.225,1,1,1,1,1,Muy Bueno
2013-11-24,7.284722222222222,10.614583333333334,35.395833333333336,32.82142857142857,7.133333333333334,1,1,1,1,1,Muy Bueno
2013-11-25,9.20979020979021,15.916083916083917,50.16173913043478,28.48955223880597,9.565400843881857,1,1,2,1,1,Bueno
2013-11-26,8.211267605633802,15.63986013986014,44.28621291448517,31.763473053892216,9.49789029535865,1,1,1,1,1,Muy Bueno
2013-11-27,6.881889763779528,12.474074074074075,29.863799283154123,46.827044025157235,8.963963963963964,1,1,1,1,1,Muy Bueno
2013-11-28,9.063829787234043,15.529824561403508,39.35540069686411,35.76615384615385,7.571428571428571,1,1,1,1,1,Muy Bueno
2013-11-29,14.54861111111111,24.475524475524477,75.77003484320558,11.806547619047619,11.634453781512605,1,1,2,1,1,Bueno
2013-11-30,12.38888888888889,19.843205574912893,59.67534722222222,13.571428571428571,9.075,1,1,2,1,1,Bueno
2013-12-01,5.3125,6.892361111111111,33.56944444444444,38.211309523809526,8.775,1,1,1,1,1,Muy Bueno
2013-12-02,13.590277777777779,18.56597222222222,68.61111111111111,12.985119047619047,11.516666666666667,1,1,2,1,1,Bueno
2013-12-03,15.395833333333334,22.986062717770036,72.17013888888889,20.125,12.1375,2,1,2,1,1,Bueno
2013-12-04,18.50375939849624,26.120567375886523,88.38260869565218,11.130952380952381,13.045833333333333,2,2,2,1,1,Bueno
2013-12-05,19.14179104477612,27.024305555555557,91.02622377622377,8.169642857142858,13.166666666666666,2,2,2,1,1,Bueno
2013-12-06,8.770833333333334,12.04513888888889,58.00355871886121,18.354166666666668,10.1375,1,1,2,1,1,Bueno
2013-12-07,12.472222222222221,17.37152777777778,68.91319444444444,13.038690476190476,10.941666666666666,1,1,2,1,1,Bueno
2013-12-08,17.76388888888889,22.416666666666668,76.44097222222223,11.62797619047619,11.895833333333334,2,1,2,1,1,Bueno
2013-12-09,17.65034965034965,23.46527777777778,75.08159722222223,11.459701492537313,11.079166666666667,2,1,2,1,1,Bueno
2013-12-10,14.319444444444445,19.802083333333332,67.86411149825784,15.213855421686747,13.033333333333333,1,1,2,1,1,Bueno
2013-12-11,12.666666666666666,17.937282229965156,63.966841186736474,16.95808383233533,11.445833333333333,1,1,2,1,1,Bueno
2013-12-12,15.569444444444445,23.197916666666668,74.41258741258741,12.687687687687689,10.666666666666666,2,1,2,1,1,Bueno
2013-12-13,25.59722222222222,32.53819444444444,81.15104166666667,4.023809523809524,11.0,2,2,2,1,1,Bueno
2013-12-14,12.666666666666666,14.166666666666666,57.85590277777778,15.9375,10.2625,1,1,2,1,1,Bueno
2013-12-15,9.534722222222221,12.003472222222221,53.026041666666664,15.1875,10.704166666666667,1,1,2,1,1,Bueno
2013-12-16,9.82638888888889,14.1875,56.390625,19.199404761904763,10.925,1,1,2,1,1,Bueno
2013-12-17,14.58041958041958,20.121863799283155,61.89241622574956,12.553516819571865,10.034334763948499,1,1,2,1,1,Bueno
2013-12-18,19.243055555555557,23.947916666666668,57.69391304347826,6.431547619047619,8.252173913043478,2,1,2,1,1,Bueno
2013-12-19,5.625,6.444444444444445,40.96173913043478,33.27462686567164,4.933054393305439,1,1,1,1,1,Muy Bueno
2013-12-20,6.708333333333333,9.027777777777779,38.05410122164049,41.612612612612615,6.445833333333334,1,1,1,1,1,Muy Bueno
2013-12-21,10.534722222222221,14.085106382978724,63.61631944444444,12.473214285714286,10.304166666666667,1,1,2,1,1,Bueno
2013-12-22,14.041666666666666,17.663194444444443,63.845486111111114,11.386904761904763,9.625,1,1,2,1,1,Bueno
2013-12-23,15.895833333333334,19.197916666666668,65.8411867364747,9.821428571428571,9.235294117647058,2,1,2,1,1,Bueno
2013-12-24,6.416666666666667,8.439024390243903,37.810763888888886,30.62202380952381,4.791666666666667,1,1,1,1,1,Muy Bueno
2013-12-25,3.4375,4.178321678321678,15.9375,60.11011904761905,4.104166666666667,1,1,1,2,1,Bueno
2013-12-26,6.847222222222222,8.863636363636363,27.683566433566433,46.461077844311376,4.45,1,1,1,1,1,Muy Bueno
2013-12-27,5.277777777777778,6.21875,27.40695652173913,37.05705705705706,4.208333333333333,1,1,1,1,1,Muy Bueno
2013-12-28,4.930555555555555,5.774305555555555,23.52951388888889,50.842261904761905,4.666666666666667,1,1,1,1,1,Muy Bueno
2013-12-29,7.381944444444445,10.128472222222221,40.576388888888886,40.67857142857143,5.566666666666666,1,1,1,1,1,Muy Bueno
2013-12-30,11.993006993006993,15.385416666666666,60.345486111111114,11.273809523809524,7.15,1,1,2,1,1,Bueno
2013-12-31,9.444444444444445,12.5,44.66493055555556,20.761904761904763,5.341666666666667,1,1,1,1,1,Muy Bueno
2014-01-01,5.8125,8.529824561403508,26.253597122302157,33.75,4.325,1,1,1,1,1,Muy Bueno
2014-01-02,5.819444444444445,6.770833333333333,30.13854351687389,36.09907120743034,4.285714285714286,1,1,1,1,1,Muy Bueno
2014-01-03,6.125,8.319444444444445,29.89236111111111,39.36309523809524,4.1125,1,1,1,1,1,Muy Bueno
2014-01-04,4.027777777777778,6.59375,17.975694444444443,57.976190476190474,3.7583333333333333,1,1,1,1,1,Muy Bueno
2014-01-05,6.819444444444445,11.663194444444445,23.088541666666668,49.94642857142857,3.65,1,1,1,1,1,Muy Bueno
2014-01-06,7.6875,13.059027777777779,35.098958333333336,33.94642857142857,4.295833333333333,1,1,1,1,1,Muy Bueno
2014-01-07,12.661971830985916,18.052083333333332,45.431304347826085,22.071641791044776,5.8474576271186445,1,1,1,1,1,Muy Bueno
2014-01-08,13.692307692307692,20.538194444444443,60.01396160558464,10.367164179104478,10.384937238493723,1,1,2,1,1,Bueno
2014-01-09,15.284722222222221,22.3986013986014,65.36585365853658,9.873873873873874,11.915611814345992,2,1,2,1,1,Bueno
2014-01-10,13.1875,23.34494773519164,65.42260869565217,9.333333333333334,12.630252100840336,1,1,2,1,1,Bueno
2014-01-11,19.02777777777778,28.31597222222222,57.795138888888886,10.526785714285714,8.4625,2,2,2,1,1,Bueno
2014-01-12,23.895833333333332,31.57986111111111,52.640625,6.113095238095238,7.470833333333333,2,2,2,1,1,Bueno
2014-01-13,7.78169014084507,11.475524475524475,40.06794425087108,29.431137724550897,5.399159663865547,1,1,1,1,1,Muy Bueno
2014-01-14,5.080882352941177,8.142348754448399,25.176056338028168,45.079268292682926,4.297413793103448,1,1,1,1,1,Muy Bueno
2014-01-15,6.916666666666667,11.135416666666666,39.151041666666664,26.782738095238095,4.908333333333333,1,1,1,1,1,Muy Bueno
2014-01-16,5.270833333333333,8.114583333333334,30.73611111111111,40.523809523809526,4.333333333333333,1,1,1,1,1,Muy Bueno
2014-01-17,5.458333333333333,9.5625,35.56521739130435,36.50149253731343,4.2552301255230125,1,1,1,1,1,Muy Bueno
2014-01-18,4.979166666666667,6.236111111111111,31.776041666666668,40.955357142857146,4.166666666666667,1,1,1,1,1,Muy Bueno
2014-01-19,6.368055555555555,7.909722222222222,30.756944444444443,39.56547619047619,4.3,1,1,1,1,1,Muy Bueno
2014-01-20,6.645833333333333,9.722222222222221,32.98086956521739,49.967261904761905,4.697478991596639,1,1,1,1,1,Muy Bueno
2014-01-21,8.57638888888889,13.961805555555555,45.168695652173916,30.759036144578314,5.125523012552302,1,1,1,1,1,Muy Bueno
2014-01-22,7.055555555555555,9.583333333333334,43.677083333333336,28.729166666666668,5.533333333333333,1,1,1,1,1,Muy Bueno
2014-01-23,8.868055555555555,14.055555555555555,48.22608695652174,35.625748502994014,7.882845188284519,1,1,1,1,1,Muy Bueno
2014-01-24,13.916666666666666,24.13888888888889,63.40521739130435,23.88955223880597,8.758333333333333,1,1,2,1,1,Bueno
2014-01-25,6.381944444444445,9.569444444444445,28.270833333333332,40.32142857142857,6.0625,1,1,1,1,1,Muy Bueno
2014-01-26,10.229166666666666,14.34375,43.328125,22.964285714285715,7.079166666666667,1,1,1,1,1,Muy Bueno
2014-01-27,3.986111111111111,7.871527777777778,20.61284722222222,56.104166666666664,4.870833333333334,1,1,1,1,1,Muy Bueno
2014-01-28,4.708333333333333,8.666666666666666,25.850434782608694,52.654761904761905,4.129166666666666,1,1,1,1,1,Muy Bueno
2014-01-29,6.3125,10.318181818181818,31.43402777777778,52.25297619047619,4.683333333333334,1,1,1,1,1,Muy Bueno
2014-01-30,6.222222222222222,9.072916666666666,29.48090277777778,49.04761904761905,4.929166666666666,1,1,1,1,1,Muy Bueno
2014-01-31,7.743055555555555,10.989583333333334,31.26829268292683,45.14328358208955,4.920502092050209,1,1,1,1,1,Muy Bueno
2014-02-01,4.784722222222222,7.409722222222222,16.977430555555557,56.832835820895525,4.445833333333334,1,1,1,1,1,Muy Bueno
2014-02-02,5.680555555555555,8.878472222222221,28.74826388888889,48.72072072072072,4.833333333333333,1,1,1,1,1,Muy Bueno
2014-02-03,8.93006993006993,14.347222222222221,54.001739130434785,20.804953560371516,5.323529411764706,1,1,2,1,1,Bueno
2014-02-04,5.993055555555555,8.847222222222221,33.88,43.098214285714285,4.045833333333333,1,1,1,1,1,Muy Bueno
2014-02-05,7.854166666666667,13.038194444444445,24.523478260869567,55.595166163142,4.25,1,1,1,1,1,Muy Bueno
2014-02-06,6.381944444444445,12.006968641114982,29.277003484320556,42.7185628742515,4.5125,1,1,1,1,1,Muy Bueno
2014-02-07,6.597222222222222,10.491289198606271,24.17391304347826,51.17313432835821,4.171548117154812,1,1,1,1,1,Muy Bueno
2014-02-08,4.680555555555555,7.354166666666667,19.32986111111111,56.82738095238095,4.029166666666667,1,1,1,1,1,Muy Bueno
2014-02-09,5.9375,9.85763888888889,30.06076388888889,45.44345238095238,4.445833333333334,1,1,1,1,1,Muy Bueno
2014-02-10,6.736111111111111,9.947916666666666,18.50347222222222,66.47916666666667,4.1625,1,1,1,2,1,Bueno
2014-02-11,7.274647887323944,10.167832167832168,37.69512195121951,41.0059880239521,3.722689075630252,1,1,1,1,1,Muy Bueno
2014-02-12,8.993055555555555,11.555555555555555,43.62152777777778,27.672619047619047,4.45,1,1,1,1,1,Muy Bueno
2014-02-13,8.770833333333334,12.07638888888889,36.29340277777778,29.419642857142858,4.891666666666667,1,1,1,1,1,Muy Bueno
2014-02-14,5.034722222222222,7.673611111111111,24.260416666666668,33.875,4.475,1,1,1,1,1,Muy Bueno
2014-02-15,5.638888888888889,7.465277777777778,30.12152777777778,48.476190476190474,4.245833333333334,1,1,1,1,1,Muy Bueno
2014-02-16,7.979166666666667,11.586805555555555,42.30902777777778,28.830357142857142,5.716666666666667,1,1,1,1,1,Muy Bueno
2014-02-17,9.99290780141844,16.231578947368423,57.81944444444444,16.324404761904763,7.944915254237288,1,1,2,1,1,Bueno
2014-02-18,10.180555555555555,15.67013888888889,51.264347826086954,23.006006006006007,8.663865546218487,1,1,2,1,1,Bueno
2014-02-19,13.840277777777779,22.996503496503497,69.63715277777777,18.154761904761905,8.4,1,1,2,1,1,Bueno
2014-02-20,13.20138888888889,21.45486111111111,49.86260869565218,19.55654761904762,7.183333333333334,1,1,1,1,1,Muy Bueno
2014-02-21,4.993055555555555,8.663194444444445,27.414930555555557,57.76488095238095,5.0875,1,1,1,1,1,Muy Bueno
2014-02-22,8.555555555555555,14.277777777777779,36.40972222222222,43.57738095238095,4.833333333333333,1,1,1,1,1,Muy Bueno
2014-02-23,8.506944444444445,13.59375,40.08680555555556,36.25297619047619,6.025,1,1,1,1,1,Muy Bueno
2014-02-24,8.942446043165468,13.838709677419354,38.353765323992995,43.095238095238095,5.166666666666667,1,1,1,1,1,Muy Bueno
2014-02-25,8.347222222222221,14.655052264808363,29.15411558669002,43.80722891566265,4.614406779661017,1,1,1,1,1,Muy Bueno
2014-02-26,7.319444444444445,12.15625,27.914930555555557,60.333333333333336,4.9625,1,1,1,2,1,Bueno
2014-02-27,11.055555555555555,19.36111111111111,44.828125,35.526785714285715,5.441666666666666,1,1,1,1,1,Muy Bueno
2014-02-28,6.638888888888889,12.07986111111111,24.18923611111111,52.73809523809524,4.745833333333334,1,1,1,1,1,Muy Bueno
2014-03-01,6.60431654676259,9.47719298245614,18.036585365853657,55.095238095238095,4.324894514767933,1,1,1,1,1,Muy Bueno
2014-03-02,4.676923076923077,7.5510948905109485,13.90451388888889,45.214285714285715,4.6,1,1,1,1,1,Muy Bueno
2014-03-03,5.295454545454546,9.568840579710145,16.52,65.86904761904762,4.506276150627615,1,1,1,2,1,Bueno
2014-03-04,6.541666666666667,11.274305555555555,18.261324041811847,62.24550898203593,4.5966386554621845,1,1,1,2,1,Bueno
2014-03-05,8.26388888888889,13.64236111111111,31.631944444444443,45.70238095238095,6.683333333333334,1,1,1,1,1,Muy Bueno
2014-03-06,10.92361111111111,18.40972222222222,55.88194444444444,26.020833333333332,7.861924686192468,1,1,2,1,1,Bueno
2014-03-07,12.368055555555555,22.145833333333332,52.30902777777778,40.76047904191617,7.4875,1,1,2,1,1,Bueno
2014-03-08,12.050359712230216,19.993031358885016,53.297391304347826,40.56547619047619,7.903765690376569,1,1,2,1,1,Bueno
2014-03-09,9.8125,16.23611111111111,32.357638888888886,63.22686567164179,6.775,1,1,1,2,1,Bueno
2014-03-10,11.286713286713287,19.77777777777778,52.302083333333336,44.586309523809526,8.479166666666666,1,1,2,1,1,Bueno
2014-03-11,13.4375,22.166666666666668,47.431304347826085,59.113432835820895,8.533333333333333,1,1,1,1,1,Muy Bueno
2014-03-12,16.03472222222222,26.305555555555557,42.557291666666664,60.625,6.883333333333334,2,2,1,2,1,Bueno
2014-03-13,17.076923076923077,27.322916666666668,44.640625,46.833333333333336,6.883333333333334,2,2,1,1,1,Bueno
2014-03-14,15.36111111111111,24.766550522648085,58.614583333333336,31.913690476190474,7.7875,2,1,2,1,1,Bueno
2014-03-15,15.479166666666666,24.29513888888889,47.157986111111114,50.63690476190476,7.391666666666667,2,1,1,1,1,Bueno
2014-03-16,11.73611111111111,20.05902777777778,44.77256944444444,45.526785714285715,6.958333333333333,1,1,1,1,1,Muy Bueno
2014-03-17,13.104166666666666,23.59375,58.338541666666664,35.24179104477612,7.258333333333334,1,1,2,1,1,Bueno
2014-03-18,16.307692307692307,29.34965034965035,64.96864111498257,35.853731343283584,8.347280334728033,2,2,2,1,1,Bueno
2014-03-19,13.409722222222221,23.95138888888889,35.753926701570684,63.13690476190476,6.6,1,1,1,2,1,Bueno
2014-03-20,15.783216783216783,28.299651567944252,54.5,40.7027027027027,6.911764705882353,2,2,2,1,1,Bueno
2014-03-21,17.901408450704224,35.850174216027874,36.55226480836237,44.9134328358209,5.629166666666666,2,2,1,1,1,Bueno
2014-03-22,6.159722222222222,12.48263888888889,14.772569444444445,64.74107142857143,4.791666666666667,1,1,1,2,1,Bueno
2014-03-23,5.034722222222222,8.878472222222221,17.305555555555557,72.2797619047619,4.770833333333333,1,1,1,2,1,Bueno
2014-03-24,10.708333333333334,19.0625,45.4375,37.842261904761905,6.270833333333333,1,1,1,1,1,Muy Bueno
2014-03-25,7.305555555555555,17.0625,18.797909407665504,73.80851063829788,4.857740585774058,1,1,1,2,1,Bueno
2014-03-26,5.416666666666667,9.92013888888889,22.773123909249563,67.89473684210526,5.308333333333334,1,1,1,2,1,Bueno
2014-03-27,7.388888888888889,13.475694444444445,47.0504347826087,42.49107142857143,6.179166666666666,1,1,1,1,1,Muy Bueno
2014-03-28,10.67361111111111,20.92361111111111,38.69337979094077,52.24404761904762,7.775,1,1,1,1,1,Muy Bueno
2014-03-29,12.5,23.51736111111111,32.26215277777778,59.973214285714285,6.558333333333334,1,1,1,1,1,Muy Bueno
2014-03-30,7.731884057971015,11.427536231884059,24.516304347826086,59.024844720496894,5.017391304347826,1,1,1,1,1,Muy Bueno
2014-03-31,10.368055555555555,16.518115942028984,45.613240418118465,34.713432835820896,5.566666666666666,1,1,1,1,1,Muy Bueno
2014-04-01,8.125,15.913357400722022,37.33101045296167,43.0089552238806,5.654166666666667,1,1,1,1,1,Muy Bueno
2014-04-02,9.01388888888889,16.00347222222222,40.00350877192982,43.02395209580838,5.133333333333334,1,1,1,1,1,Muy Bueno
2014-04-03,6.180555555555555,9.76736111111111,28.598958333333332,57.211309523809526,4.97489539748954,1,1,1,1,1,Muy Bueno
2014-04-04,8.472222222222221,13.552083333333334,21.024305555555557,67.68452380952381,4.816666666666666,1,1,1,2,1,Bueno
2014-04-05,7.541666666666667,11.84375,22.98611111111111,45.86904761904762,4.941666666666666,1,1,1,1,1,Muy Bueno
2014-04-06,10.006944444444445,15.625,33.833333333333336,31.023809523809526,5.629166666666666,1,1,1,1,1,Muy Bueno
2014-04-07,11.17361111111111,18.760416666666668,41.57465277777778,32.19047619047619,6.108333333333333,1,1,1,1,1,Muy Bueno
2014-04-08,9.25,16.723776223776223,42.69458987783595,38.108108108108105,5.5875,1,1,1,1,1,Muy Bueno
2014-04-09,13.618055555555555,25.87152777777778,50.560763888888886,39.663690476190474,5.8625,1,2,2,1,1,Bueno
2014-04-10,13.335664335664335,30.489583333333332,44.770434782608696,41.544642857142854,5.405857740585774,1,2,1,1,1,Bueno
2014-04-11,17.291666666666668,38.26829268292683,43.83159722222222,39.160714285714285,5.583333333333333,2,2,1,1,1,Bueno
2014-04-12,14.097222222222221,25.111888111888113,21.45659722222222,64.55059523809524,4.729166666666667,1,2,1,2,1,Bueno
2014-04-13,11.604166666666666,18.666666666666668,30.791666666666668,57.67559523809524,4.791666666666667,1,1,1,1,1,Muy Bueno
2014-04-14,12.069444444444445,22.02777777777778,41.52,52.33731343283582,5.108786610878661,1,1,1,1,1,Muy Bueno
2014-04-15,11.5625,22.524305555555557,33.35243055555556,61.99702380952381,5.141666666666667,1,1,1,2,1,Bueno
2014-04-16,10.95138888888889,20.100694444444443,41.47294938917975,51.401785714285715,5.083333333333333,1,1,1,1,1,Muy Bueno
2014-04-17,8.875,16.010416666666668,26.743055555555557,65.10119047619048,4.691666666666666,1,1,1,2,1,Bueno
2014-04-18,7.451388888888889,14.503472222222221,19.428819444444443,82.8125,4.529166666666667,1,1,1,2,1,Bueno
2014-04-19,12.65034965034965,23.458333333333332,29.461805555555557,51.11011904761905,4.995833333333334,1,1,1,1,1,Muy Bueno
2014-04-20,6.326388888888889,13.10763888888889,7.732638888888889,71.47619047619048,4.220833333333333,1,1,1,2,1,Bueno
2014-04-21,6.333333333333333,9.972222222222221,26.885416666666668,47.31547619047619,4.5588235294117645,1,1,1,1,1,Muy Bueno
2014-04-22,8.270833333333334,13.315972222222221,23.741592920353984,51.65373134328358,4.617647058823529,1,1,1,1,1,Muy Bueno
2014-04-23,8.319444444444445,13.489583333333334,22.059859154929576,49.726190476190474,4.315126050420168,1,1,1,1,1,Muy Bueno
2014-04-24,8.29861111111111,15.273684210526316,28.243055555555557,49.18154761904762,3.8949579831932772,1,1,1,1,1,Muy Bueno
2014-04-25,6.201388888888889,10.27177700348432,19.48263888888889,76.22089552238806,3.5294117647058822,1,1,1,2,1,Bueno
2014-04-26,7.7272727272727275,12.996527777777779,17.31423611111111,56.37797619047619,3.3,1,1,1,1,1,Muy Bueno
2014-04-27,6.875,12.559027777777779,13.12,76.71515151515152,3.3333333333333335,1,1,1,2,1,Bueno
2014-04-28,8.256944444444445,12.01388888888889,20.93859649122807,56.135802469135804,3.5106382978723403,1,1,1,1,1,Muy Bueno
2014-04-29,9.881944444444445,16.156794425087107,28.605954465849386,55.796407185628745,3.80168776371308,1,1,1,1,1,Muy Bueno
2014-04-30,9.36111111111111,13.583333333333334,28.536713286713287,51.25825825825826,3.329113924050633,1,1,1,1,1,Muy Bueno
2014-05-01,8.007042253521126,12.395833333333334,20.12673611111111,63.645833333333336,3.158333333333333,1,1,1,2,1,Bueno
2014-05-02,7.243055555555555,12.725694444444445,22.711805555555557,62.961309523809526,3.1875,1,1,1,2,1,Bueno
2014-05-03,5.678571428571429,10.180555555555555,11.190972222222221,76.42559523809524,3.1,1,1,1,2,1,Bueno
2014-05-04,6.943262411347518,11.052083333333334,23.51736111111111,76.7827380952381,3.3041666666666667,1,1,1,2,1,Bueno
2014-05-05,13.384615384615385,22.669014084507044,48.532986111111114,53.1875,4.1375,1,1,1,1,1,Muy Bueno
2014-05-06,15.416666666666666,28.13888888888889,44.73090277777778,49.604166666666664,4.133333333333334,2,2,1,1,1,Bueno
2014-05-07,14.881944444444445,26.9375,53.0625,43.74925373134328,4.595833333333333,1,2,2,1,1,Bueno
2014-05-08,17.34965034965035,30.760416666666668,49.03125,59.63392857142857,4.2375,2,2,1,1,1,Bueno
2014-05-09,12.422535211267606,21.21875,29.56423611111111,73.0955223880597,4.066666666666666,1,1,1,2,1,Bueno
2014-05-10,11.0,20.14236111111111,30.88888888888889,65.53432835820895,4.058333333333334,1,1,1,2,1,Bueno
2014-05-11,7.770833333333333,15.17921146953405,22.02777777777778,61.35329341317365,3.6416666666666666,1,1,1,2,1,Bueno
2014-05-12,10.893617021276595,20.238095238095237,29.87979094076655,61.26047904191617,3.8870292887029287,1,1,1,2,1,Bueno
2014-05-13,9.447552447552448,17.9375,15.169014084507042,70.60778443113773,3.4261603375527425,1,1,1,2,1,Bueno
2014-05-14,8.63888888888889,15.912587412587413,21.321616871704745,80.39221556886227,3.401673640167364,1,1,1,2,1,Bueno
2014-05-15,9.704225352112676,19.930555555555557,17.428819444444443,85.29464285714286,3.525,1,1,1,2,1,Bueno
2014-05-16,7.591549295774648,16.739583333333332,20.706086956521737,89.97305389221557,3.6779661016949152,1,1,1,2,1,Bueno
2014-05-17,9.930555555555555,20.194444444444443,17.89236111111111,102.19940476190476,3.4916666666666667,1,1,1,2,1,Bueno
2014-05-18,8.908450704225352,19.006944444444443,18.60590277777778,100.24179104477612,3.5833333333333335,1,1,1,2,1,Bueno
2014-05-19,16.90909090909091,33.364583333333336,24.07465277777778,89.03283582089553,3.6625,2,2,1,2,1,Bueno
2014-05-20,10.585714285714285,15.524305555555555,20.164335664335663,77.76204819277109,3.308333333333333,1,1,1,2,1,Bueno
2014-05-21,10.14074074074074,15.652329749103943,21.241319444444443,73.95808383233533,3.3583333333333334,1,1,1,2,1,Bueno
2014-05-22,7.9020979020979025,11.482517482517483,18.979166666666668,65.92447129909365,3.3833333333333333,1,1,1,2,1,Bueno
2014-05-23,8.795774647887324,11.602112676056338,20.86759581881533,73.63829787234043,3.529166666666667,1,1,1,2,1,Bueno
2014-05-24,8.507042253521126,11.13888888888889,19.734375,80.47619047619048,3.716666666666667,1,1,1,2,1,Bueno
2014-05-25,11.368055555555555,16.205574912891986,18.73090277777778,81.00297619047619,3.55,1,1,1,2,1,Bueno
2014-05-26,8.314685314685315,12.035087719298245,22.296684118673646,80.63880597014925,3.6092436974789917,1,1,1,2,1,Bueno
2014-05-27,9.815602836879433,14.772727272727273,23.27951388888889,79.42771084337349,3.831223628691983,1,1,1,2,1,Bueno
2014-05-28,9.659722222222221,14.414035087719299,22.43576388888889,62.80059523809524,3.6923076923076925,1,1,1,2,1,Bueno
2014-05-29,8.02836879432624,11.866906474820144,26.761739130434783,52.403614457831324,3.7966101694915255,1,1,1,1,1,Muy Bueno
2014-05-30,6.190140845070423,11.101754385964913,19.756567425569177,65.15522388059702,3.5708333333333333,1,1,1,2,1,Bueno
2014-05-31,6.236111111111111,11.19163763066202,11.947916666666666,80.36309523809524,3.45,1,1,1,2,1,Bueno
2014-06-01,6.118055555555555,10.70138888888889,10.772569444444445,84.9672619047619,3.433333333333333,1,1,1,2,1,Bueno
2014-06-02,8.534722222222221,13.682926829268293,24.473958333333332,88.05654761904762,3.5397489539748954,1,1,1,2,1,Bueno
2014-06-03,10.444444444444445,19.27177700348432,31.713541666666668,76.61011904761905,3.9240506329113924,1,1,1,2,1,Bueno
2014-06-04,9.770833333333334,19.01388888888889,23.223958333333332,75.24702380952381,3.5,1,1,1,2,1,Bueno
2014-06-05,9.23611111111111,19.395833333333332,27.47222222222222,84.75297619047619,3.5791666666666666,1,1,1,2,1,Bueno
2014-06-06,19.95138888888889,49.177700348432055,40.0,59.961309523809526,4.291666666666667,2,2,1,1,1,Bueno
2014-06-07,8.708333333333334,18.958333333333332,15.13888888888889,55.42261904761905,3.441666666666667,1,1,1,1,1,Muy Bueno
2014-06-08,8.631944444444445,16.60763888888889,25.256944444444443,56.82142857142857,3.6166666666666667,1,1,1,1,1,Muy Bueno
2014-06-09,10.01388888888889,20.407665505226483,28.202443280977313,64.56119402985074,3.6864406779661016,1,1,1,2,1,Bueno
2014-06-10,10.04861111111111,21.458333333333332,31.523478260869567,60.85970149253731,4.286919831223629,1,1,1,2,1,Bueno
2014-06-11,14.51063829787234,26.855072463768117,32.900696864111495,71.95795795795796,4.239495798319328,1,2,1,2,1,Bueno
2014-06-12,12.748251748251748,22.756944444444443,34.27777777777778,74.00595238095238,4.283333333333333,1,1,1,2,1,Bueno
2014-06-13,14.702127659574469,24.43816254416961,39.791666666666664,77.8422619047619,4.154166666666667,1,1,1,2,1,Bueno
2014-06-14,8.722222222222221,15.878472222222221,17.50173611111111,95.94345238095238,4.079166666666667,1,1,1,2,1,Bueno
2014-06-15,8.20138888888889,15.211805555555555,11.131944444444445,98.23809523809524,3.4791666666666665,1,1,1,2,1,Bueno
2014-06-16,7.743055555555555,13.222222222222221,15.875,94.30059523809524,3.5,1,1,1,2,1,Bueno
2014-06-17,9.520833333333334,16.788194444444443,23.90625,103.63392857142857,3.5875,1,1,1,2,1,Bueno
2014-06-18,13.458333333333334,24.34375,30.303819444444443,102.81547619047619,3.95,1,1,1,2,1,Bueno
2014-06-19,17.880281690140844,34.40072202166065,19.38888888888889,92.69642857142857,3.9583333333333335,2,2,1,2,1,Bueno
2014-06-20,15.291666666666666,30.294736842105262,25.008680555555557,81.17261904761905,4.0375,2,2,1,2,1,Bueno
2014-06-21,8.62937062937063,18.243055555555557,14.31423611111111,76.98214285714286,3.65,1,1,1,2,1,Bueno
2014-06-22,9.07638888888889,17.21527777777778,26.63888888888889,63.11904761904762,3.6625,1,1,1,2,1,Bueno
2014-06-23,10.708333333333334,22.36111111111111,30.513089005235603,63.66567164179104,3.9201680672268906,1,1,1,2,1,Bueno
2014-06-24,9.645833333333334,19.63888888888889,26.9375,63.220238095238095,3.707112970711297,1,1,1,2,1,Bueno
2014-06-25,8.4375,14.64459930313589,28.729965156794425,78.77380952380952,3.7364016736401675,1,1,1,2,1,Bueno
2014-06-26,13.26388888888889,20.445993031358885,33.96853146853147,73.89489489489489,3.827004219409283,1,1,1,2,1,Bueno
2014-06-27,11.091549295774648,18.254355400696863,37.07155322862129,62.78443113772455,4.10126582278481,1,1,1,2,1,Bueno
2014-06-28,8.04861111111111,17.666666666666668,24.256944444444443,50.68154761904762,3.7364016736401675,1,1,1,1,1,Muy Bueno
2014-06-29,5.368055555555555,10.302083333333334,13.07986111111111,80.49404761904762,3.7916666666666665,1,1,1,2,1,Bueno
2014-06-30,8.29861111111111,15.944444444444445,26.76707530647986,70.6,4.1125,1,1,1,2,1,Bueno
2014-07-01,9.381944444444445,18.99651567944251,23.404553415061297,68.8452380952381,3.8916666666666666,1,1,1,2,1,Bueno
2014-07-02,9.671328671328672,17.51985559566787,20.024518388791595,71.76347305389221,3.9623430962343096,1,1,1,2,1,Bueno
2014-07-03,11.391608391608392,18.86813186813187,22.410714285714285,59.40298507462686,3.9375,1,1,1,1,1,Muy Bueno
2014-07-04,8.729166666666666,14.418118466898955,29.73843416370107,64.89850746268657,3.9916666666666667,1,1,1,2,1,Bueno
2014-07-05,11.36111111111111,17.73263888888889,32.67534722222222,75.04761904761905,4.208333333333333,1,1,1,2,1,Bueno
2014-07-06,8.23611111111111,14.836805555555555,15.288194444444445,46.904761904761905,3.8291666666666666,1,1,1,1,1,Muy Bueno
2014-07-07,6.486111111111111,12.003472222222221,19.302977232924693,60.60422960725076,3.9327731092436973,1,1,1,2,1,Bueno
2014-07-08,9.215277777777779,15.663194444444445,30.79824561403509,70.56756756756756,4.2175732217573225,1,1,1,2,1,Bueno
2014-07-09,7.180555555555555,13.336805555555555,14.973544973544973,70.86706948640483,3.953781512605042,1,1,1,2,1,Bueno
2014-07-10,6.159722222222222,12.325174825174825,16.638743455497384,81.15264797507788,3.7489539748953975,1,1,1,2,1,Bueno
2014-07-11,8.208333333333334,15.381944444444445,20.31588132635253,79.49101796407186,3.8333333333333335,1,1,1,2,1,Bueno
2014-07-12,7.825174825174825,13.562937062937063,15.807291666666666,75.375,3.85,1,1,1,2,1,Bueno
2014-07-13,8.284722222222221,14.239583333333334,17.255208333333332,79.15178571428571,3.904166666666667,1,1,1,2,1,Bueno
2014-07-14,10.458333333333334,18.774305555555557,36.779513888888886,72.76488095238095,4.1375,1,1,1,2,1,Bueno
2014-07-15,12.993055555555555,24.270175438596493,33.09722222222222,83.5044776119403,4.033333333333333,1,1,1,2,1,Bueno
2014-07-16,18.63888888888889,36.9375,52.892361111111114,75.2202380952381,4.716666666666667,2,2,2,2,1,Bueno
2014-07-17,22.02097902097902,50.66783216783217,54.314236111111114,66.5122699386503,4.870833333333334,2,3,2,2,1,Regular
2014-07-18,22.041666666666668,53.45454545454545,42.78125,68.27380952380952,5.016666666666667,2,3,1,2,1,Regular
2014-07-19,9.805555555555555,20.644599303135887,12.041666666666666,69.80654761904762,3.8208333333333333,1,1,1,2,1,Bueno
2014-07-20,5.805555555555555,10.23611111111111,12.274305555555555,66.82738095238095,3.591666666666667,1,1,1,2,1,Bueno
2014-07-21,7.713286713286713,14.567944250871081,28.843205574912893,69.56417910447762,3.936974789915966,1,1,1,2,1,Bueno
2014-07-22,8.804195804195805,17.4006968641115,33.79232111692845,83.91591591591592,3.9873417721518987,1,1,1,2,1,Bueno
2014-07-23,11.784722222222221,24.3986013986014,38.14260869565217,80.8502994011976,4.616666666666666,1,1,1,2,1,Bueno
2014-07-24,13.412587412587413,25.753521126760564,32.39160839160839,96.33333333333333,4.436974789915967,1,2,1,2,1,Bueno
2014-07-25,14.61111111111111,27.194444444444443,41.782229965156795,82.04191616766467,4.2677824267782425,1,2,1,2,1,Bueno
2014-07-26,16.944444444444443,28.356890459363957,29.901041666666668,98.73134328358209,4.4125,2,2,1,2,1,Bueno
2014-07-27,16.664335664335663,25.581132075471697,21.685053380782918,105.03726708074534,4.632743362831858,2,2,1,2,1,Bueno
2014-07-28,16.041666666666668,29.66030534351145,31.971014492753625,93.08653846153847,4.62037037037037,2,2,1,2,1,Bueno
2014-07-29,6.166666666666667,14.215827338129497,13.469964664310954,79.68012422360249,3.908296943231441,1,1,1,2,1,Bueno
2014-07-30,6.819444444444445,14.087412587412587,20.90277777777778,91.21428571428571,3.875,1,1,1,2,1,Bueno
2014-07-31,14.569444444444445,28.228070175438596,34.873263888888886,79.27083333333333,4.5125,1,2,1,2,1,Bueno
2014-08-01,17.06993006993007,33.87152777777778,19.76388888888889,89.7827380952381,3.966666666666667,2,2,1,2,1,Bueno
2014-08-02,9.9375,17.506944444444443,11.90451388888889,80.44545454545455,3.7416666666666667,1,1,1,2,1,Bueno
2014-08-03,6.305555555555555,12.668989547038327,11.597222222222221,63.60576923076923,3.7083333333333335,1,1,1,2,1,Bueno
2014-08-04,9.762237762237762,19.377622377622377,27.702797202797203,63.9375,4.063291139240507,1,1,1,2,1,Bueno
2014-08-05,12.447552447552448,24.19298245614035,24.890434782608697,87.62874251497006,3.957983193277311,1,1,1,2,1,Bueno
2014-08-06,12.330985915492958,23.9,30.102966841186735,80.91616766467065,4.343096234309623,1,1,1,2,1,Bueno
2014-08-07,10.013986013986013,21.336805555555557,29.613240418118465,71.35820895522389,4.4375,1,1,1,2,1,Bueno
2014-08-08,8.871428571428572,22.347985347985347,27.885918003565063,60.9190031152648,4.349344978165939,1,1,1,2,1,Bueno
2014-08-09,9.090277777777779,20.439393939393938,23.641304347826086,56.625,4.532407407407407,1,1,1,1,1,Muy Bueno
2014-08-10,9.458333333333334,19.810606060606062,14.573502722323049,78.21543408360128,4.00462962962963,1,1,1,2,1,Bueno
2014-08-11,9.583333333333334,21.5625,24.447415329768273,67.97507788161994,4.275555555555556,1,1,1,2,1,Bueno
2014-08-12,8.411764705882353,21.81159420289855,25.113636363636363,70.67878787878787,4.404255319148936,1,1,1,2,1,Bueno
2014-08-13,5.041666666666667,12.657342657342657,13.416666666666666,74.25297619047619,3.966666666666667,1,1,1,2,1,Bueno
2014-08-14,7.652777777777778,18.20486111111111,15.055555555555555,83.88690476190476,4.016666666666667,1,1,1,2,1,Bueno
2014-08-15,8.743055555555555,19.58041958041958,16.20659722222222,89.0297619047619,4.116666666666666,1,1,1,2,1,Bueno
2014-08-16,10.788732394366198,21.085106382978722,11.21701388888889,86.91369047619048,3.9916666666666667,1,1,1,2,1,Bueno
2014-08-17,9.76388888888889,20.447552447552447,15.710069444444445,83.42559523809524,4.070833333333334,1,1,1,2,1,Bueno
2014-08-18,13.874125874125873,32.32752613240418,29.412891986062718,69.39583333333333,4.395833333333333,1,2,1,2,1,Bueno
2014-08-19,9.728571428571428,18.06338028169014,27.876106194690266,72.72727272727273,4.205882352941177,1,1,1,2,1,Bueno
2014-08-20,13.52112676056338,28.302083333333332,25.86164623467601,86.70359281437126,4.2175732217573225,1,2,1,2,1,Bueno
2014-08-21,9.410071942446043,20.93262411347518,24.53298611111111,65.50892857142857,4.1375,1,1,1,2,1,Bueno
2014-08-22,9.825174825174825,21.512367491166078,21.35763888888889,72.88095238095238,4.179166666666666,1,1,1,2,1,Bueno
2014-08-23,6.694444444444445,12.202090592334494,19.272569444444443,75.94345238095238,4.0625,1,1,1,2,1,Bueno
2014-08-24,9.929577464788732,20.871080139372822,25.125,72.54166666666667,4.2375,1,1,1,2,1,Bueno
2014-08-25,11.777777777777779,24.899305555555557,40.828125,63.82738095238095,4.958333333333333,1,1,1,2,1,Bueno
2014-08-26,11.083916083916083,28.05923344947735,24.765625,55.541666666666664,4.191666666666666,1,2,1,1,1,Bueno
2014-08-27,11.930555555555555,23.93006993006993,24.57986111111111,52.145833333333336,4.120833333333334,1,1,1,1,1,Muy Bueno
2014-08-28,13.46808510638298,29.88421052631579,35.95636998254799,43.24024024024024,4.827004219409282,1,2,1,1,1,Bueno
2014-08-29,10.424242424242424,26.334545454545456,31.449557522123893,60.11042944785276,4.4,1,2,1,2,1,Bueno
2014-08-30,13.395833333333334,27.43402777777778,20.92013888888889,68.78869047619048,4.05,1,2,1,2,1,Bueno
2014-08-31,13.041958041958042,23.597902097902097,20.70659722222222,71.71428571428571,3.9833333333333334,1,1,1,2,1,Bueno
2014-09-01,11.221428571428572,20.451957295373667,33.30105633802817,67.8855421686747,4.293617021276596,1,1,1,2,1,Bueno
2014-09-02,13.546099290780141,30.25830258302583,36.30381944444444,63.293413173652695,4.502092050209205,1,2,1,2,1,Bueno
2014-09-03,14.82857142857143,32.38732394366197,33.85839160839161,65.71036585365853,4.751054852320675,1,2,1,2,1,Bueno
2014-09-04,9.944444444444445,20.993055555555557,23.75741710296684,55.81547619047619,4.058333333333334,1,1,1,1,1,Muy Bueno
2014-09-05,11.041958041958042,23.846689895470384,38.140625,52.666666666666664,4.420833333333333,1,1,1,1,1,Muy Bueno
2014-09-06,10.097222222222221,22.208333333333332,27.274305555555557,48.00892857142857,4.254166666666666,1,1,1,1,1,Muy Bueno
2014-09-07,9.493055555555555,20.32986111111111,26.020833333333332,47.55952380952381,4.154166666666667,1,1,1,1,1,Muy Bueno
2014-09-08,8.472222222222221,16.247386759581882,30.38715277777778,64.72619047619048,3.9404255319148938,1,1,1,2,1,Bueno
2014-09-09,9.692307692307692,18.802120141342755,35.412173913043475,65.0,3.899159663865546,1,1,1,2,1,Bueno
2014-09-10,12.5625,27.735191637630663,41.95113438045375,59.95238095238095,3.9661016949152543,1,2,1,1,1,Bueno
2014-09-11,8.321678321678322,20.45644599303136,24.697391304347825,66.34925373134328,3.598326359832636,1,1,1,2,1,Bueno
2014-09-12,8.243055555555555,17.84722222222222,33.177083333333336,53.211309523809526,3.8361344537815127,1,1,1,1,1,Muy Bueno
2014-09-13,8.652777777777779,18.15277777777778,31.852430555555557,49.61011904761905,3.841666666666667,1,1,1,1,1,Muy Bueno
2014-09-14,7.972222222222222,17.23263888888889,28.52951388888889,52.955357142857146,3.6458333333333335,1,1,1,1,1,Muy Bueno
2014-09-15,6.531914893617022,15.76678445229682,32.50260869565217,49.81437125748503,3.823529411764706,1,1,1,1,1,Muy Bueno
2014-09-16,9.71631205673759,25.88850174216028,37.45804195804196,48.52012383900929,4.350210970464135,1,2,1,1,1,Bueno
2014-09-17,9.690647482014388,18.65017667844523,25.052724077328648,51.006006006006004,3.577405857740586,1,1,1,1,1,Muy Bueno
2014-09-18,7.532374100719425,13.92831541218638,29.590592334494772,42.16119402985075,3.6192468619246863,1,1,1,1,1,Muy Bueno
2014-09-19,7.852112676056338,14.127659574468085,31.6602787456446,35.23880597014925,3.629166666666667,1,1,1,1,1,Muy Bueno
2014-09-20,8.159722222222221,13.14236111111111,35.75,35.9375,3.9583333333333335,1,1,1,1,1,Muy Bueno
2014-09-21,8.07638888888889,14.520833333333334,26.46527777777778,59.848214285714285,4.020833333333333,1,1,1,1,1,Muy Bueno
2014-09-22,8.071428571428571,14.227758007117437,29.69217391304348,48.967261904761905,3.6260504201680672,1,1,1,1,1,Muy Bueno
2014-09-23,8.345070422535212,14.27719298245614,29.055555555555557,51.0,3.3907563025210083,1,1,1,1,1,Muy Bueno
2014-09-24,8.216783216783217,13.149466192170818,39.780869565217394,44.355223880597016,3.0683760683760686,1,1,1,1,1,Muy Bueno
2014-09-25,20.6875,25.402877697841728,32.572916666666664,57.586309523809526,3.7983193277310923,2,2,1,1,1,Bueno
2014-09-26,19.15277777777778,27.54385964912281,40.47743055555556,54.87797619047619,3.5416666666666665,2,2,1,1,1,Bueno
2014-09-27,16.819444444444443,24.45644599303136,32.239583333333336,55.479166666666664,2.779166666666667,2,1,1,1,1,Bueno
2014-09-28,16.48611111111111,22.083333333333332,23.91840277777778,59.69047619047619,2.55,2,1,1,1,1,Bueno
2014-09-29,16.055555555555557,21.79432624113475,46.30487804878049,35.19047619047619,3.357142857142857,2,1,1,1,1,Bueno
2014-09-30,12.6875,20.28125,52.73076923076923,38.408408408408405,3.811715481171548,1,1,2,1,1,Bueno
2014-10-01,13.541666666666666,24.336805555555557,34.09722222222222,50.157738095238095,2.841666666666667,1,1,1,1,1,Muy Bueno
2014-10-02,12.597222222222221,24.55902777777778,35.13240418118467,44.93413173652694,3.025,1,1,1,1,1,Muy Bueno
2014-10-03,13.375,27.25347222222222,44.85614035087719,42.4789156626506,3.2142857142857144,1,2,1,1,1,Bueno
2014-10-04,13.020833333333334,21.97222222222222,44.51909722222222,43.29761904761905,3.2375,1,1,1,1,1,Muy Bueno
2014-10-05,12.833333333333334,22.104166666666668,31.15972222222222,62.45238095238095,2.775,1,1,1,2,1,Bueno
2014-10-06,12.485915492957746,23.038327526132406,38.098958333333336,46.25449101796407,3.1458333333333335,1,1,1,1,1,Muy Bueno
2014-10-07,7.492957746478873,14.195804195804195,22.746059544658493,46.426426426426424,2.5439330543933054,1,1,1,1,1,Muy Bueno
2014-10-08,9.645833333333334,18.468309859154928,30.56414762741652,34.17611940298507,2.9208333333333334,1,1,1,1,1,Muy Bueno
2014-10-09,8.215277777777779,13.368055555555555,25.25130890052356,26.214285714285715,2.7,1,1,1,1,1,Muy Bueno
2014-10-10,6.741258741258742,9.874125874125873,37.75741710296684,29.61492537313433,2.7333333333333334,1,1,1,1,1,Muy Bueno
2014-10-11,7.190140845070423,11.735191637630662,29.76215277777778,31.229166666666668,2.6708333333333334,1,1,1,1,1,Muy Bueno
2014-10-12,5.138888888888889,8.26736111111111,17.631944444444443,59.11607142857143,2.466666666666667,1,1,1,1,1,Muy Bueno
2014-10-13,7.152777777777778,11.868055555555555,21.454545454545453,55.550898203592816,2.508403361344538,1,1,1,1,1,Muy Bueno
2014-10-14,7.479166666666667,11.451048951048952,38.161061946902656,48.12844036697248,2.7637130801687766,1,1,1,1,1,Muy Bueno
2014-10-15,10.847222222222221,22.22222222222222,38.20282186948854,29.53012048192771,3.046218487394958,1,1,1,1,1,Muy Bueno
2014-10-16,9.465277777777779,16.961805555555557,31.645045045045045,28.74534161490683,3.0418410041841004,1,1,1,1,1,Muy Bueno
2014-10-17,13.258741258741258,22.072916666666668,44.94764397905759,24.87125748502994,3.6875,1,1,1,1,1,Muy Bueno
2014-10-18,13.777777777777779,26.32404181184669,45.427083333333336,28.520833333333332,4.045833333333333,1,2,1,1,1,Bueno
2014-10-19,15.104166666666666,35.13194444444444,37.96180555555556,38.898809523809526,3.5458333333333334,2,2,1,1,1,Bueno
2014-10-20,21.48611111111111,44.198606271777,60.932291666666664,26.735119047619047,4.908333333333333,2,2,2,1,1,Bueno
2014-10-21,26.93006993006993,59.96153846153846,71.09548611111111,21.577380952380953,5.783333333333333,2,3,2,1,1,Regular
2014-10-22,12.695035460992909,31.418118466898953,47.13835376532399,35.24107142857143,3.925,1,2,1,1,1,Bueno
2014-10-23,13.37037037037037,27.575539568345324,64.16315789473684,25.56969696969697,5.136752136752137,1,2,2,1,1,Bueno
2014-10-24,18.791666666666668,41.89510489510489,57.6520979020979,23.91616766467066,5.295833333333333,2,2,2,1,1,Bueno
2014-10-25,13.9375,29.912891986062718,42.359375,33.595238095238095,4.0125,1,2,1,1,1,Bueno
2014-10-26,13.979020979020978,29.552083333333332,40.265625,32.1875,4.1375,1,2,1,1,1,Bueno
2014-10-27,17.479166666666668,39.545138888888886,61.20950704225352,23.50455927051672,5.1344537815126055,2,2,2,1,1,Bueno
2014-10-28,22.443661971830984,44.13194444444444,68.65124555160142,21.952380952380953,5.529166666666667,2,2,2,1,1,Bueno
2014-10-29,22.321678321678323,43.71328671328671,73.29895104895105,22.449101796407184,5.573221757322176,2,2,2,1,1,Bueno
2014-10-30,22.880281690140844,41.68402777777778,78.8641975308642,19.31641791044776,6.582278481012659,2,2,2,1,1,Bueno
2014-10-31,16.833333333333332,33.5979020979021,60.00351493848858,25.58858858858859,5.451063829787234,2,2,2,1,1,Bueno
2014-11-01,17.520833333333332,31.95138888888889,59.58159722222222,26.12797619047619,5.679166666666666,2,2,2,1,1,Bueno
2014-11-02,16.09027777777778,27.0,43.51826086956522,32.376119402985076,4.879166666666666,2,2,1,1,1,Bueno
2014-11-03,6.73758865248227,11.52482269503546,35.77447552447553,35.873873873873876,3.721518987341772,1,1,1,1,1,Muy Bueno
2014-11-04,5.576388888888889,8.024305555555555,25.008680555555557,59.645833333333336,4.545833333333333,1,1,1,1,1,Muy Bueno
2014-11-05,9.184397163120567,12.610526315789473,34.61256544502618,49.11077844311377,5.991561181434599,1,1,1,1,1,Muy Bueno
2014-11-06,10.277777777777779,16.92013888888889,41.09375,35.845238095238095,4.933333333333334,1,1,1,1,1,Muy Bueno
2014-11-07,7.839160839160839,12.153846153846153,32.375652173913046,42.97014925373134,4.03347280334728,1,1,1,1,1,Muy Bueno
2014-11-08,7.694444444444445,13.717770034843205,31.528695652173912,50.25595238095238,3.8870292887029287,1,1,1,1,1,Muy Bueno
2014-11-09,5.598540145985401,8.416370106761565,28.441124780316343,54.325,4.383333333333334,1,1,1,1,1,Muy Bueno
2014-11-10,10.63888888888889,14.239583333333334,43.96173913043478,28.887459807073956,5.325,1,1,1,1,1,Muy Bueno
2014-11-11,9.055944055944057,12.285714285714286,45.5305410122164,30.686520376175547,4.468354430379747,1,1,1,1,1,Muy Bueno
2014-11-12,7.916666666666667,12.791666666666666,28.982517482517483,48.125373134328356,3.8781512605042017,1,1,1,1,1,Muy Bueno
2014-11-13,9.9375,16.912891986062718,50.1637323943662,20.40963855421687,4.2076271186440675,1,1,2,1,1,Bueno
2014-11-14,6.083333333333333,9.371527777777779,32.61578947368421,48.35562310030395,3.8085106382978724,1,1,1,1,1,Muy Bueno
2014-11-15,6.243055555555555,9.253521126760564,21.223958333333332,52.80654761904762,3.5625,1,1,1,1,1,Muy Bueno
2014-11-16,6.277777777777778,9.760416666666666,19.583333333333332,49.69345238095238,3.6708333333333334,1,1,1,1,1,Muy Bueno
2014-11-17,7.73943661971831,13.473867595818815,36.99304347826087,46.029761904761905,4.418410041841004,1,1,1,1,1,Muy Bueno
2014-11-18,13.373239436619718,21.72887323943662,65.65565217391304,12.492537313432836,6.858333333333333,1,1,2,1,1,Bueno
2014-11-19,15.645833333333334,24.08421052631579,61.958260869565216,17.699404761904763,8.00836820083682,2,1,2,1,1,Bueno
2014-11-20,12.45138888888889,21.61111111111111,53.345486111111114,22.017857142857142,7.758333333333334,1,1,2,1,1,Bueno
2014-11-21,15.340277777777779,28.538194444444443,53.49131944444444,19.351190476190474,7.820833333333334,2,2,2,1,1,Bueno
2014-11-22,15.590277777777779,38.0625,40.55034722222222,17.360119047619047,8.154166666666667,2,2,1,1,1,Bueno
2014-11-23,28.29861111111111,91.69791666666667,36.078125,20.300595238095237,6.379166666666666,2,4,1,1,1,Malo
2014-11-24,20.664285714285715,54.10283687943262,50.056338028169016,17.376506024096386,7.5702127659574465,2,3,2,1,1,Regular
2014-11-25,24.192,54.032967032967036,51.71853146853147,14.234939759036145,7.105485232067511,2,3,2,1,1,Regular
2014-11-26,7.592307692307692,16.889705882352942,39.49391304347826,32.67164179104478,5.0625,1,1,1,1,1,Muy Bueno
2014-11-27,8.0,13.846689895470384,47.92534722222222,21.266467065868262,5.504166666666666,1,1,1,1,1,Muy Bueno
2014-11-28,6.899280575539568,10.081272084805654,43.77152899824253,38.57446808510638,5.1752136752136755,1,1,1,1,1,Muy Bueno
2014-11-29,7.823076923076923,10.135036496350365,44.92717584369449,33.083591331269346,6.11453744493392,1,1,1,1,1,Muy Bueno
2014-11-30,11.430555555555555,14.947552447552448,46.064236111111114,20.160714285714285,6.229166666666667,1,1,1,1,1,Muy Bueno
2014-12-01,8.531468531468532,14.713286713286713,42.20695652173913,39.275449101796404,6.7196652719665275,1,1,1,1,1,Muy Bueno
2014-12-02,7.979166666666667,12.090277777777779,39.998263888888886,36.44477611940299,7.279166666666667,1,1,1,1,1,Muy Bueno
2014-12-03,6.048951048951049,9.606271777003485,40.297391304347826,18.450746268656715,8.322175732217573,1,1,1,1,1,Muy Bueno
2014-12-04,7.020833333333333,10.717314487632509,37.00696864111498,25.720238095238095,6.525,1,1,1,1,1,Muy Bueno
2014-12-05,11.479166666666666,18.367132867132867,57.7145390070922,15.292537313432836,8.267782426778243,1,1,2,1,1,Bueno
2014-12-06,8.26388888888889,11.666666666666666,40.067708333333336,34.142857142857146,5.975,1,1,1,1,1,Muy Bueno
2014-12-07,6.034722222222222,9.743055555555555,33.682291666666664,53.101190476190474,5.879166666666666,1,1,1,1,1,Muy Bueno
2014-12-08,10.319444444444445,16.1875,64.24216027874564,16.856716417910448,6.874476987447698,1,1,2,1,1,Bueno
2014-12-09,8.978102189781023,13.891228070175439,58.14310954063604,27.819277108433734,7.852320675105485,1,1,2,1,1,Bueno
2014-12-10,15.07638888888889,26.937062937062937,81.08623853211009,14.02694610778443,9.740425531914894,2,2,2,1,1,Bueno
2014-12-11,20.985401459854014,35.454873646209386,99.07473309608541,7.011940298507462,12.907563025210084,2,2,2,1,1,Bueno
2014-12-12,17.123076923076923,26.084249084249084,74.3763440860215,9.146788990825687,10.072340425531914,2,2,2,1,1,Bueno
2014-12-13,14.216783216783217,21.937282229965156,48.66840277777778,22.080357142857142,5.758333333333334,1,1,1,1,1,Muy Bueno
2014-12-14,8.8125,14.14236111111111,37.927083333333336,35.44642857142857,6.1,1,1,1,1,1,Muy Bueno
2014-12-15,7.774436090225564,12.273381294964029,44.91590493601463,29.62460567823344,8.004166666666666,1,1,1,1,1,Muy Bueno
2014-12-16,16.65972222222222,26.42361111111111,76.88545454545455,8.23397435897436,10.429166666666667,2,2,2,1,1,Bueno
2014-12-17,19.72222222222222,32.04895104895105,86.88029465930019,6.347682119205298,11.150627615062762,2,2,2,1,1,Bueno
2014-12-18,24.86013986013986,39.35087719298246,94.12591240875912,5.919614147909968,13.379166666666666,2,2,2,1,1,Bueno
2014-12-19,26.56737588652482,36.87847222222222,84.09289617486338,5.742765273311897,13.070833333333333,2,2,2,1,1,Bueno
2014-12-20,14.62962962962963,19.40909090909091,62.83152173913044,10.532051282051283,12.1125,1,1,2,1,1,Bueno
2014-12-21,7.763888888888889,11.590909090909092,48.19600725952813,20.522435897435898,9.401673640167363,1,1,1,1,1,Muy Bueno
2014-12-22,8.180555555555555,14.902777777777779,58.382246376811594,17.73076923076923,10.475,1,1,2,1,1,Bueno
2014-12-23,13.541666666666666,21.825174825174827,76.24137931034483,16.329113924050635,10.720833333333333,1,1,2,1,1,Bueno
2014-12-24,15.26056338028169,21.823104693140795,63.2661996497373,11.55722891566265,9.614406779661017,2,1,2,1,1,Bueno
2014-12-25,9.44055944055944,12.524305555555555,43.873263888888886,26.169642857142858,8.566666666666666,1,1,1,1,1,Muy Bueno
2014-12-26,12.891472868217054,19.29432624113475,66.78771929824562,10.840361445783133,10.271186440677965,1,1,2,1,1,Bueno
2014-12-27,13.584745762711865,20.555555555555557,51.43055555555556,12.56547619047619,8.166666666666666,1,1,2,1,1,Bueno
2014-12-28,7.033333333333333,16.802083333333332,19.44965277777778,61.36011904761905,5.9125,1,1,1,2,1,Bueno
2014-12-29,5.575,10.95138888888889,33.30381944444444,52.779761904761905,9.2,1,1,1,1,1,Muy Bueno
2014-12-30,11.292929292929292,24.27659574468085,85.3391304347826,13.583333333333334,11.825,1,1,2,1,1,Bueno
2014-12-31,22.083333333333332,34.03135888501742,93.29166666666667,6.8273809523809526,13.395833333333334,2,2,2,1,1,Bueno
2015-01-01,29.34722222222222,37.280141843971634,95.77256944444444,10.553571428571429,14.316666666666666,2,2,2,1,1,Bueno
2015-01-02,20.309859154929576,27.76140350877193,100.64756944444444,7.348214285714286,15.025,2,2,3,1,1,Regular
2015-01-03,19.01388888888889,24.209386281588447,90.72395833333333,8.047619047619047,13.7375,2,1,2,1,1,Bueno
2015-01-04,18.458333333333332,21.708333333333332,91.85069444444444,10.982089552238806,14.420833333333333,2,1,2,1,1,Bueno
2015-01-05,18.15277777777778,22.763250883392224,83.60984182776801,10.006079027355623,12.317596566523605,2,1,2,1,1,Bueno
2015-01-06,23.041666666666668,25.01736111111111,75.85314685314685,9.374622356495468,11.15,2,2,2,1,1,Bueno
2015-01-07,21.033898305084747,25.4822695035461,91.88461538461539,10.6006006006006,12.831932773109244,2,2,2,1,1,Bueno
2015-01-08,15.914893617021276,22.288732394366196,86.85165794066317,10.538922155688622,13.083682008368202,2,1,2,1,1,Bueno
2015-01-09,16.1875,26.752613240418118,102.46515679442508,8.64864864864865,15.529166666666667,2,2,3,1,1,Regular
2015-01-10,13.479166666666666,19.430555555555557,83.56293706293707,10.105421686746988,12.229166666666666,1,1,2,1,1,Bueno
2015-01-11,14.354166666666666,17.43205574912892,70.52604166666667,12.029761904761905,11.820833333333333,1,1,2,1,1,Bueno
2015-01-12,8.114285714285714,16.745644599303137,65.56695652173913,21.51044776119403,11.410041841004183,1,1,2,1,1,Bueno
2015-01-13,15.666666666666666,21.177083333333332,67.88368055555556,12.388059701492537,9.698744769874477,2,1,2,1,1,Bueno
2015-01-14,21.0,28.57986111111111,69.06434782608696,9.123493975903614,8.783333333333333,2,2,2,1,1,Bueno
2015-01-15,13.208333333333334,14.993055555555555,53.69055944055944,18.493939393939392,6.5,1,1,2,1,1,Bueno
2015-01-16,7.1875,7.961805555555555,37.092013888888886,48.88392857142857,5.645833333333333,1,1,1,1,1,Muy Bueno
2015-01-17,7.541666666666667,10.708333333333334,46.13194444444444,36.919642857142854,6.254166666666666,1,1,1,1,1,Muy Bueno
2015-01-18,9.895833333333334,11.188811188811188,40.060763888888886,24.047619047619047,5.304166666666666,1,1,1,1,1,Muy Bueno
2015-01-19,5.3768115942028984,8.68661971830986,40.640980735551665,40.174174174174176,6.206751054852321,1,1,1,1,1,Muy Bueno
2015-01-20,9.988888888888889,17.652631578947368,69.02451838879159,16.349253731343282,7.2343096234309625,1,1,2,1,1,Bueno
2015-01-21,8.015384615384615,11.333333333333334,53.73905429071804,27.419161676646706,5.910256410256411,1,1,2,1,1,Bueno
2015-01-22,6.083333333333333,10.399305555555555,43.62937062937063,46.91317365269461,6.084745762711864,1,1,1,1,1,Muy Bueno
2015-01-23,10.854166666666666,15.737762237762238,66.06172839506173,27.13677811550152,9.436974789915967,1,1,2,1,1,Bueno
2015-01-24,11.090277777777779,15.586805555555555,62.69618055555556,25.199404761904763,8.8125,1,1,2,1,1,Bueno
2015-01-25,6.0,9.20486111111111,43.33159722222222,45.492537313432834,8.375,1,1,1,1,1,Muy Bueno
2015-01-26,13.287878787878787,22.300353356890458,84.5541958041958,15.672672672672673,11.268907563025211,1,1,2,1,1,Bueno
2015-01-27,9.530434782608696,16.16296296296296,61.67713787085515,25.162650602409638,10.021097046413502,1,1,2,1,1,Bueno
2015-01-28,16.383333333333333,23.28409090909091,80.61805555555556,13.511904761904763,10.254166666666666,2,1,2,1,1,Bueno
2015-01-29,11.0,17.923664122137403,52.847100175746924,28.407738095238095,7.345833333333333,1,1,2,1,1,Bueno
2015-01-30,4.566666666666666,7.909090909090909,22.42534722222222,45.208333333333336,5.195833333333334,1,1,1,1,1,Muy Bueno
2015-01-31,2.716666666666667,6.083333333333333,17.671875,66.80059523809524,4.804166666666666,1,1,1,2,1,Bueno
2015-02-01,3.45,5.696969696969697,14.93576388888889,72.78869047619048,4.533333333333333,1,1,1,2,1,Bueno
2015-02-02,5.9,8.56439393939394,31.958188153310104,46.677611940298505,4.670886075949367,1,1,1,1,1,Muy Bueno
2015-02-03,3.875,6.628787878787879,30.636998254799302,54.76276276276276,4.932489451476793,1,1,1,1,1,Muy Bueno
2015-02-04,4.408333333333333,7.3893129770992365,27.917832167832167,63.91641791044776,5.426778242677824,1,1,1,2,1,Bueno
2015-02-05,5.410714285714286,9.0234375,25.92294220665499,63.92814371257485,5.447698744769874,1,1,1,2,1,Bueno
2015-02-06,4.966101694915254,8.236641221374045,34.9280701754386,52.49090909090909,6.2343096234309625,1,1,1,1,1,Muy Bueno
2015-02-07,9.658333333333333,11.981060606060606,47.576388888888886,21.735119047619047,8.441666666666666,1,1,1,1,1,Muy Bueno
2015-02-08,10.475,11.837121212121213,36.786458333333336,42.020833333333336,8.054166666666667,1,1,1,1,1,Muy Bueno
2015-02-09,10.436507936507937,14.022813688212928,37.54816112084063,45.08459214501511,8.334728033472803,1,1,1,1,1,Muy Bueno
2015-02-10,11.083333333333334,15.871212121212121,49.66086956521739,38.06567164179104,8.2,1,1,1,1,1,Muy Bueno
2015-02-11,12.120567375886525,18.087912087912088,54.280977312390924,28.84036144578313,7.957805907172996,1,1,2,1,1,Bueno
2015-02-12,14.76388888888889,24.807692307692307,54.15625,26.571428571428573,8.458333333333334,1,1,2,1,1,Bueno
2015-02-13,19.01388888888889,26.02777777777778,49.435763888888886,34.026785714285715,6.229166666666667,2,2,1,1,1,Bueno
2015-02-14,7.930555555555555,11.347222222222221,20.62152777777778,62.964285714285715,4.954166666666667,1,1,1,2,1,Bueno
2015-02-15,4.743055555555555,6.284722222222222,20.24826388888889,54.3125,4.845833333333333,1,1,1,1,1,Muy Bueno
2015-02-16,5.979166666666667,8.04861111111111,35.447971781305114,43.015060240963855,5.675105485232067,1,1,1,1,1,Muy Bueno
2015-02-17,3.763888888888889,6.770034843205575,22.19371727748691,64.60778443113773,7.105485232067511,1,1,1,2,1,Bueno
2015-02-18,5.659722222222222,7.986111111111111,28.598260869565216,53.06586826347306,9.138655462184873,1,1,1,1,1,Muy Bueno
2015-02-19,12.993055555555555,17.375,53.975567190226876,33.37202380952381,7.192468619246862,1,1,2,1,1,Bueno
2015-02-20,22.51388888888889,26.15625,62.24300699300699,31.843843843843842,6.849372384937238,2,2,2,1,1,Bueno
2015-02-21,8.29861111111111,10.302083333333334,25.408695652173915,61.669642857142854,5.179916317991632,1,1,1,2,1,Bueno
2015-02-22,5.909722222222222,10.555555555555555,35.14930555555556,51.160714285714285,5.741666666666666,1,1,1,1,1,Muy Bueno
2015-02-23,5.642335766423358,9.33093525179856,25.07773851590106,48.2972972972973,5.1645569620253164,1,1,1,1,1,Muy Bueno
2015-02-24,4.392,7.843866171003717,22.37342908438061,68.17272727272727,5.017094017094017,1,1,1,2,1,Bueno
2015-02-25,4.992481203007519,9.664259927797834,33.01946902654867,58.91692307692308,5.593886462882096,1,1,1,1,1,Muy Bueno
2015-02-26,6.847222222222222,11.505226480836237,45.423611111111114,33.80059523809524,6.141666666666667,1,1,1,1,1,Muy Bueno
2015-02-27,6.069444444444445,10.055555555555555,40.619791666666664,46.67857142857143,7.270833333333333,1,1,1,1,1,Muy Bueno
2015-02-28,7.722222222222222,13.618055555555555,44.30034722222222,36.36011904761905,7.1,1,1,1,1,1,Muy Bueno
2015-03-01,5.222222222222222,10.090277777777779,21.86284722222222,49.11607142857143,4.9875,1,1,1,1,1,Muy Bueno
2015-03-02,10.125,15.552083333333334,33.05933682373473,26.57185628742515,4.982978723404256,1,1,1,1,1,Muy Bueno
2015-03-03,19.416666666666668,25.36111111111111,44.835087719298244,14.39820359281437,5.785714285714286,2,2,1,1,1,Bueno
2015-03-04,11.5625,17.62847222222222,39.50087260034904,38.58181818181818,6.874476987447698,1,1,1,1,1,Muy Bueno
2015-03-05,4.734265734265734,9.286713286713287,35.609075043630014,54.49101796407186,8.00836820083682,1,1,1,1,1,Muy Bueno
2015-03-06,7.776223776223776,18.48432055749129,55.66550522648084,39.42857142857143,8.229166666666666,1,1,2,1,1,Bueno
2015-03-07,15.11111111111111,27.21527777777778,71.84895833333333,25.142857142857142,9.75,2,2,2,1,1,Bueno
2015-03-08,11.11111111111111,18.711805555555557,52.53819444444444,36.785714285714285,8.125,1,1,2,1,1,Bueno
2015-03-09,9.743055555555555,21.993055555555557,63.96869565217391,35.273809523809526,8.395833333333334,1,1,2,1,1,Bueno
2015-03-10,11.237037037037037,22.946043165467625,68.16230366492147,28.99702380952381,7.783333333333333,1,1,2,1,1,Bueno
2015-03-11,19.098591549295776,33.371929824561406,77.56076388888889,28.916666666666668,8.9,2,2,2,1,1,Bueno
2015-03-12,21.528169014084508,33.56293706293706,73.78222996515679,30.080357142857142,8.121848739495798,2,2,2,1,1,Bueno
2015-03-13,15.8125,29.67361111111111,45.50347222222222,38.71641791044776,8.045833333333333,2,2,1,1,1,Bueno
2015-03-14,3.5357142857142856,9.894366197183098,23.306620209059233,69.10479041916167,6.453781512605042,1,1,1,2,1,Bueno
2015-03-15,9.527777777777779,12.07638888888889,24.549565217391304,65.34821428571429,6.292887029288703,1,1,1,2,1,Bueno
2015-03-16,15.020833333333334,18.79861111111111,44.05933682373473,48.01497005988024,6.8354430379746836,2,1,1,1,1,Bueno
2015-03-17,18.49645390070922,27.16842105263158,47.01401050788091,47.93072289156626,8.544303797468354,2,2,1,1,1,Bueno
2015-03-18,9.63888888888889,12.788194444444445,36.29020979020979,59.44144144144144,7.97907949790795,1,1,1,1,1,Muy Bueno
2015-03-19,6.909722222222222,10.934027777777779,21.520833333333332,62.05357142857143,7.208333333333333,1,1,1,2,1,Bueno
2015-03-20,11.229166666666666,15.645833333333334,23.867132867132867,65.32035928143712,7.305439330543933,1,1,1,2,1,Bueno
2015-03-21,7.097222222222222,8.13888888888889,22.130434782608695,61.286567164179104,7.025,1,1,1,2,1,Bueno
2015-03-22,5.138888888888889,8.32986111111111,21.11111111111111,59.529761904761905,7.920833333333333,1,1,1,1,1,Muy Bueno
2015-03-23,6.75,8.083333333333334,45.72743055555556,31.592261904761905,6.858333333333333,1,1,1,1,1,Muy Bueno
2015-03-24,4.381944444444445,5.850694444444445,27.374564459930312,57.48656716417911,7.179166666666666,1,1,1,1,1,Muy Bueno
2015-03-25,2.6944444444444446,6.274305555555555,19.824868651488618,75.1144578313253,5.679166666666666,1,1,1,2,1,Bueno
2015-03-26,5.598484848484849,13.30072463768116,34.963157894736845,47.60923076923077,5.6375,1,1,1,1,1,Muy Bueno
2015-03-27,6.058333333333334,11.06060606060606,32.02797202797203,36.969969969969966,6.454166666666667,1,1,1,1,1,Muy Bueno
2015-03-28,12.572649572649572,18.54022988505747,44.76614310645724,32.06306306306306,7.582278481012659,1,1,1,1,1,Muy Bueno
2015-03-29,6.841584158415841,14.234309623430962,31.484230055658628,52.737864077669904,5.894009216589862,1,1,1,1,1,Muy Bueno
2015-03-30,8.691666666666666,19.151515151515152,47.936619718309856,49.825301204819276,6.101694915254237,1,1,1,1,1,Muy Bueno
2015-03-31,12.022900763358779,22.527272727272727,57.20979020979021,40.08408408408408,6.949790794979079,1,1,2,1,1,Bueno
2015-04-01,6.319444444444445,13.069444444444445,29.660245183887916,58.828828828828826,5.357142857142857,1,1,1,1,1,Muy Bueno
2015-04-02,5.097222222222222,12.309027777777779,24.06423611111111,67.26488095238095,4.791666666666667,1,1,1,2,1,Bueno
2015-04-03,3.923611111111111,9.309027777777779,24.34375,51.17857142857143,4.816666666666666,1,1,1,1,1,Muy Bueno
2015-04-04,4.458333333333333,11.933797909407666,17.928819444444443,65.9047619047619,4.691666666666666,1,1,1,2,1,Bueno
2015-04-05,3.6875,9.184027777777779,21.428819444444443,70.57142857142857,4.604166666666667,1,1,1,2,1,Bueno
2015-04-06,7.097222222222222,16.90625,26.62673611111111,62.76488095238095,5.05,1,1,1,2,1,Bueno
2015-04-07,8.422535211267606,17.132867132867133,23.79020979020979,73.38805970149254,4.9625,1,1,1,2,1,Bueno
2015-04-08,7.223021582733813,16.663120567375888,23.396160558464224,88.07507507507508,6.189873417721519,1,1,1,2,1,Bueno
2015-04-09,8.120567375886525,13.371428571428572,34.2,64.87797619047619,6.8375,1,1,1,2,1,Bueno
2015-04-10,15.319444444444445,22.59722222222222,39.80104712041885,56.94011976047904,6.766666666666667,2,1,1,1,1,Bueno
2015-04-11,11.54861111111111,20.299295774647888,30.6875,57.913690476190474,6.4625,1,1,1,1,1,Muy Bueno
2015-04-12,13.166666666666666,29.04861111111111,21.875,72.20238095238095,5.829166666666667,1,2,1,2,1,Bueno
2015-04-13,15.312056737588652,41.771126760563384,28.63240418118467,70.95808383233533,5.2125,2,2,1,2,1,Bueno
2015-04-14,16.020833333333332,43.708333333333336,31.53356890459364,70.20923076923077,5.0257510729613735,2,2,1,2,1,Bueno
2015-04-15,12.687943262411348,29.167272727272728,35.52879581151832,71.56756756756756,6.5125,1,2,1,2,1,Bueno
2015-04-16,8.581560283687944,13.028070175438597,27.84843205574913,56.99404761904762,4.878661087866109,1,1,1,1,1,Muy Bueno
2015-04-17,11.381944444444445,17.690140845070424,30.124343257443083,61.98187311178248,4.8008474576271185,1,1,1,2,1,Bueno
2015-04-18,11.0,22.04861111111111,33.489583333333336,54.26488095238095,4.9125,1,1,1,1,1,Muy Bueno
2015-04-19,3.9652777777777777,7.472222222222222,19.97222222222222,75.57440476190476,4.6625,1,1,1,2,1,Bueno
2015-04-20,6.222222222222222,11.90625,37.32740213523132,58.758513931888544,5.370044052863436,1,1,1,1,1,Muy Bueno
2015-04-21,6.493055555555555,16.020905923344948,32.197463768115945,73.9551282051282,5.101851851851852,1,1,1,2,1,Bueno
2015-04-22,8.069444444444445,17.867132867132867,26.969202898550726,81.28846153846153,5.25462962962963,1,1,1,2,1,Bueno
2015-04-23,11.881944444444445,22.992957746478872,43.264116575591984,59.58653846153846,5.231481481481482,1,1,1,1,1,Muy Bueno
2015-04-24,13.0625,30.180555555555557,50.65217391304348,49.47266881028939,5.847222222222222,1,2,2,1,1,Bueno
2015-04-25,5.566433566433567,13.851590106007068,15.998185117967331,73.33333333333333,4.788732394366197,1,1,1,2,1,Bueno
2015-04-26,4.229166666666667,7.520833333333333,21.369565217391305,59.09615384615385,4.75,1,1,1,1,1,Muy Bueno
2015-04-27,4.451388888888889,8.393728222996515,23.39388489208633,65.53459119496856,4.8090909090909095,1,1,1,2,1,Bueno
2015-04-28,5.576388888888889,11.32986111111111,34.93881118881119,52.78313253012048,5.874476987447698,1,1,1,1,1,Muy Bueno
2015-04-29,7.555555555555555,14.368055555555555,28.106830122591944,63.93432835820896,4.9071729957805905,1,1,1,2,1,Bueno
2015-04-30,9.746376811594203,19.826241134751772,39.53180212014134,51.31024096385542,5.5,1,1,1,1,1,Muy Bueno
2015-05-01,7.3125,16.194444444444443,19.227826086956522,55.95522388059702,4.695833333333334,1,1,1,1,1,Muy Bueno
2015-05-02,7.270833333333333,14.215277777777779,15.463541666666666,30.47761194029851,4.670833333333333,1,1,1,1,1,Muy Bueno
2015-05-03,8.664122137404581,19.751824817518248,21.650088809946713,50.407738095238095,4.741666666666666,1,1,1,1,1,Muy Bueno
2015-05-04,12.034722222222221,28.052816901408452,31.78298611111111,46.38095238095238,5.2,1,2,1,1,1,Bueno
2015-05-05,4.909722222222222,11.194444444444445,16.291666666666668,79.97321428571429,4.785714285714286,1,1,1,2,1,Bueno
2015-05-06,6.729166666666667,15.36111111111111,32.036458333333336,67.69047619047619,5.00418410041841,1,1,1,2,1,Bueno
2015-05-07,10.944055944055943,26.45993031358885,54.28125,57.901785714285715,5.858333333333333,1,2,2,1,1,Bueno
2015-05-08,8.493055555555555,23.38888888888889,27.458844133099824,69.72372372372372,5.079497907949791,1,1,1,2,1,Bueno
2015-05-09,9.45138888888889,18.555555555555557,38.28472222222222,65.06547619047619,5.258333333333334,1,1,1,2,1,Bueno
2015-05-10,13.569444444444445,25.791666666666668,42.90608695652174,70.31343283582089,5.4125,1,2,1,2,1,Bueno
2015-05-11,12.661654135338345,31.534296028880867,46.23172905525847,70.72537313432836,5.539748953974895,1,2,1,2,1,Bueno
2015-05-12,15.258333333333333,36.89393939393939,54.84201077199282,74.00903614457832,5.894514767932489,2,2,2,2,1,Bueno
2015-05-13,23.093220338983052,56.27307692307692,65.16608391608392,44.865269461077844,6.1344537815126055,2,3,2,1,1,Regular
2015-05-14,17.958333333333332,49.26315789473684,41.771777003484324,67.73353293413173,5.258333333333334,2,2,1,2,1,Bueno
2015-05-15,4.986111111111111,20.90625,12.480902777777779,87.38690476190476,4.858333333333333,1,1,1,2,1,Bueno
2015-05-16,3.4722222222222223,12.285714285714286,14.15451388888889,78.92261904761905,4.816666666666666,1,1,1,2,1,Bueno
2015-05-17,4.861111111111111,14.04513888888889,18.791666666666668,79.13690476190476,4.9,1,1,1,2,1,Bueno
2015-05-18,8.95138888888889,20.576923076923077,34.59722222222222,75.01190476190476,5.491666666666666,1,1,1,2,1,Bueno
2015-05-19,6.848484848484849,22.14181818181818,24.358792184724688,63.62985074626866,5.191666666666666,1,1,1,2,1,Bueno
2015-05-20,4.363636363636363,11.578397212543553,18.173076923076923,79.04179104477612,5.154811715481172,1,1,1,2,1,Bueno
2015-05-21,4.166666666666667,10.75,17.180555555555557,83.51051051051051,5.15,1,1,1,2,1,Bueno
2015-05-22,4.993055555555555,13.279151943462898,17.024432809773124,83.67065868263474,5.1,1,1,1,2,1,Bueno
2015-05-23,6.111111111111111,14.319444444444445,11.412587412587413,86.23809523809524,4.995833333333334,1,1,1,2,1,Bueno
2015-05-24,5.284722222222222,12.385416666666666,10.906086956521738,79.31044776119403,4.979166666666667,1,1,1,2,1,Bueno
2015-05-25,6.776223776223776,13.634146341463415,20.19371727748691,74.32732732732732,5.046610169491525,1,1,1,2,1,Bueno
2015-05-26,5.874125874125874,12.505226480836237,19.947460595446586,71.65349544072949,5.1722689075630255,1,1,1,2,1,Bueno
2015-05-27,5.881944444444445,12.809027777777779,22.571428571428573,75.76716417910448,5.15546218487395,1,1,1,2,1,Bueno
2015-05-28,11.055944055944057,23.685314685314687,37.33797909407666,82.91071428571429,5.508403361344538,1,1,1,2,1,Bueno
2015-05-29,10.63888888888889,28.04513888888889,41.55555555555556,72.51359516616314,5.8375,1,2,1,2,1,Bueno
2015-05-30,10.6875,17.726315789473684,30.507826086956523,78.24776119402985,5.445833333333334,1,1,1,2,1,Bueno
2015-05-31,9.180555555555555,16.802083333333332,23.296875,80.44345238095238,5.291666666666667,1,1,1,2,1,Bueno
2015-06-01,10.659722222222221,24.21875,33.2404181184669,71.65373134328358,5.670833333333333,1,1,1,2,1,Bueno
2015-06-02,11.805555555555555,25.29616724738676,33.19022687609075,76.44477611940299,5.525,1,2,1,2,1,Bueno
2015-06-03,12.76388888888889,29.89236111111111,34.88830715532286,82.21712538226299,5.7280334728033475,1,2,1,2,1,Bueno
2015-06-04,7.777777777777778,17.21875,17.34722222222222,94.32440476190476,5.308333333333334,1,1,1,2,1,Bueno
2015-06-05,10.409722222222221,24.024305555555557,27.84695652173913,88.45645645645645,6.166666666666667,1,1,1,2,1,Bueno
2015-06-06,11.79861111111111,27.25347222222222,26.453125,93.70833333333333,5.616666666666666,1,2,1,2,1,Bueno
2015-06-07,9.555555555555555,20.14236111111111,18.69965277777778,103.34821428571429,5.291666666666667,1,1,1,2,1,Bueno
2015-06-08,9.6875,22.281690140845072,32.03321678321678,100.50750750750751,5.487288135593221,1,1,1,2,1,Bueno
2015-06-09,11.645833333333334,33.76923076923077,28.37389770723104,96.78899082568807,5.393305439330544,1,2,1,2,1,Bueno
2015-06-10,14.243055555555555,23.41549295774648,34.25971731448763,66.5015197568389,5.226890756302521,1,1,1,2,1,Bueno
2015-06-11,13.419847328244275,22.87912087912088,33.051146384479715,54.786144578313255,5.1991525423728815,1,1,1,1,1,Muy Bueno
2015-06-12,9.483050847457626,18.083969465648856,24.83916083916084,60.85928143712575,5.02928870292887,1,1,1,2,1,Bueno
2015-06-13,8.508333333333333,17.79467680608365,25.723958333333332,71.98493975903614,4.975,1,1,1,2,1,Bueno
2015-06-14,4.85,11.5,12.77951388888889,82.44179104477612,4.85,1,1,1,2,1,Bueno
2015-06-15,4.543103448275862,10.572549019607843,24.20104895104895,78.2172619047619,5.127118644067797,1,1,1,2,1,Bueno
2015-06-16,6.358333333333333,10.416666666666666,26.812173913043477,65.3422619047619,5.191666666666666,1,1,1,2,1,Bueno
2015-06-17,7.125,13.958174904942966,22.610434782608696,70.3125,5.104166666666667,1,1,1,2,1,Bueno
2015-06-18,9.55,16.91891891891892,26.15451388888889,90.1577380952381,5.233333333333333,1,1,1,2,1,Bueno
2015-06-19,10.3109243697479,15.901140684410647,26.968586387434556,75.11904761904762,5.145833333333333,1,1,1,2,1,Bueno
2015-06-20,6.35,11.06060606060606,23.090434782608696,87.70833333333333,4.9625,1,1,1,2,1,Bueno
2015-06-21,11.641666666666667,20.257575757575758,25.82608695652174,90.48511904761905,5.175,1,1,1,2,1,Bueno
2015-06-22,16.366666666666667,30.151515151515152,41.66140350877193,84.27710843373494,5.508474576271187,2,2,1,2,1,Bueno
2015-06-23,13.358333333333333,25.46946564885496,32.23539823008849,81.80547112462006,5.3277310924369745,1,2,1,2,1,Bueno
2015-06-24,9.45,15.981060606060606,28.79261862917399,87.28915662650603,5.125523012552302,1,1,1,2,1,Bueno
2015-06-25,12.050420168067227,22.288973384030417,34.71553228621291,87.4880239520958,5.016666666666667,1,1,1,2,1,Bueno
2015-06-26,16.508333333333333,30.197718631178706,56.47027972027972,68.93693693693693,5.529166666666667,2,2,2,2,1,Bueno
2015-06-27,17.833333333333332,28.950757575757574,40.70659722222222,90.37202380952381,5.2875,2,2,1,2,1,Bueno
2015-06-28,17.058333333333334,26.65909090909091,38.19444444444444,90.80357142857143,5.154166666666667,2,2,1,2,1,Bueno
2015-06-29,18.641666666666666,33.89772727272727,45.57443082311734,93.58630952380952,5.391666666666667,2,2,1,2,1,Bueno
2015-06-30,19.241666666666667,46.14393939393939,45.10858143607706,80.75522388059701,5.695833333333334,2,2,1,2,1,Bueno
2015-07-01,14.791666666666666,37.156488549618324,35.91493055555556,88.95833333333333,5.333333333333333,1,2,1,2,1,Bueno
2015-07-02,8.703389830508474,24.3,29.965095986038396,74.86865671641792,4.816666666666666,1,1,1,2,1,Bueno
2015-07-03,15.566666666666666,42.69318181818182,28.195121951219512,85.59939759036145,4.991666666666666,2,2,1,2,1,Bueno
2015-07-04,13.6,36.45454545454545,22.821180555555557,88.48511904761905,4.958333333333333,1,2,1,2,1,Bueno
2015-07-05,16.175,38.61363636363637,35.16840277777778,75.26785714285714,5.175,2,2,1,2,1,Bueno
2015-07-06,20.575,52.52851711026616,50.81786339754816,55.25525525525526,5.194092827004219,2,3,2,1,1,Regular
2015-07-07,19.141666666666666,53.46969696969697,50.56936936936937,56.37386018237082,5.312236286919831,2,3,2,1,1,Regular
2015-07-08,14.333333333333334,34.34848484848485,45.868651488616464,68.06024096385542,4.870833333333334,1,2,1,2,1,Bueno
2015-07-09,12.141666666666667,30.265151515151516,33.06597222222222,87.6577380952381,4.791666666666667,1,2,1,2,1,Bueno
2015-07-10,14.2,31.637404580152673,46.144366197183096,76.95795795795796,5.092436974789916,1,2,1,2,1,Bueno
2015-07-11,12.0,26.810606060606062,30.116319444444443,104.3422619047619,4.8125,1,2,1,2,1,Bueno
2015-07-12,12.516666666666667,26.46590909090909,24.92361111111111,99.62202380952381,4.554166666666666,1,2,1,2,1,Bueno
2015-07-13,13.8,28.90530303030303,37.39547038327526,107.24550898203593,4.95,1,2,1,2,1,Bueno
2015-07-14,14.186440677966102,31.66030534351145,42.307291666666664,102.35119047619048,5.121338912133891,1,2,1,2,1,Bueno
2015-07-15,15.954128440366972,35.762845849802375,46.498263888888886,105.86607142857143,4.940677966101695,2,2,1,2,1,Bueno
2015-07-16,21.29787234042553,54.30252100840336,54.10758377425044,79.13761467889908,4.809523809523809,2,3,2,2,1,Regular
2015-07-17,16.923809523809524,42.53012048192771,35.9492119089317,94.93452380952381,4.629166666666666,2,2,1,2,1,Bueno
2015-07-18,10.4,26.701149425287355,19.588652482269502,96.74107142857143,4.2875,1,2,1,2,1,Bueno
2015-07-19,7.788135593220339,16.278625954198475,19.255208333333332,65.64583333333333,4.275,1,1,1,2,1,Bueno
2015-07-20,8.933333333333334,17.412213740458014,31.808849557522123,64.08282208588957,4.5152838427947595,1,1,1,2,1,Bueno
2015-07-21,10.885496183206106,22.10909090909091,33.951526032315975,60.39498432601881,4.328888888888889,1,1,1,2,1,Bueno
2015-07-22,10.26923076923077,21.066176470588236,27.90442477876106,70.01916932907348,4.1869565217391305,1,1,1,2,1,Bueno
2015-07-23,10.180451127819548,17.729241877256317,30.115248226950353,70.26433121019109,4.456521739130435,1,1,1,2,1,Bueno
2015-07-24,12.381944444444445,22.552083333333332,41.89043478260869,62.383233532934135,5.179166666666666,1,1,1,2,1,Bueno
2015-07-25,7.346456692913386,13.317343173431734,17.10590277777778,85.24404761904762,4.908333333333333,1,1,1,2,1,Bueno
2015-07-26,10.666666666666666,20.492424242424242,17.98611111111111,83.76488095238095,5.033333333333333,1,1,1,2,1,Bueno
2015-07-27,8.335877862595419,16.78909090909091,26.895652173913042,59.74404761904762,5.070833333333334,1,1,1,1,1,Muy Bueno
2015-07-28,9.805555555555555,22.38327526132404,35.13854351687389,68.0327380952381,5.454166666666667,1,1,1,2,1,Bueno
2015-07-29,8.446808510638299,18.673684210526314,31.848167539267017,64.30421686746988,5.493670886075949,1,1,1,2,1,Bueno
2015-07-30,8.237410071942445,19.300353356890458,24.661458333333332,57.583333333333336,5.308333333333334,1,1,1,1,1,Muy Bueno
2015-07-31,6.588652482269503,17.350877192982455,24.975652173913044,47.89850746268657,5.347280334728033,1,1,1,1,1,Muy Bueno
2015-08-01,5.541666666666667,9.194444444444445,15.050347222222221,90.5922619047619,5.216666666666667,1,1,1,2,1,Bueno
2015-08-02,9.833333333333334,21.135416666666668,22.197916666666668,82.39285714285714,5.320833333333334,1,1,1,2,1,Bueno
2015-08-03,14.993055555555555,39.114583333333336,41.41681260945709,63.24024024024024,5.506329113924051,1,2,1,2,1,Bueno
2015-08-04,12.306569343065693,27.867857142857144,25.81151832460733,85.08708708708708,5.3008474576271185,1,2,1,2,1,Bueno
2015-08-05,12.4375,26.422535211267604,39.31634446397188,72.18562874251496,5.756302521008403,1,2,1,2,1,Bueno
2015-08-06,11.120567375886525,25.135714285714286,48.15114235500879,62.57611940298507,5.8936170212765955,1,2,1,2,1,Bueno
2015-08-07,17.91176470588235,59.833333333333336,42.03362831858407,60.02102102102102,5.470833333333333,2,3,1,2,1,Regular
2015-08-08,30.03125,69.84191176470588,21.273703041144902,81.2,5.470833333333333,3,3,1,2,1,Regular
2015-08-09,7.778625954198473,16.69090909090909,14.708703374777976,83.45833333333333,5.441666666666666,1,1,1,2,1,Bueno
2015-08-10,11.027777777777779,27.307692307692307,27.20731707317073,74.76716417910448,5.329166666666667,1,2,1,2,1,Bueno
2015-08-11,19.61111111111111,53.68989547038328,33.16840277777778,63.26488095238095,5.6,2,3,1,2,1,Regular
2015-08-12,10.256944444444445,29.247386759581882,30.684021543985637,68.15820895522388,5.3446808510638295,1,2,1,2,1,Bueno
2015-08-13,4.246478873239437,13.888111888111888,13.797853309481216,68.2994011976048,5.129166666666666,1,1,1,2,1,Bueno
2015-08-14,4.340277777777778,11.42361111111111,17.88695652173913,67.53731343283582,5.188284518828452,1,1,1,2,1,Bueno
2015-08-15,4.340277777777778,11.14236111111111,12.70486111111111,73.64477611940299,5.275,1,1,1,2,1,Bueno
2015-08-16,5.611111111111111,12.710801393728223,13.24826388888889,66.35223880597015,5.258333333333334,1,1,1,2,1,Bueno
2015-08-17,6.708333333333333,14.006944444444445,19.416812609457093,56.78915662650602,5.326359832635983,1,1,1,1,1,Muy Bueno
2015-08-18,7.458333333333333,16.818815331010452,17.476439790575917,73.73731343283582,5.556485355648536,1,1,1,2,1,Bueno
2015-08-19,8.387323943661972,21.69148936170213,21.654450261780106,81.0632530120482,5.594936708860759,1,1,1,2,1,Bueno
2015-08-20,10.333333333333334,24.93402777777778,34.705061082024436,72.46706586826348,5.904166666666667,1,1,1,2,1,Bueno
2015-08-21,12.42361111111111,36.14930555555556,37.667247386759584,61.67664670658683,5.9625,1,2,1,2,1,Bueno
2015-08-22,9.472222222222221,20.131205673758867,15.23049645390071,83.68484848484849,5.410256410256411,1,1,1,2,1,Bueno
2015-08-23,9.055555555555555,17.927083333333332,10.128472222222221,58.723214285714285,5.591666666666667,1,1,1,1,1,Muy Bueno
2015-08-24,4.014084507042254,11.41958041958042,13.789198606271777,73.03892215568862,5.570833333333334,1,1,1,2,1,Bueno
2015-08-25,6.256944444444445,16.43554006968641,34.59375,64.53869047619048,5.8625,1,1,1,2,1,Bueno
2015-08-26,10.805555555555555,26.393728222996515,42.064236111111114,58.604166666666664,6.141666666666667,1,2,1,1,1,Bueno
2015-08-27,7.826388888888889,19.75347222222222,32.482638888888886,55.967261904761905,5.820833333333334,1,1,1,1,1,Muy Bueno
2015-08-28,9.842857142857143,23.133802816901408,46.283478260869565,53.19402985074627,6.560669456066946,1,1,1,1,1,Muy Bueno
2015-08-29,11.738461538461538,32.52919708029197,25.74652777777778,77.16716417910447,6.170833333333333,1,2,1,2,1,Bueno
2015-08-30,11.881944444444445,33.2389705882353,14.29861111111111,72.35522388059701,5.6875,1,2,1,2,1,Bueno
2015-08-31,13.51388888888889,33.50694444444444,30.74781085814361,41.93072289156626,5.827004219409282,1,2,1,1,1,Bueno
2015-09-01,10.076923076923077,19.989547038327526,37.55614035087719,52.15915915915916,5.805907172995781,1,1,1,1,1,Muy Bueno
2015-09-02,11.04225352112676,22.265734265734267,31.270034843205575,63.95820895522388,5.708333333333333,1,1,1,2,1,Bueno
2015-09-03,9.569444444444445,20.15277777777778,27.350785340314136,81.03592814371258,5.764705882352941,1,1,1,2,1,Bueno
2015-09-04,6.354166666666667,13.153846153846153,21.968641114982578,72.99702380952381,5.783333333333333,1,1,1,2,1,Bueno
2015-09-05,6.25,10.729166666666666,18.994791666666668,72.38095238095238,5.754166666666666,1,1,1,2,1,Bueno
2015-09-06,7.215277777777778,13.51388888888889,22.92013888888889,75.06547619047619,5.891666666666667,1,1,1,2,1,Bueno
2015-09-07,7.548611111111111,16.444444444444443,32.041666666666664,59.36607142857143,6.0625,1,1,1,1,1,Muy Bueno
2015-09-08,9.180555555555555,15.358885017421603,37.060763888888886,61.734328358208955,6.116666666666666,1,1,1,2,1,Bueno
2015-09-09,10.836879432624114,21.649122807017545,48.520833333333336,53.51190476190476,6.695833333333334,1,1,1,1,1,Muy Bueno
2015-09-10,8.652777777777779,19.99652777777778,40.64756944444444,46.19345238095238,6.120833333333334,1,1,1,1,1,Muy Bueno
2015-09-11,8.847222222222221,19.15625,46.640625,48.98809523809524,6.55,1,1,1,1,1,Muy Bueno
2015-09-12,10.465277777777779,21.96875,41.140625,49.086309523809526,6.470833333333333,1,1,1,1,1,Muy Bueno
2015-09-13,5.673611111111111,16.34375,14.42013888888889,78.14330218068535,5.925,1,1,1,2,1,Bueno
2015-09-14,5.222222222222222,10.70486111111111,19.532286212914485,58.20307692307692,5.957805907172996,1,1,1,1,1,Muy Bueno
2015-09-15,6.548611111111111,16.11111111111111,27.31597222222222,60.63988095238095,6.041666666666667,1,1,1,2,1,Bueno
2015-09-16,4.979166666666667,13.916666666666666,21.1064572425829,45.561933534743204,6.0508474576271185,1,1,1,1,1,Muy Bueno
2015-09-17,4.756944444444445,8.79861111111111,26.92294220665499,50.46246246246246,6.075313807531381,1,1,1,1,1,Muy Bueno
2015-09-18,5.507142857142857,10.647887323943662,42.54225352112676,42.88855421686747,6.451476793248945,1,1,1,1,1,Muy Bueno
2015-09-19,8.902255639097744,15.097472924187725,43.12891986062718,50.26488095238095,6.2875,1,1,1,1,1,Muy Bueno
2015-09-20,10.152777777777779,17.43402777777778,44.223958333333336,55.892857142857146,6.079166666666667,1,1,1,1,1,Muy Bueno
2015-09-21,11.36111111111111,19.520833333333332,55.454861111111114,57.104166666666664,6.195833333333334,1,1,2,1,1,Bueno
2015-09-22,9.944055944055943,20.843205574912893,51.99476439790576,60.88392857142857,6.297071129707113,1,1,2,2,1,Bueno
2015-09-23,6.8125,13.17013888888889,32.461672473867594,50.580357142857146,5.7625,1,1,1,1,1,Muy Bueno
2015-09-24,6.388888888888889,12.07986111111111,39.380208333333336,43.11309523809524,6.1375,1,1,1,1,1,Muy Bueno
2015-09-25,8.944444444444445,16.805555555555557,48.211743772241995,46.8680981595092,6.216666666666667,1,1,1,1,1,Muy Bueno
2015-09-26,10.625,19.5,50.01960784313726,44.361370716510905,6.566666666666666,1,1,2,1,1,Bueno
2015-09-27,8.5,16.80902777777778,39.607638888888886,55.24233128834356,5.958333333333333,1,1,1,1,1,Muy Bueno
2015-09-28,7.243055555555555,15.84375,32.44424778761062,54.06012658227848,5.9113924050632916,1,1,1,1,1,Muy Bueno
2015-09-29,8.756944444444445,16.381944444444443,35.596830985915496,52.396341463414636,6.057268722466961,1,1,1,1,1,Muy Bueno
2015-09-30,7.743055555555555,15.947916666666666,38.63350785340314,54.949101796407184,5.677272727272728,1,1,1,1,1,Muy Bueno
2015-10-01,11.583333333333334,21.736842105263158,54.54320987654321,39.55555555555556,6.559471365638767,1,1,2,1,1,Bueno
2015-10-02,8.957446808510639,19.63157894736842,34.815140845070424,59.59281437125748,5.628691983122363,1,1,1,1,1,Muy Bueno
2015-10-03,11.680555555555555,22.10452961672474,41.72222222222222,44.9375,6.142259414225942,1,1,1,1,1,Muy Bueno
2015-10-04,12.666666666666666,25.71875,28.91840277777778,36.26488095238095,6.2175732217573225,1,2,1,1,1,Bueno
2015-10-05,11.479166666666666,23.978798586572438,26.218309859154928,33.62048192771084,6.016666666666667,1,1,1,1,1,Muy Bueno
2015-10-06,5.097222222222222,10.222996515679442,20.345549738219894,41.57957957957958,5.857740585774058,1,1,1,1,1,Muy Bueno
2015-10-07,6.909722222222222,13.34375,41.02982456140351,34.51497005988024,6.435146443514644,1,1,1,1,1,Muy Bueno
2015-10-08,8.77304964539007,16.97173144876325,47.77430555555556,36.223214285714285,6.518987341772152,1,1,1,1,1,Muy Bueno
2015-10-09,12.32638888888889,21.45486111111111,60.54799301919721,26.90990990990991,6.916317991631799,1,1,2,1,1,Bueno
2015-10-10,13.395833333333334,23.23263888888889,51.857638888888886,34.339285714285715,6.7447698744769875,1,1,2,1,1,Bueno
2015-10-11,9.465277777777779,14.121527777777779,26.116319444444443,36.38988095238095,5.682008368200837,1,1,1,1,1,Muy Bueno
2015-10-12,5.173611111111111,9.17361111111111,25.258680555555557,27.089285714285715,5.7698744769874475,1,1,1,1,1,Muy Bueno
2015-10-13,9.152777777777779,12.930555555555555,40.53859649122807,18.41337386018237,6.038297872340426,1,1,1,1,1,Muy Bueno
2015-10-14,12.347517730496454,17.263157894736842,45.4553415061296,25.69578313253012,6.742616033755274,1,1,1,1,1,Muy Bueno
2015-10-15,11.965811965811966,18.588461538461537,59.1335676625659,26.063253012048193,6.648305084745763,1,1,2,1,1,Bueno
2015-10-16,14.549295774647888,25.408450704225352,71.59330985915493,22.903903903903903,7.713080168776371,1,2,2,1,1,Bueno
2015-10-17,14.902777777777779,23.82918149466192,47.625,28.46951219512195,5.832635983263598,1,1,1,1,1,Muy Bueno
2015-10-18,10.5625,14.924242424242424,33.572916666666664,21.48076923076923,5.803347280334728,1,1,1,1,1,Muy Bueno
2015-10-19,9.4375,13.860294117647058,41.437282229965156,26.28395061728395,6.309623430962343,1,1,1,1,1,Muy Bueno
2015-10-20,5.861111111111111,11.246527777777779,32.98606271777003,32.48656716417911,7.677824267782427,1,1,1,1,1,Muy Bueno
2015-10-21,8.404411764705882,14.057553956834532,43.23385689354276,28.93154761904762,7.326359832635983,1,1,1,1,1,Muy Bueno
2015-10-22,12.857142857142858,21.507042253521128,60.82722513089005,18.669696969696968,7.648535564853557,1,1,2,1,1,Bueno
2015-10-23,13.805555555555555,24.59375,63.10332749562172,13.535928143712574,8.322175732217573,1,1,2,1,1,Bueno
2015-10-24,16.40277777777778,24.88888888888889,55.879646017699116,17.761904761904763,8.895397489539748,2,1,2,1,1,Bueno
2015-10-25,11.75,17.29513888888889,37.31597222222222,34.901785714285715,7.133891213389122,1,1,1,1,1,Muy Bueno
2015-10-26,10.597222222222221,15.62020905923345,34.306049822064054,33.47289156626506,6.470338983050848,1,1,1,1,1,Muy Bueno
2015-10-27,6.936619718309859,10.262237762237762,29.406690140845072,43.01510574018127,6.148936170212766,1,1,1,1,1,Muy Bueno
2015-10-28,4.652777777777778,9.226480836236934,25.312169312169313,54.32035928143713,5.82051282051282,1,1,1,1,1,Muy Bueno
2015-10-29,7.5851851851851855,14.97841726618705,38.31239092495637,38.66167664670659,6.072033898305085,1,1,1,1,1,Muy Bueno
2015-10-30,14.5,22.094405594405593,55.869791666666664,18.404761904761905,7.7615062761506275,1,1,2,1,1,Bueno
2015-10-31,11.930555555555555,18.139372822299652,33.486111111111114,41.657738095238095,7.577405857740586,1,1,1,1,1,Muy Bueno
2015-11-01,7.638888888888889,12.13888888888889,25.932291666666668,51.8,8.695833333333333,1,1,1,1,1,Muy Bueno
2015-11-02,5.430555555555555,8.822916666666666,33.10839160839161,48.31325301204819,6.548117154811716,1,1,1,1,1,Muy Bueno
2015-11-03,5.451388888888889,10.118055555555555,36.654450261780106,38.83783783783784,6.196652719665272,1,1,1,1,1,Muy Bueno
2015-11-04,12.542635658914728,19.61904761904762,50.301989150090414,14.472843450479234,6.6869565217391305,1,1,2,1,1,Bueno
2015-11-05,10.571428571428571,19.15523465703971,51.53615520282187,20.466257668711656,6.6173913043478265,1,1,2,1,1,Bueno
2015-11-06,22.131944444444443,31.853658536585368,64.13368055555556,12.776785714285714,8.774058577405858,2,2,2,1,1,Bueno
2015-11-07,18.22222222222222,23.414634146341463,49.191901408450704,18.091463414634145,8.245833333333334,2,1,1,1,1,Bueno
2015-11-08,10.618055555555555,14.8125,41.09027777777778,24.803571428571427,7.953974895397489,1,1,1,1,1,Muy Bueno
2015-11-09,11.76388888888889,17.586805555555557,53.32688927943761,20.258928571428573,8.07949790794979,1,1,2,1,1,Bueno
2015-11-10,20.243055555555557,29.993055555555557,80.64285714285714,10.70059880239521,10.713080168776372,2,2,2,1,1,Bueno
2015-11-11,22.72222222222222,33.20557491289198,85.09632224168126,10.35135135135135,11.551282051282051,2,2,2,1,1,Bueno
2015-11-12,18.520833333333332,29.3125,79.93859649122807,14.957703927492448,10.603375527426161,2,2,2,1,1,Bueno
2015-11-13,17.0,26.1231884057971,70.20210896309315,17.42942942942943,10.655462184873949,2,2,2,1,1,Bueno
2015-11-14,12.597222222222221,19.71527777777778,44.70017636684303,27.116071428571427,7.355648535564853,1,1,1,1,1,Muy Bueno
2015-11-15,17.5625,23.13888888888889,51.13949275362319,17.139880952380953,7.903765690376569,2,1,2,1,1,Bueno
2015-11-16,26.243055555555557,34.02439024390244,65.822695035461,11.811550151975684,9.281512605042018,2,2,2,1,1,Bueno
2015-11-17,32.826388888888886,42.19512195121951,70.84027777777777,10.148809523809524,9.435146443514645,3,2,2,1,1,Regular
2015-11-18,23.604166666666668,34.71875,76.06076388888889,10.095238095238095,11.297071129707113,2,2,2,1,1,Bueno
2015-11-19,20.92361111111111,34.170731707317074,76.140625,10.086567164179105,10.656903765690377,2,2,2,1,1,Bueno
2015-11-20,21.895833333333332,31.77972027972028,65.74131944444444,12.654761904761905,10.163179916317992,2,2,2,1,1,Bueno
2015-11-21,7.048611111111111,14.604166666666666,21.57465277777778,51.28228228228228,6.510460251046025,1,1,1,1,1,Muy Bueno
2015-11-22,3.4652777777777777,6.361111111111111,29.569444444444443,48.256410256410255,5.7698744769874475,1,1,1,1,1,Muy Bueno
2015-11-23,3.618320610687023,7.912727272727273,37.843859649122805,38.14150943396226,7.957805907172996,1,1,1,1,1,Muy Bueno
2015-11-24,13.104166666666666,22.125,75.12434325744309,14.053571428571429,8.93723849372385,1,1,2,1,1,Bueno
2015-11-25,6.319444444444445,12.95486111111111,39.896491228070175,43.374251497005986,7.351464435146443,1,1,1,1,1,Muy Bueno
2015-11-26,9.590277777777779,19.345070422535212,61.4020979020979,36.532934131736525,10.354430379746836,1,1,2,1,1,Bueno
2015-11-27,8.626760563380282,14.587412587412587,55.287234042553195,34.32721712538226,9.092827004219409,1,1,2,1,1,Bueno
2015-11-28,11.340277777777779,17.808362369337978,57.357638888888886,22.455357142857142,10.401673640167363,1,1,2,1,1,Bueno
2015-11-29,13.73611111111111,18.27777777777778,58.93706293706294,21.541666666666668,9.418410041841005,1,1,2,1,1,Bueno
2015-11-30,19.20138888888889,28.519163763066203,85.83333333333333,13.339285714285714,13.891213389121338,2,2,2,1,1,Bueno
2015-12-01,19.18978102189781,30.667857142857144,90.23198594024605,12.44984802431611,13.285106382978723,2,2,2,1,1,Bueno
2015-12-02,31.664285714285715,45.66197183098591,104.95993031358886,7.7604790419161676,15.457983193277311,3,2,3,1,1,Regular
2015-12-03,28.729166666666668,39.45993031358885,88.88368055555556,9.922619047619047,13.029166666666667,2,2,2,1,1,Bueno
2015-12-04,29.42361111111111,43.767361111111114,92.26041666666667,8.208333333333334,15.2125,2,2,2,1,1,Bueno
2015-12-05,26.020833333333332,35.92280701754386,76.68402777777777,11.318452380952381,12.291666666666666,2,2,2,1,1,Bueno
2015-12-06,18.5,23.98263888888889,55.078125,15.982142857142858,9.775,2,1,2,1,1,Bueno
2015-12-07,18.76388888888889,24.28472222222222,56.08027923211169,12.086567164179105,9.570833333333333,2,1,2,1,1,Bueno
2015-12-08,26.270833333333332,29.45138888888889,53.52430555555556,10.678571428571429,10.408333333333333,2,2,2,1,1,Bueno
2015-12-09,14.652777777777779,19.96875,56.78846153846154,16.661538461538463,10.623430962343097,1,1,2,1,1,Bueno
2015-12-10,16.96527777777778,21.583333333333332,61.1219512195122,14.481927710843374,10.916317991631798,2,1,2,1,1,Bueno
2015-12-11,12.368055555555555,17.850174216027874,53.45614035087719,17.696696696696698,10.0,1,1,2,1,1,Bueno
2015-12-12,11.152777777777779,14.934027777777779,43.401041666666664,29.425595238095237,8.229166666666666,1,1,1,1,1,Muy Bueno
2015-12-13,19.583333333333332,24.100694444444443,57.44444444444444,14.863095238095237,8.833333333333334,2,1,2,1,1,Bueno
2015-12-14,19.506944444444443,32.041666666666664,59.859375,15.197014925373134,8.216666666666667,2,2,2,1,1,Bueno
2015-12-15,26.395833333333332,48.173611111111114,69.78608695652174,12.047619047619047,9.870833333333334,2,2,2,1,1,Bueno
2015-12-16,26.95774647887324,47.02797202797203,67.84027777777777,8.318452380952381,12.491666666666667,2,2,2,1,1,Bueno
2015-12-17,30.77777777777778,55.1875,78.37108013937282,8.261904761904763,13.5,3,3,2,1,1,Regular
2015-12-18,32.19444444444444,53.15277777777778,78.67250437828372,8.492447129909365,13.2125,3,3,2,1,1,Regular
2015-12-19,32.166666666666664,47.79094076655052,73.30729166666667,10.321428571428571,13.066666666666666,3,2,2,1,1,Regular
2015-12-20,24.833333333333332,41.53472222222222,57.473958333333336,11.717261904761905,10.304166666666667,2,2,2,1,1,Bueno
2015-12-21,28.922535211267604,41.063380281690144,72.38704028021016,10.634730538922156,10.877637130801688,2,2,2,1,1,Bueno
2015-12-22,23.305555555555557,33.257839721254356,79.26970227670753,11.70870870870871,12.845833333333333,2,2,2,1,1,Bueno
2015-12-23,25.729166666666668,35.642361111111114,81.2276707530648,10.631736526946108,13.84873949579832,2,2,2,1,1,Bueno
2015-12-24,32.170212765957444,36.063604240282686,68.74300699300699,8.44277108433735,12.421940928270041,3,2,2,1,1,Regular
2015-12-25,36.25694444444444,36.763888888888886,58.55555555555556,14.083333333333334,11.351464435146443,3,2,2,1,1,Regular
2015-12-26,25.09027777777778,26.15277777777778,52.83506944444444,16.041666666666668,10.35,2,2,2,1,1,Bueno
2015-12-27,13.229166666666666,18.195121951219512,39.32465277777778,25.43452380952381,10.858333333333333,1,1,1,1,1,Muy Bueno
2015-12-28,13.909722222222221,25.669014084507044,49.37870855148342,23.81981981981982,9.764705882352942,1,2,1,1,1,Bueno
2015-12-29,11.944444444444445,17.381944444444443,42.832752613240416,28.080838323353294,7.870833333333334,1,1,1,1,1,Muy Bueno
2015-12-30,9.090277777777779,14.708333333333334,42.24652777777778,27.357142857142858,8.171548117154812,1,1,1,1,1,Muy Bueno
2015-12-31,11.118055555555555,14.635416666666666,43.36631944444444,17.083333333333332,8.116666666666667,1,1,1,1,1,Muy Bueno
2016-01-01,12.902777777777779,14.92226148409894,35.654513888888886,25.916666666666668,8.129166666666666,1,1,1,1,1,Muy Bueno
2016-01-02,4.673611111111111,8.75,25.631944444444443,46.00892857142857,7.5625,1,1,1,1,1,Muy Bueno
2016-01-03,5.756944444444445,9.631944444444445,31.25173611111111,32.63392857142857,7.329166666666667,1,1,1,1,1,Muy Bueno
2016-01-04,3.0921985815602837,4.150877192982456,18.353251318101933,40.157575757575756,7.617021276595745,1,1,1,1,1,Muy Bueno
2016-01-05,3.6875,5.065972222222222,27.79895104895105,57.05671641791045,7.852320675105485,1,1,1,1,1,Muy Bueno
2016-01-06,3.5347222222222223,5.840277777777778,19.963541666666668,51.767857142857146,6.816666666666666,1,1,1,1,1,Muy Bueno
2016-01-07,3.1944444444444446,4.868055555555555,17.234265734265733,51.278443113772454,7.7866108786610875,1,1,1,1,1,Muy Bueno
2016-01-08,4.201388888888889,5.614583333333333,28.294425087108014,43.21791044776119,7.408333333333333,1,1,1,1,1,Muy Bueno
2016-01-09,4.402777777777778,6.107638888888889,25.5625,54.288690476190474,7.708333333333333,1,1,1,1,1,Muy Bueno
2016-01-10,3.5069444444444446,5.288194444444445,14.79859894921191,63.33232628398792,7.479166666666667,1,1,1,2,1,Bueno
2016-01-11,4.041666666666667,7.631944444444445,25.126334519572953,58.250773993808046,7.604166666666667,1,1,1,1,1,Muy Bueno
2016-01-12,6.732394366197183,11.118881118881118,43.47879858657244,38.191044776119405,8.420833333333333,1,1,1,1,1,Muy Bueno
2016-01-13,13.708333333333334,18.819444444444443,66.46409807355516,15.367164179104478,10.658333333333333,1,1,2,1,1,Bueno
2016-01-14,17.270833333333332,21.75347222222222,60.79232111692845,10.741741741741741,9.866666666666667,2,1,2,1,1,Bueno
2016-01-15,8.4375,8.885416666666666,36.246073298429316,35.67065868263473,9.554166666666667,1,1,1,1,1,Muy Bueno
2016-01-16,4.263888888888889,6.420138888888889,37.93402777777778,43.839285714285715,9.941666666666666,1,1,1,1,1,Muy Bueno
2016-01-17,11.479166666666666,13.10763888888889,54.14930555555556,18.508928571428573,9.558333333333334,1,1,2,1,1,Bueno
2016-01-18,10.387323943661972,13.167832167832168,42.59435626102293,33.045180722891565,8.239495798319327,1,1,1,1,1,Muy Bueno
2016-01-19,10.993055555555555,17.70486111111111,61.107205623901585,32.348348348348345,9.69620253164557,1,1,2,1,1,Bueno
2016-01-20,18.51388888888889,25.180555555555557,66.13660245183888,12.295180722891565,9.645569620253164,2,2,2,1,1,Bueno
2016-01-21,20.432835820895523,23.276978417266186,56.50963222416813,13.62874251497006,9.305439330543933,2,1,2,1,1,Bueno
2016-01-22,28.581560283687942,29.38245614035088,59.01396160558464,8.265671641791045,9.663865546218487,2,2,2,1,1,Bueno
2016-01-23,19.47222222222222,20.413194444444443,51.248263888888886,12.928571428571429,10.154166666666667,2,1,2,1,1,Bueno
2016-01-24,14.6875,16.40625,48.282986111111114,16.81845238095238,10.391666666666667,1,1,1,1,1,Muy Bueno
2016-01-25,21.29861111111111,24.274305555555557,60.760416666666664,12.342261904761905,11.125,2,1,2,1,1,Bueno
2016-01-26,27.48611111111111,29.965156794425088,54.546875,11.985119047619047,10.258333333333333,2,2,2,1,1,Bueno
2016-01-27,35.1875,37.53472222222222,54.057291666666664,8.324404761904763,8.633333333333333,3,2,2,1,1,Regular
2016-01-28,22.3125,21.73611111111111,49.795138888888886,18.035714285714285,7.220833333333333,2,1,1,1,1,Bueno
2016-01-29,9.027777777777779,10.211805555555555,47.854166666666664,26.61904761904762,9.641666666666667,1,1,1,1,1,Muy Bueno
2016-01-30,10.152777777777779,12.229166666666666,37.71527777777778,26.273809523809526,8.3875,1,1,1,1,1,Muy Bueno
2016-01-31,11.243055555555555,14.184027777777779,44.515625,31.398809523809526,8.824267782426778,1,1,1,1,1,Muy Bueno
2016-02-01,20.541666666666668,24.128113879003557,64.61646234676007,11.202985074626866,10.9581589958159,2,1,2,1,1,Bueno
2016-02-02,25.993055555555557,29.59027777777778,67.19473684210526,8.131736526946108,11.510460251046025,2,2,2,1,1,Bueno
2016-02-03,11.354609929078014,12.750877192982456,37.15559440559441,32.546546546546544,9.649789029535865,1,1,1,1,1,Muy Bueno
2016-02-04,4.743055555555555,7.868055555555555,42.9912739965096,39.523809523809526,9.614406779661017,1,1,1,1,1,Muy Bueno
2016-02-05,10.868055555555555,16.64236111111111,58.853873239436616,20.209726443768997,10.05857740585774,1,1,2,1,1,Bueno
2016-02-06,21.125,25.493055555555557,47.39409722222222,21.116071428571427,9.414225941422593,2,2,1,1,1,Bueno
2016-02-07,4.347222222222222,6.684027777777778,20.319444444444443,62.29761904761905,7.410041841004184,1,1,1,2,1,Bueno
2016-02-08,5.430555555555555,10.493055555555555,28.70486111111111,44.26190476190476,6.953974895397489,1,1,1,1,1,Muy Bueno
2016-02-09,3.6180555555555554,6.152777777777778,18.68576388888889,54.223214285714285,7.02928870292887,1,1,1,1,1,Muy Bueno
2016-02-10,3.6805555555555554,6.274305555555555,19.239583333333332,51.848214285714285,7.305439330543933,1,1,1,1,1,Muy Bueno
2016-02-11,3.816901408450704,5.72027972027972,23.82986111111111,46.38392857142857,7.828451882845188,1,1,1,1,1,Muy Bueno
2016-02-12,3.8680555555555554,6.128472222222222,19.72048611111111,43.044642857142854,6.820083682008368,1,1,1,1,1,Muy Bueno
2016-02-13,3.2285714285714286,3.7007042253521125,12.63986013986014,37.898809523809526,6.866108786610878,1,1,1,1,1,Muy Bueno
2016-02-14,2.638888888888889,5.631944444444445,14.961805555555555,66.18452380952381,7.2426778242677825,1,1,1,2,1,Bueno
2016-02-15,2.7928571428571427,5.676056338028169,22.71951219512195,64.22686567164179,7.256302521008403,1,1,1,2,1,Bueno
2016-02-16,3.387323943661972,5.711267605633803,27.07155322862129,59.06268656716418,7.4033613445378155,1,1,1,1,1,Muy Bueno
2016-02-17,8.729166666666666,13.512195121951219,47.88368055555556,37.523809523809526,8.234309623430962,1,1,1,1,1,Muy Bueno
2016-02-18,6.514285714285714,8.819148936170214,33.743859649122804,47.8125,8.752100840336135,1,1,1,1,1,Muy Bueno
2016-02-19,4.28169014084507,7.669014084507042,38.20979020979021,47.08955223880597,9.661087866108787,1,1,1,1,1,Muy Bueno
2016-02-20,6.763888888888889,10.840277777777779,48.451219512195124,38.52694610778443,10.857740585774058,1,1,1,1,1,Muy Bueno
2016-02-21,18.71527777777778,60.979166666666664,45.56597222222222,36.99702380952381,9.531380753138075,2,3,1,1,1,Regular
2016-02-22,59.520833333333336,220.97916666666666,55.33510638297872,30.071428571428573,9.715481171548117,4,5,2,1,1,Muy Malo
2016-02-23,16.612676056338028,47.87762237762238,52.99288256227758,37.95238095238095,8.531380753138075,2,2,2,1,1,Bueno
2016-02-24,15.86111111111111,29.84722222222222,48.90625,24.866071428571427,8.422594142259415,2,2,1,1,1,Bueno
2016-02-25,5.652777777777778,7.822916666666667,32.58159722222222,50.81547619047619,7.665271966527197,1,1,1,1,1,Muy Bueno
2016-02-26,5.972222222222222,7.434027777777778,34.66840277777778,43.791666666666664,7.380753138075314,1,1,1,1,1,Muy Bueno
2016-02-27,2.8055555555555554,4.208333333333333,15.432291666666666,68.69940476190476,6.97489539748954,1,1,1,2,1,Bueno
2016-02-28,2.9444444444444446,5.520833333333333,19.453125,60.976190476190474,7.581589958158996,1,1,1,2,1,Bueno
2016-02-29,6.444444444444445,10.760416666666666,34.4808362369338,59.15522388059701,8.661087866108787,1,1,1,1,1,Muy Bueno
2016-03-01,11.29861111111111,20.59722222222222,65.65148861646234,31.52238805970149,10.139240506329115,1,1,2,1,1,Bueno
2016-03-02,9.770833333333334,19.28125,52.963157894736845,35.20059880239521,9.184873949579831,1,1,2,1,1,Bueno
2016-03-03,7.243055555555555,13.381944444444445,40.532286212914485,56.76417910447761,8.672268907563025,1,1,1,1,1,Muy Bueno
2016-03-04,10.41304347826087,18.822695035460992,46.780869565217394,38.973134328358206,8.01673640167364,1,1,1,1,1,Muy Bueno
2016-03-05,3.5972222222222223,6.86013986013986,19.118055555555557,66.60119047619048,7.154811715481172,1,1,1,2,1,Bueno
2016-03-06,3.201388888888889,5.59375,21.163194444444443,62.041666666666664,7.163179916317992,1,1,1,2,1,Bueno
2016-03-07,3.9444444444444446,6.777777777777778,24.87017543859649,60.05952380952381,7.7447698744769875,1,1,1,2,1,Bueno
2016-03-08,3.633093525179856,7.6219081272084805,28.507142857142856,61.99096385542169,8.097872340425532,1,1,1,2,1,Bueno
2016-03-09,6.326388888888889,12.314685314685315,44.85069444444444,38.07142857142857,7.7866108786610875,1,1,1,1,1,Muy Bueno
2016-03-10,3.486111111111111,7.780487804878049,24.243055555555557,65.22388059701493,7.8625,1,1,1,2,1,Bueno
2016-03-11,4.215277777777778,8.20138888888889,28.203125,62.51940298507463,9.0125,1,1,1,2,1,Bueno
2016-03-12,9.833333333333334,13.270833333333334,40.796875,44.330357142857146,8.429166666666667,1,1,1,1,1,Muy Bueno
2016-03-13,12.319444444444445,14.79513888888889,35.25347222222222,58.848214285714285,8.783333333333333,1,1,1,1,1,Muy Bueno
2016-03-14,15.700729927007298,18.633451957295375,37.30715532286213,69.96417910447761,9.765690376569038,2,1,1,2,1,Bueno
2016-03-15,14.534722222222221,19.622377622377623,43.92173913043478,53.89221556886228,9.142259414225942,1,1,1,1,1,Muy Bueno
2016-03-16,18.45985401459854,25.21818181818182,67.23859649122807,41.17664670658683,10.109243697478991,2,2,2,1,1,Bueno
2016-03-17,14.416666666666666,22.13888888888889,56.296491228070174,44.57272727272727,9.485355648535565,1,1,2,1,1,Bueno
2016-03-18,12.63888888888889,19.680555555555557,40.73776223776224,48.84126984126984,9.255230125523013,1,1,1,1,1,Muy Bueno
2016-03-19,7.611111111111111,9.461805555555555,26.04513888888889,56.017910447761196,6.975,1,1,1,1,1,Muy Bueno
2016-03-20,6.944444444444445,9.802083333333334,30.12847222222222,48.73134328358209,8.0125,1,1,1,1,1,Muy Bueno
2016-03-21,6.305555555555555,9.527777777777779,38.03993055555556,48.23880597014925,8.883333333333333,1,1,1,1,1,Muy Bueno
2016-03-22,6.201388888888889,8.444444444444445,30.522569444444443,59.973134328358206,8.7875,1,1,1,1,1,Muy Bueno
2016-03-23,11.868055555555555,15.122377622377622,40.13368055555556,47.398809523809526,9.591666666666667,1,1,1,1,1,Muy Bueno
2016-03-24,12.972222222222221,16.104166666666668,32.598958333333336,59.45238095238095,8.458333333333334,1,1,1,1,1,Muy Bueno
2016-03-25,13.291666666666666,18.62152777777778,45.90972222222222,43.82738095238095,9.233333333333333,1,1,1,1,1,Muy Bueno
2016-03-26,13.534722222222221,17.70486111111111,31.052083333333332,32.907738095238095,8.741666666666667,1,1,1,1,1,Muy Bueno
2016-03-27,3.3333333333333335,7.572463768115942,11.76268115942029,70.27329192546584,7.591304347826087,1,1,1,2,1,Bueno
2016-03-28,4.861111111111111,12.739583333333334,20.425087108013937,54.755223880597015,7.235294117647059,1,1,1,1,1,Muy Bueno
2016-03-29,7.069444444444445,12.98263888888889,26.538327526132406,56.24251497005988,7.609243697478991,1,1,1,1,1,Muy Bueno
2016-03-30,10.683823529411764,18.114285714285714,48.97905759162304,43.93413173652694,9.3,1,1,1,1,1,Muy Bueno
2016-03-31,4.486111111111111,9.458333333333334,21.222608695652173,67.99107142857143,8.735294117647058,1,1,1,2,1,Bueno
2016-04-01,3.638888888888889,6.628472222222222,24.470383275261323,71.14029850746269,7.940928270042194,1,1,1,2,1,Bueno
2016-04-02,6.854166666666667,11.615384615384615,31.56423611111111,61.407738095238095,8.3125,1,1,1,2,1,Bueno
2016-04-03,8.0,14.86111111111111,30.723958333333332,58.964285714285715,8.266666666666667,1,1,1,1,1,Muy Bueno
2016-04-04,6.888888888888889,10.506944444444445,45.052083333333336,35.73809523809524,7.495833333333334,1,1,1,1,1,Muy Bueno
2016-04-05,5.449275362318841,7.794326241134752,27.817391304347826,54.77245508982036,8.155462184873949,1,1,1,1,1,Muy Bueno
2016-04-06,5.1875,9.17013888888889,33.78472222222222,60.291666666666664,8.320833333333333,1,1,1,2,1,Bueno
2016-04-07,6.4375,11.538194444444445,37.609375,53.94940476190476,8.15,1,1,1,1,1,Muy Bueno
2016-04-08,3.2083333333333335,6.961805555555555,22.26909722222222,70.875,8.420833333333333,1,1,1,2,1,Bueno
2016-04-09,5.229166666666667,10.527777777777779,27.06423611111111,62.520833333333336,7.341666666666667,1,1,1,2,1,Bueno
2016-04-10,4.451388888888889,8.70486111111111,15.40625,72.50595238095238,8.104166666666666,1,1,1,2,1,Bueno
2016-04-11,4.444444444444445,9.524647887323944,29.83916083916084,52.60843373493976,7.516949152542373,1,1,1,1,1,Muy Bueno
2016-04-12,5.225352112676056,7.9825174825174825,34.68651488616462,49.18862275449102,7.167364016736402,1,1,1,1,1,Muy Bueno
2016-04-13,5.027777777777778,7.986111111111111,29.403141361256544,58.171171171171174,7.03781512605042,1,1,1,1,1,Muy Bueno
2016-04-14,8.381944444444445,13.378472222222221,40.85964912280702,44.88059701492537,7.2625,1,1,1,1,1,Muy Bueno
2016-04-15,9.784722222222221,15.947368421052632,42.82118055555556,39.839285714285715,7.9125,1,1,1,1,1,Muy Bueno
2016-04-16,4.930555555555555,7.611111111111111,23.416666666666668,49.30952380952381,7.208333333333333,1,1,1,1,1,Muy Bueno
2016-04-17,3.1597222222222223,6.320557491289199,17.38888888888889,68.00595238095238,6.841666666666667,1,1,1,2,1,Bueno
2016-04-18,5.5036496350364965,11.00711743772242,32.76909722222222,53.12797619047619,7.7375,1,1,1,1,1,Muy Bueno
2016-04-19,8.902777777777779,13.774305555555555,38.98784722222222,44.223214285714285,7.7,1,1,1,1,1,Muy Bueno
2016-04-20,7.409722222222222,9.742160278745645,40.791666666666664,47.083333333333336,8.658333333333333,1,1,1,1,1,Muy Bueno
2016-04-21,4.895833333333333,8.73263888888889,30.65972222222222,57.532738095238095,7.2125,1,1,1,1,1,Muy Bueno
2016-04-22,7.138888888888889,13.270833333333334,44.020833333333336,43.657738095238095,8.291666666666666,1,1,1,1,1,Muy Bueno
2016-04-23,9.381944444444445,13.510416666666666,38.376736111111114,37.407738095238095,8.016666666666667,1,1,1,1,1,Muy Bueno
2016-04-24,3.7152777777777777,5.355400696864112,23.22048611111111,56.62797619047619,7.108333333333333,1,1,1,1,1,Muy Bueno
2016-04-25,6.957446808510638,10.610526315789473,36.19337979094077,59.35928143712575,7.726890756302521,1,1,1,1,1,Muy Bueno
2016-04-26,8.17361111111111,14.975694444444445,45.779334500875656,46.44776119402985,8.338912133891213,1,1,1,1,1,Muy Bueno
2016-04-27,9.607407407407408,18.096774193548388,43.66083916083916,45.02694610778443,7.370833333333334,1,1,1,1,1,Muy Bueno
2016-04-28,5.451388888888889,8.82638888888889,27.785340314136125,60.722388059701494,6.870292887029288,1,1,1,2,1,Bueno
2016-04-29,7.201388888888889,13.329749103942651,31.1602787456446,49.14328358208955,8.07531380753138,1,1,1,1,1,Muy Bueno
2016-04-30,6.902777777777778,10.864583333333334,24.19097222222222,57.5625,7.691666666666666,1,1,1,1,1,Muy Bueno
2016-05-01,3.3055555555555554,6.920138888888889,11.871527777777779,77.32440476190476,7.370833333333334,1,1,1,2,1,Bueno
2016-05-02,4.180555555555555,8.930555555555555,24.52951388888889,78.64880952380952,7.279166666666667,1,1,1,2,1,Bueno
2016-05-03,6.090277777777778,12.317073170731707,44.58506944444444,60.99107142857143,8.004166666666666,1,1,1,2,1,Bueno
2016-05-04,8.479166666666666,18.541666666666668,51.557291666666664,66.42559523809524,8.129166666666666,1,1,2,2,1,Bueno
2016-05-05,9.605633802816902,21.609154929577464,48.80555555555556,63.25892857142857,7.654166666666667,1,1,1,2,1,Bueno
2016-05-06,7.886524822695035,14.0,34.048611111111114,54.913690476190474,6.9875,1,1,1,1,1,Muy Bueno
2016-05-07,7.034722222222222,9.59375,18.979166666666668,64.2172619047619,7.179166666666666,1,1,1,2,1,Bueno
2016-05-08,5.090277777777778,7.274305555555555,20.573684210526316,56.08282208588957,7.308333333333334,1,1,1,1,1,Muy Bueno
2016-05-09,4.607142857142857,7.507042253521127,31.58041958041958,48.1044776119403,7.38655462184874,1,1,1,1,1,Muy Bueno
2016-05-10,5.950704225352113,10.088028169014084,41.04903677758319,37.92660550458716,6.795833333333333,1,1,1,1,1,Muy Bueno
2016-05-11,4.611510791366906,8.66077738515901,35.532286212914485,52.984939759036145,7.175,1,1,1,1,1,Muy Bueno
2016-05-12,4.316901408450704,7.178321678321678,24.076788830715532,64.25531914893617,7.154166666666667,1,1,1,2,1,Bueno
2016-05-13,4.298611111111111,7.784722222222222,28.430555555555557,51.51190476190476,7.304166666666666,1,1,1,1,1,Muy Bueno
2016-05-14,5.118055555555555,8.274305555555555,27.397569444444443,56.67261904761905,7.6,1,1,1,1,1,Muy Bueno
2016-05-15,6.972222222222222,10.42361111111111,27.76909722222222,68.14880952380952,6.566666666666666,1,1,1,2,1,Bueno
2016-05-16,8.652777777777779,11.9375,23.35763888888889,80.97619047619048,6.395833333333333,1,1,1,2,1,Bueno
2016-05-17,9.527777777777779,14.867132867132867,36.73090277777778,77.27878787878788,7.408333333333333,1,1,1,2,1,Bueno
2016-05-18,13.395833333333334,21.5,47.02430555555556,55.40718562874252,7.820833333333334,1,1,1,1,1,Muy Bueno
2016-05-19,6.944444444444445,12.770833333333334,25.444444444444443,70.0512048192771,6.991666666666666,1,1,1,2,1,Bueno
2016-05-20,8.13888888888889,14.03125,38.93848857644991,51.65950920245399,7.85,1,1,1,1,1,Muy Bueno
2016-05-21,13.95138888888889,24.00347222222222,41.49094202898551,62.21474358974359,7.75,1,1,1,2,1,Bueno
2016-05-22,8.409722222222221,16.72222222222222,13.666666666666666,72.35576923076923,7.141666666666667,1,1,1,2,1,Bueno
2016-05-23,5.840277777777778,13.309027777777779,31.18345323741007,56.75316455696203,7.4625,1,1,1,1,1,Muy Bueno
2016-05-24,9.5177304964539,20.880701754385964,40.228070175438596,47.609609609609606,7.890295358649789,1,1,1,1,1,Muy Bueno
2016-05-25,6.164285714285715,12.939068100358423,23.95263157894737,57.69879518072289,7.196652719665272,1,1,1,1,1,Muy Bueno
2016-05-26,9.689922480620154,19.23076923076923,37.97202797202797,53.43283582089552,7.405857740585774,1,1,1,1,1,Muy Bueno
2016-05-27,11.11111111111111,21.760416666666668,35.80695652173913,57.575301204819276,7.108333333333333,1,1,1,1,1,Muy Bueno
2016-05-28,6.138888888888889,12.878048780487806,25.23784722222222,60.967261904761905,6.6375,1,1,1,2,1,Bueno
2016-05-29,4.236111111111111,7.461805555555555,12.723958333333334,56.029761904761905,6.4875,1,1,1,1,1,Muy Bueno
2016-05-30,4.895833333333333,8.873684210526315,25.538194444444443,61.31547619047619,6.833333333333333,1,1,1,2,1,Bueno
2016-05-31,5.236111111111111,9.072916666666666,26.508680555555557,66.46428571428571,6.8625,1,1,1,2,1,Bueno
2016-06-01,7.770833333333333,13.208333333333334,33.11631944444444,77.58928571428571,7.183333333333334,1,1,1,2,1,Bueno
2016-06-02,6.770833333333333,13.70486111111111,40.703125,75.60714285714286,7.875,1,1,1,2,1,Bueno
2016-06-03,11.555555555555555,22.32986111111111,48.560763888888886,63.6875,7.716666666666667,1,1,1,2,1,Bueno
2016-06-04,10.582733812949641,19.307420494699645,26.02276707530648,80.41993957703927,7.497872340425532,1,1,1,2,1,Bueno
2016-06-05,8.816666666666666,14.753787878787879,24.27355072463768,76.25,8.282407407407407,1,1,1,2,1,Bueno
2016-06-06,10.60655737704918,20.69924812030075,41.13214285714286,52.654205607476634,8.495535714285714,1,1,1,1,1,Muy Bueno
2016-06-07,8.906474820143885,17.791519434628974,39.157986111111114,58.25373134328358,7.911764705882353,1,1,1,1,1,Muy Bueno
2016-06-08,12.06338028169014,23.03146853146853,53.36823734729494,55.04477611940298,8.428571428571429,1,1,2,1,1,Bueno
2016-06-09,13.30281690140845,32.87676056338028,43.93217391304348,63.74107142857143,7.953974895397489,1,2,1,2,1,Bueno
2016-06-10,13.083333333333334,28.99652777777778,33.482638888888886,68.98809523809524,7.545833333333333,1,2,1,2,1,Bueno
2016-06-11,8.833333333333334,17.28472222222222,20.296875,74.63690476190476,7.820833333333334,1,1,1,2,1,Bueno
2016-06-12,6.699300699300699,15.658536585365853,19.542608695652174,66.38095238095238,6.98326359832636,1,1,1,2,1,Bueno
2016-06-13,5.979166666666667,15.690972222222221,16.817708333333332,49.68452380952381,7.941666666666666,1,1,1,1,1,Muy Bueno
2016-06-14,5.340277777777778,14.40625,17.26736111111111,62.44345238095238,7.754166666666666,1,1,1,2,1,Bueno
2016-06-15,3.563380281690141,12.70979020979021,16.94097222222222,51.24404761904762,7.816666666666666,1,1,1,1,1,Muy Bueno
2016-06-16,4.4822695035460995,9.96415770609319,19.415652173913042,51.044910179640716,8.079166666666667,1,1,1,1,1,Muy Bueno
2016-06-17,4.729166666666667,9.555555555555555,21.697916666666668,63.791666666666664,7.55,1,1,1,2,1,Bueno
2016-06-18,4.895833333333333,9.788194444444445,14.49826388888889,70.57440476190476,7.154166666666667,1,1,1,2,1,Bueno
2016-06-19,4.347222222222222,9.49812734082397,14.51736111111111,71.87202380952381,7.65,1,1,1,2,1,Bueno
2016-06-20,7.298611111111111,13.178030303030303,30.928070175438595,48.532738095238095,8.38655462184874,1,1,1,1,1,Muy Bueno
2016-06-21,7.842105263157895,17.948616600790515,32.00352112676056,65.8176291793313,9.150862068965518,1,1,1,2,1,Bueno
2016-06-22,5.725925925925926,20.454901960784312,29.613756613756614,75.2560975609756,8.281385281385282,1,1,1,2,1,Bueno
2016-06-23,8.979166666666666,28.761363636363637,29.271453590192646,83.87087087087087,8.163179916317992,1,2,1,2,1,Bueno
2016-06-24,14.54861111111111,37.3014705882353,46.579130434782606,59.06268656716418,9.216666666666667,1,2,1,1,1,Bueno
2016-06-25,10.416666666666666,27.145833333333332,24.01388888888889,80.38690476190476,8.45,1,2,1,2,1,Bueno
2016-06-26,9.243055555555555,21.38888888888889,13.347222222222221,79.94345238095238,8.795833333333333,1,1,1,2,1,Bueno
2016-06-27,11.805555555555555,25.90625,30.335069444444443,80.39285714285714,7.792792792792793,1,2,1,2,1,Bueno
2016-06-28,17.125,42.19434628975265,39.97569444444444,68.03571428571429,7.615384615384615,2,2,1,2,1,Bueno
2016-06-29,18.09027777777778,51.34722222222222,40.973958333333336,60.57142857142857,7.241666666666666,2,3,1,2,1,Regular
2016-06-30,12.555555555555555,26.506944444444443,40.62152777777778,66.5134328358209,7.775,1,2,1,2,1,Bueno
2016-07-01,10.97872340425532,21.95438596491228,37.92695652173913,65.23652694610779,7.729166666666667,1,1,1,2,1,Bueno
2016-07-02,10.465277777777779,18.70138888888889,33.697916666666664,72.93432835820896,7.958333333333333,1,1,1,2,1,Bueno
2016-07-03,11.284722222222221,26.32638888888889,18.744791666666668,83.14925373134328,7.808333333333334,1,2,1,2,1,Bueno
2016-07-04,14.506944444444445,37.68055555555556,27.38111888111888,75.54518072289157,7.3940677966101696,1,2,1,2,1,Bueno
2016-07-05,12.416666666666666,24.35763888888889,32.74295774647887,81.7703927492447,7.062761506276151,1,1,1,2,1,Bueno
2016-07-06,13.256944444444445,26.821052631578947,32.03859649122807,81.45808383233533,5.995798319327731,1,2,1,2,1,Bueno
2016-07-07,10.26388888888889,21.104166666666668,33.287958115183244,69.12048192771084,5.408333333333333,1,1,1,2,1,Bueno
2016-07-08,12.479166666666666,26.78472222222222,47.78984238178634,73.01208459214502,5.4125,1,2,1,2,1,Bueno
2016-07-09,13.520833333333334,24.010416666666668,38.83159722222222,84.60714285714286,5.666666666666667,1,1,1,2,1,Bueno
2016-07-10,15.402777777777779,35.09722222222222,35.30902777777778,82.83035714285714,5.5375,2,2,1,2,1,Bueno
2016-07-11,11.5,20.76388888888889,39.197916666666664,64.66071428571429,4.88135593220339,1,1,1,2,1,Bueno
2016-07-12,8.01388888888889,16.979166666666668,29.019434628975265,78.0519877675841,5.558333333333334,1,1,1,2,1,Bueno
2016-07-13,6.083333333333333,13.54513888888889,17.164930555555557,73.76488095238095,5.46218487394958,1,1,1,2,1,Bueno
2016-07-14,4.8125,12.40625,20.552083333333332,74.9375,5.483193277310924,1,1,1,2,1,Bueno
2016-07-15,5.382978723404255,15.203508771929824,28.305555555555557,82.75297619047619,4.76890756302521,1,1,1,2,1,Bueno
2016-07-16,10.152777777777779,22.403508771929825,34.545138888888886,83.80654761904762,5.808333333333334,1,1,1,2,1,Bueno
2016-07-17,10.20138888888889,22.68402777777778,32.40972222222222,83.7202380952381,5.5125,1,1,1,2,1,Bueno
2016-07-18,9.090277777777779,23.958333333333332,34.20593368237347,82.02102102102103,5.466386554621849,1,1,1,2,1,Bueno
2016-07-19,12.459854014598541,40.9568345323741,37.25349650349651,81.37724550898204,6.29535864978903,1,2,1,2,1,Bueno
2016-07-20,26.246376811594203,95.99645390070921,41.940766550522646,51.301492537313436,4.754166666666666,2,4,1,1,1,Malo
2016-07-21,12.118055555555555,29.28472222222222,45.117338003502624,69.17559523809524,5.535564853556485,1,2,1,2,1,Bueno
2016-07-22,9.0,22.770833333333332,29.581881533101047,82.49253731343283,5.520833333333333,1,1,1,2,1,Bueno
2016-07-23,4.041666666666667,9.03125,10.848958333333334,62.729166666666664,5.145833333333333,1,1,1,2,1,Bueno
2016-07-24,5.013888888888889,11.440972222222221,13.984375,73.5,5.108333333333333,1,1,1,2,1,Bueno
2016-07-25,5.902777777777778,12.84375,20.43923611111111,83.85119047619048,5.479166666666667,1,1,1,2,1,Bueno
2016-07-26,9.23404255319149,21.347368421052632,35.880208333333336,84.36309523809524,5.770833333333333,1,1,1,2,1,Bueno
2016-07-27,14.409722222222221,28.006944444444443,33.14930555555556,98.20535714285714,5.8625,1,2,1,2,1,Bueno
2016-07-28,12.680555555555555,25.67361111111111,34.079861111111114,91.40178571428571,4.595833333333333,1,2,1,2,1,Bueno
2016-07-29,14.680555555555555,32.142361111111114,38.255208333333336,84.63095238095238,6.358333333333333,1,2,1,2,1,Bueno
2016-07-30,15.534722222222221,37.10069444444444,28.98784722222222,86.20238095238095,5.2,2,2,1,2,1,Bueno
2016-07-31,10.347222222222221,20.34375,16.286713286713287,94.394578313253,5.016949152542373,1,1,1,2,1,Bueno
2016-08-01,9.458333333333334,17.80902777777778,24.818181818181817,81.4702380952381,5.2092050209205025,1,1,1,2,1,Bueno
2016-08-02,11.07638888888889,24.659649122807018,40.06479859894921,79.71428571428571,5.105485232067511,1,1,1,2,1,Bueno
2016-08-03,13.104166666666666,29.77777777777778,46.58115183246073,83.12797619047619,5.629166666666666,1,2,1,2,1,Bueno
2016-08-04,10.729166666666666,26.34722222222222,35.87237762237762,73.61904761904762,5.7656903765690375,1,2,1,2,1,Bueno
2016-08-05,6.069444444444445,11.605839416058394,17.32465277777778,64.80357142857143,4.8625,1,1,1,2,1,Bueno
2016-08-06,4.895833333333333,11.88086642599278,18.164930555555557,66.125,5.204166666666667,1,1,1,2,1,Bueno
2016-08-07,6.5,14.993055555555555,19.208333333333332,70.78869047619048,5.129166666666666,1,1,1,2,1,Bueno
2016-08-08,8.0,20.564912280701755,34.302083333333336,72.5952380952381,5.795833333333333,1,1,1,2,1,Bueno
2016-08-09,8.541666666666666,24.739583333333332,36.423611111111114,66.0922619047619,5.683982683982684,1,1,1,2,1,Bueno
2016-08-10,5.029197080291971,10.688172043010752,12.48611111111111,69.48059701492538,5.4125,1,1,1,2,1,Bueno
2016-08-11,4.517985611510792,12.539007092198581,19.82638888888889,77.30357142857143,6.191666666666666,1,1,1,2,1,Bueno
2016-08-12,8.430555555555555,22.506944444444443,26.83159722222222,76.15223880597014,5.866108786610878,1,1,1,2,1,Bueno
2016-08-13,9.541666666666666,21.131944444444443,26.588541666666668,79.30357142857143,6.229166666666667,1,1,1,2,1,Bueno
2016-08-14,7.770833333333333,16.80902777777778,18.81076388888889,78.48809523809524,6.1875,1,1,1,2,1,Bueno
2016-08-15,9.472222222222221,29.677083333333332,16.979166666666668,79.18154761904762,6.691666666666666,1,2,1,2,1,Bueno
2016-08-16,16.993055555555557,47.69718309859155,31.43280977312391,71.11711711711712,5.756302521008403,2,2,1,2,1,Bueno
2016-08-17,13.72027972027972,35.1184668989547,33.8815331010453,71.7814371257485,5.697478991596639,1,2,1,2,1,Bueno
2016-08-18,9.75,24.5625,32.01223776223776,61.27927927927928,6.317991631799163,1,1,1,2,1,Bueno
2016-08-19,9.98611111111111,21.45138888888889,27.513134851138354,68.95454545454545,5.9071729957805905,1,1,1,2,1,Bueno
2016-08-20,7.208333333333333,14.190972222222221,14.197916666666666,62.55059523809524,5.758333333333334,1,1,1,2,1,Bueno
2016-08-21,9.020833333333334,20.694444444444443,17.333333333333332,78.16964285714286,5.65,1,1,1,2,1,Bueno
2016-08-22,10.333333333333334,24.020833333333332,31.072916666666668,64.98809523809524,6.1,1,1,1,2,1,Bueno
2016-08-23,11.993055555555555,26.413194444444443,40.04340277777778,57.42559523809524,6.908333333333333,1,2,1,1,1,Bueno
2016-08-24,7.274647887323944,20.874125874125873,29.196180555555557,68.74702380952381,6.775,1,1,1,2,1,Bueno
2016-08-25,6.4375,19.038194444444443,32.435763888888886,70.45535714285714,6.0375,1,1,1,2,1,Bueno
2016-08-26,9.564885496183207,26.50181818181818,33.848958333333336,74.91666666666667,6.4,1,2,1,2,1,Bueno
2016-08-27,14.743055555555555,41.46875,29.421875,69.50595238095238,6.304166666666666,1,2,1,2,1,Bueno
2016-08-28,20.96323529411765,60.97857142857143,41.77447552447553,59.78549848942598,6.543933054393306,2,3,1,1,1,Regular
2016-08-29,13.5,30.492592592592594,31.344405594405593,77.32142857142857,6.359832635983263,1,2,1,2,1,Bueno
2016-08-30,9.5,20.94097222222222,27.475524475524477,68.44776119402985,5.803347280334728,1,1,1,2,1,Bueno
2016-08-31,12.340277777777779,28.958333333333332,39.07557117750439,66.2827380952381,6.298319327731092,1,2,1,2,1,Bueno
2016-09-01,11.340425531914894,27.305263157894736,30.904347826086955,69.74925373134329,6.441666666666666,1,2,1,2,1,Bueno
2016-09-02,10.708333333333334,24.70138888888889,47.81944444444444,61.916666666666664,6.233333333333333,1,1,1,2,1,Bueno
2016-09-03,13.534722222222221,27.3125,52.41319444444444,62.964285714285715,6.970833333333333,1,2,2,2,1,Bueno
2016-09-04,16.506944444444443,41.37979094076655,54.748263888888886,51.18154761904762,7.633333333333334,2,2,2,1,1,Bueno
2016-09-05,18.594405594405593,47.80836236933798,56.4375,48.01497005988024,7.566666666666666,2,2,2,1,1,Bueno
2016-09-06,14.833333333333334,39.607638888888886,61.91289198606272,47.06287425149701,7.458333333333333,1,2,2,1,1,Bueno
2016-09-07,16.72222222222222,47.80555555555556,58.092013888888886,35.73809523809524,8.9,2,2,2,1,1,Bueno
2016-09-08,22.131944444444443,43.75,46.87152777777778,69.77313432835821,7.095833333333333,2,2,1,2,1,Bueno
2016-09-09,12.04861111111111,24.94055944055944,33.60243055555556,64.54761904761905,6.254166666666666,1,1,1,2,1,Bueno
2016-09-10,11.242857142857142,20.669014084507044,31.223958333333332,75.70535714285714,6.55,1,1,1,2,1,Bueno
2016-09-11,12.195804195804195,21.88850174216028,33.48347826086957,76.62985074626866,7.334728033472803,1,1,1,2,1,Bueno
2016-09-12,14.493055555555555,30.413194444444443,54.81151832460733,50.99700598802395,7.102564102564102,1,2,2,1,1,Bueno
2016-09-13,10.229166666666666,28.507042253521128,27.56893542757417,51.99698795180723,5.7040358744394615,1,2,1,1,1,Bueno
2016-09-14,4.347222222222222,7.732638888888889,27.111888111888113,40.93712574850299,5.8,1,1,1,1,1,Muy Bueno
2016-09-15,4.986111111111111,10.257142857142858,31.0,41.713855421686745,5.8277310924369745,1,1,1,1,1,Muy Bueno
2016-09-16,6.083333333333333,11.98263888888889,33.00868055555556,46.17365269461078,5.979166666666667,1,1,1,1,1,Muy Bueno
2016-09-17,4.423611111111111,7.079861111111111,22.8125,45.083333333333336,5.470833333333333,1,1,1,1,1,Muy Bueno
2016-09-18,4.534722222222222,7.954861111111111,20.102430555555557,55.05671641791045,5.691666666666666,1,1,1,1,1,Muy Bueno
2016-09-19,6.395833333333333,12.85763888888889,42.75609756097561,45.91591591591592,6.7125,1,1,1,1,1,Muy Bueno
2016-09-20,8.215827338129497,14.802120141342757,44.940140845070424,52.9044776119403,6.933333333333334,1,1,1,1,1,Muy Bueno
2016-09-21,10.729166666666666,18.645833333333332,50.68586387434555,48.973214285714285,7.691666666666666,1,1,2,1,1,Bueno
2016-09-22,12.659722222222221,23.85053380782918,63.46678321678322,43.06287425149701,7.183333333333334,1,1,2,1,1,Bueno
2016-09-23,14.20138888888889,26.851063829787233,69.59965034965035,37.5625,7.594017094017094,1,2,2,1,1,Bueno
2016-09-24,13.625,23.909407665505228,54.73913043478261,49.36607142857143,6.629166666666666,1,1,2,1,1,Bueno
2016-09-25,14.444444444444445,24.274305555555557,54.38768115942029,47.26190476190476,7.195833333333334,1,1,2,1,1,Bueno
2016-09-26,14.217391304347826,20.45744680851064,38.73297491039426,52.858006042296076,6.815899581589958,1,1,1,1,1,Muy Bueno
2016-09-27,7.854961832061068,15.72,32.157243816254415,53.015290519877674,7.265822784810126,1,1,1,1,1,Muy Bueno
2016-09-28,7.861111111111111,12.098245614035088,24.038394415357764,42.59281437125748,7.1625,1,1,1,1,1,Muy Bueno
2016-09-29,12.113475177304965,23.010526315789473,46.4140350877193,52.308383233532936,7.620833333333334,1,1,1,1,1,Muy Bueno
2016-09-30,14.253623188405797,22.663120567375888,56.17217391304348,42.52095808383233,7.310924369747899,1,1,2,1,1,Bueno
2016-10-01,11.243055555555555,24.038194444444443,53.26842105263158,45.044642857142854,7.708333333333333,1,1,2,1,1,Bueno
2016-10-02,9.76388888888889,18.958333333333332,41.97569444444444,44.80654761904762,6.954166666666667,1,1,1,1,1,Muy Bueno
2016-10-03,13.041666666666666,26.166666666666668,59.526041666666664,43.13392857142857,8.966666666666667,1,2,2,1,1,Bueno
2016-10-04,14.45138888888889,35.25088339222615,67.38020833333333,42.8125,8.308333333333334,1,2,2,1,1,Bueno
2016-10-05,16.309859154929576,43.79347826086956,67.33159722222223,42.25595238095238,8.008333333333333,2,2,2,1,1,Bueno
2016-10-06,15.635714285714286,38.71955719557196,71.16347826086957,36.669642857142854,7.379166666666666,2,2,2,1,1,Bueno
2016-10-07,11.584507042253522,25.073426573426573,63.30034722222222,35.4375,7.741666666666666,1,2,2,1,1,Bueno
2016-10-08,10.819444444444445,21.788194444444443,64.07291666666667,34.80487804878049,8.091666666666667,1,1,2,1,1,Bueno
2016-10-09,11.430555555555555,23.32986111111111,42.484375,55.131410256410255,7.889867841409692,1,1,1,1,1,Muy Bueno
2016-10-10,8.798561151079136,16.103571428571428,41.041739130434784,52.17142857142857,7.925438596491228,1,1,1,1,1,Muy Bueno
2016-10-11,11.274809160305344,23.810909090909092,54.86086956521739,48.825688073394495,7.894957983193278,1,1,2,1,1,Bueno
2016-10-12,10.930555555555555,17.447916666666668,27.59201388888889,50.55820895522388,7.729166666666667,1,1,1,1,1,Muy Bueno
2016-10-13,5.986111111111111,8.923913043478262,30.157342657342657,37.0251572327044,7.924050632911392,1,1,1,1,1,Muy Bueno
2016-10-14,8.375,11.996527777777779,30.127622377622377,35.05688622754491,7.337552742616034,1,1,1,1,1,Muy Bueno
2016-10-15,11.604166666666666,16.11111111111111,41.85069444444444,39.92261904761905,7.345833333333333,1,1,1,1,1,Muy Bueno
2016-10-16,11.222222222222221,16.100694444444443,46.082142857142856,37.07738095238095,7.425,1,1,1,1,1,Muy Bueno
2016-10-17,13.852112676056338,19.509225092250922,53.550621669627,22.860119047619047,8.556485355648535,1,1,2,1,1,Bueno
2016-10-18,10.041666666666666,14.22027972027972,40.60243055555556,27.99404761904762,7.080508474576271,1,1,1,1,1,Muy Bueno
2016-10-19,15.066666666666666,18.353790613718413,52.114583333333336,15.345238095238095,7.159663865546219,2,1,2,1,1,Bueno
2016-10-20,16.131944444444443,19.09090909090909,45.21006944444444,10.794642857142858,7.273109243697479,2,1,1,1,1,Bueno
2016-10-21,15.881944444444445,23.39236111111111,45.66319444444444,15.8125,7.3940677966101696,2,1,1,1,1,Bueno
2016-10-22,15.506944444444445,20.57986111111111,41.16840277777778,13.238095238095237,6.311111111111111,2,1,1,1,1,Bueno
2016-10-23,4.527777777777778,7.260416666666667,20.755208333333332,37.145833333333336,7.675,1,1,1,1,1,Muy Bueno
2016-10-24,5.493055555555555,9.440972222222221,37.28173913043478,37.651651651651655,6.725738396624473,1,1,1,1,1,Muy Bueno
2016-10-25,9.07638888888889,21.95486111111111,41.83826086956522,23.35928143712575,5.828193832599119,1,1,1,1,1,Muy Bueno
2016-10-26,17.52777777777778,59.291666666666664,50.16958041958042,15.36890243902439,7.115555555555556,2,3,2,1,1,Regular
2016-10-27,17.59722222222222,50.625,53.14736842105263,20.046439628482972,6.878661087866109,2,3,2,1,1,Regular
2016-10-28,18.82638888888889,42.65277777777778,51.64,20.017964071856287,6.4375,2,2,2,1,1,Bueno
2016-10-29,16.993055555555557,28.802083333333332,53.39756944444444,21.8125,7.05,2,2,2,1,1,Bueno
2016-10-30,11.055944055944057,15.184668989547038,59.86608695652174,28.52238805970149,7.602510460251046,1,1,2,1,1,Bueno
2016-10-31,13.17361111111111,22.03125,73.36631944444444,19.928571428571427,7.535564853556485,1,1,2,1,1,Bueno
2016-11-01,18.01388888888889,25.62847222222222,59.46875,25.967261904761905,7.24537037037037,2,2,2,1,1,Bueno
2016-11-02,19.82638888888889,32.857142857142854,63.55419580419581,18.702380952380953,7.292887029288703,2,2,2,1,1,Bueno
2016-11-03,19.21897810218978,41.644128113879006,67.37719298245614,13.562874251497005,9.033333333333333,2,2,2,1,1,Bueno
2016-11-04,15.38888888888889,28.645833333333332,59.282986111111114,9.164670658682635,6.345833333333333,2,2,2,1,1,Bueno
2016-11-05,5.731884057971015,7.340425531914893,26.241319444444443,37.330128205128204,5.575,1,1,1,1,1,Muy Bueno
2016-11-06,3.5785123966942147,5.581132075471698,26.380208333333332,44.98397435897436,5.920833333333333,1,1,1,1,1,Muy Bueno
2016-11-07,5.6015625,9.627376425855513,41.38850174216028,34.030959752321984,5.920502092050209,1,1,1,1,1,Muy Bueno
2016-11-08,5.638297872340425,9.771929824561404,39.54816112084063,34.1981981981982,6.02092050209205,1,1,1,1,1,Muy Bueno
2016-11-09,5.534722222222222,10.739583333333334,26.975694444444443,47.75892857142857,5.895833333333333,1,1,1,1,1,Muy Bueno
2016-11-10,12.4375,22.038194444444443,66.19895287958116,14.93093093093093,8.179916317991632,1,1,2,1,1,Bueno
2016-11-11,17.5,26.679577464788732,72.25305410122164,9.096385542168674,9.97907949790795,2,2,2,1,1,Bueno
2016-11-12,20.580152671755727,26.214545454545455,59.564236111111114,9.73374613003096,8.2875,2,2,2,1,1,Bueno
2016-11-13,16.02777777777778,18.96875,42.94097222222222,22.547619047619047,8.65,2,1,1,1,1,Bueno
2016-11-14,4.381944444444445,8.378472222222221,34.703125,38.142857142857146,8.129166666666666,1,1,1,1,1,Muy Bueno
2016-11-15,6.145833333333333,11.548951048951048,46.52613240418118,33.80564263322884,9.129166666666666,1,1,1,1,1,Muy Bueno
2016-11-16,11.75,21.302083333333332,67.28298611111111,13.724358974358974,9.460251046025105,1,1,2,1,1,Bueno
2016-11-17,20.993055555555557,33.135416666666664,80.94260869565217,8.23076923076923,11.379166666666666,2,2,2,1,1,Bueno
2016-11-18,24.47222222222222,36.666666666666664,72.42857142857143,6.689102564102564,10.472803347280335,2,2,2,1,1,Bueno
2016-11-19,22.0,27.29824561403509,49.520833333333336,16.341614906832298,7.479166666666667,2,2,1,1,1,Bueno
2016-11-20,7.833333333333333,10.597222222222221,31.458333333333332,30.976190476190474,4.920833333333333,1,1,1,1,1,Muy Bueno
2016-11-21,4.22463768115942,8.44943820224719,32.14414414414414,47.8801261829653,5.946188340807175,1,1,1,1,1,Muy Bueno
2016-11-22,7.5,12.931818181818182,51.17934782608695,15.797427652733118,6.796296296296297,1,1,2,1,1,Bueno
2016-11-23,6.298611111111111,10.037878787878787,46.247252747252745,17.10967741935484,7.0,1,1,1,1,1,Muy Bueno
2016-11-24,7.965034965034965,12.965250965250965,49.346715328467155,16.351973684210527,7.303738317757009,1,1,1,1,1,Muy Bueno
2016-11-25,8.330985915492958,10.889312977099237,47.854280510018214,20.70873786407767,8.023364485981308,1,1,1,1,1,Muy Bueno
2016-11-26,7.097222222222222,9.556818181818182,40.880434782608695,25.719354838709677,8.305555555555555,1,1,1,1,1,Muy Bueno
2016-11-27,5.927536231884058,9.60077519379845,32.375,29.270967741935483,9.537037037037036,1,1,1,1,1,Muy Bueno
2016-11-28,7.0546875,15.544354838709678,41.6497277676951,34.94838709677419,10.106481481481481,1,1,1,1,1,Muy Bueno
2016-11-29,8.654676258992806,15.507751937984496,51.3786231884058,13.976897689768977,10.12037037037037,1,1,2,1,1,Bueno
2016-11-30,5.680555555555555,10.023809523809524,37.8,34.20578778135048,7.4754901960784315,1,1,1,1,1,Muy Bueno
2016-12-01,6.391608391608392,10.92468619246862,44.44592030360531,33.07096774193548,6.806282722513089,1,1,1,1,1,Muy Bueno
2016-12-02,12.624113475177305,17.937219730941703,60.34090909090909,15.54983922829582,7.510416666666667,1,1,2,1,1,Bueno
2016-12-03,13.875,16.76,46.15909090909091,17.09967845659164,7.744791666666667,1,1,1,1,1,Muy Bueno
2016-12-04,6.027972027972028,7.766666666666667,28.681818181818183,41.636655948553056,5.729166666666667,1,1,1,1,1,Muy Bueno
2016-12-05,6.902777777777778,9.923728813559322,35.41312741312741,31.12837837837838,7.047120418848167,1,1,1,1,1,Muy Bueno
2016-12-06,11.145833333333334,16.233333333333334,40.198095238095235,30.218309859154928,7.484375,1,1,1,1,1,Muy Bueno
2016-12-07,22.154929577464788,29.15126050420168,60.66347992351817,8.161512027491408,9.537234042553191,2,2,2,1,1,Bueno
2016-12-08,16.166666666666668,20.85,50.46022727272727,18.483974358974358,8.770833333333334,2,1,2,1,1,Bueno
2016-12-09,13.348148148148148,17.0995670995671,57.521484375,17.476190476190474,9.460674157303371,1,1,2,1,1,Bueno
2016-12-10,11.743055555555555,15.265060240963855,54.482421875,19.189830508474575,8.853107344632768,1,1,2,1,1,Bueno
2016-12-11,16.86111111111111,19.65909090909091,47.52462121212121,14.163987138263666,8.588541666666666,2,1,1,1,1,Bueno
2016-12-12,27.833333333333332,32.11742424242424,66.2159090909091,5.385852090032154,10.109375,2,2,2,1,1,Bueno
2016-12-13,24.57638888888889,31.83587786259542,67.40530303030303,5.9640522875816995,11.291666666666666,2,2,2,1,1,Bueno
2016-12-14,21.333333333333332,26.83969465648855,55.38068181818182,7.977491961414791,8.473958333333334,2,2,2,1,1,Bueno
2016-12-15,15.319444444444445,18.515151515151516,47.58555133079848,18.271844660194176,7.352631578947369,2,1,1,1,1,Bueno
2016-12-16,11.114285714285714,12.526923076923078,44.40796963946869,19.470967741935485,7.50261780104712,1,1,1,1,1,Muy Bueno
2016-12-17,6.409722222222222,8.337121212121213,20.910984848484848,52.52733118971061,7.072916666666667,1,1,1,1,1,Muy Bueno
2016-12-18,6.881944444444445,8.371212121212121,18.65530303030303,58.0064308681672,7.875,1,1,1,1,1,Muy Bueno
2016-12-19,8.381944444444445,12.299595141700404,41.00963391136801,45.20327868852459,8.942408376963352,1,1,1,1,1,Muy Bueno
2016-12-20,15.152777777777779,22.678571428571427,74.13984674329502,10.394822006472491,11.214659685863875,2,1,2,1,1,Bueno
2016-12-21,12.784722222222221,21.033333333333335,72.09125475285171,14.635483870967741,12.026315789473685,1,1,2,1,1,Bueno
2016-12-22,21.895833333333332,32.30833333333333,83.6155303030303,6.132686084142395,13.380208333333334,2,2,2,1,1,Bueno
2016-12-23,21.28472222222222,27.720833333333335,67.39010989010988,8.088328075709779,12.47906976744186,2,2,2,1,1,Bueno
2016-12-24,9.01388888888889,12.116666666666667,44.017361111111114,18.411940298507464,10.289915966386555,1,1,1,1,1,Muy Bueno
2016-12-25,11.430555555555555,14.616666666666667,43.24131944444444,15.250746268656716,10.654166666666667,1,1,1,1,1,Muy Bueno
2016-12-26,23.53146853146853,28.98744769874477,71.08173913043478,8.784431137724551,13.175732217573222,2,2,2,1,1,Bueno
2016-12-27,16.260563380281692,24.361344537815125,79.11979166666667,11.214925373134328,14.958333333333334,2,1,2,1,1,Bueno
2016-12-28,15.549295774647888,23.120171673819744,72.19618055555556,10.2,12.025,2,1,2,1,1,Bueno
2016-12-29,20.529850746268657,30.190265486725664,79.72048611111111,8.244776119402985,13.125,2,2,2,1,1,Bueno
2016-12-30,20.859154929577464,30.176470588235293,85.29340277777777,7.381538461538462,14.795833333333333,2,2,2,1,1,Bueno
2016-12-31,21.57638888888889,23.860759493670887,58.15625,9.36774193548387,11.016666666666667,2,1,2,1,1,Bueno
2017-01-01,23.02777777777778,25.003703703703703,47.78125,13.482315112540192,9.0875,2,2,1,1,1,Bueno
2017-01-02,19.59027777777778,25.19097222222222,52.85165794066317,16.400651465798045,10.595833333333333,2,2,2,1,1,Bueno
2017-01-03,25.583333333333332,37.041666666666664,65.95606326889279,7.621875,11.638655462184873,2,2,2,1,1,Bueno
2017-01-04,27.36764705882353,41.83216783216783,69.76232394366197,8.327327327327327,11.376569037656903,2,2,2,1,1,Bueno
2017-01-05,23.5625,33.395833333333336,65.24125874125875,8.51641791044776,9.778242677824268,2,2,2,1,1,Bueno
2017-01-06,16.21527777777778,22.350694444444443,58.96875,15.301492537313433,11.6625,2,1,2,1,1,Bueno
2017-01-07,15.0625,21.694444444444443,63.395833333333336,15.146268656716417,11.804166666666667,2,1,2,1,1,Bueno
2017-01-08,20.09722222222222,25.37847222222222,66.42708333333333,10.086567164179105,12.558333333333334,2,2,2,1,1,Bueno
2017-01-09,16.22222222222222,25.416666666666668,75.17975567190227,8.90566037735849,12.8125,2,2,2,1,1,Bueno
2017-01-10,20.756944444444443,32.93402777777778,78.08173913043478,8.351851851851851,15.579166666666667,2,2,2,1,1,Bueno
2017-01-11,8.555555555555555,14.302083333333334,56.34843205574913,22.17313432835821,11.591666666666667,1,1,2,1,1,Bueno
2017-01-12,15.184397163120567,22.859649122807017,56.81546572934974,12.588059701492538,10.608333333333333,2,1,2,1,1,Bueno
2017-01-13,5.576388888888889,9.618881118881118,33.25305410122164,48.319402985074625,8.120833333333334,1,1,1,1,1,Muy Bueno
2017-01-14,5.5,8.878472222222221,45.75,35.45757575757576,9.241666666666667,1,1,1,1,1,Muy Bueno
2017-01-15,5.5625,9.4375,43.12152777777778,39.81350482315113,9.154166666666667,1,1,1,1,1,Muy Bueno
2017-01-16,9.61111111111111,15.1875,62.630208333333336,26.232919254658384,10.8,1,1,2,1,1,Bueno
2017-01-17,4.253521126760563,7.8671328671328675,36.112478031634446,44.646525679758305,8.953389830508474,1,1,1,1,1,Muy Bueno
2017-01-18,4.347222222222222,8.252669039145907,33.042031523642734,47.015151515151516,10.238493723849372,1,1,1,1,1,Muy Bueno
2017-01-19,7.472222222222222,12.76842105263158,29.424347826086958,47.90149253731343,9.527196652719665,1,1,1,1,1,Muy Bueno
2017-01-20,7.576388888888889,12.239583333333334,24.82465277777778,50.81791044776119,10.15126050420168,1,1,1,1,1,Muy Bueno
2017-01-21,6.388888888888889,9.711805555555555,31.37152777777778,52.74029850746269,10.170833333333333,1,1,1,1,1,Muy Bueno
2017-01-22,12.3125,17.01736111111111,51.401041666666664,27.13134328358209,11.091666666666667,1,1,2,1,1,Bueno
2017-01-23,9.7,15.253571428571428,53.14608695652174,34.20552147239264,10.978991596638656,1,1,2,1,1,Bueno
2017-01-24,17.77536231884058,29.00357142857143,83.61805555555556,16.20597014925373,12.1125,2,2,2,1,1,Bueno
2017-01-25,18.112676056338028,28.260563380281692,79.45659722222223,13.301492537313433,11.341666666666667,2,2,2,1,1,Bueno
2017-01-26,22.958333333333332,33.28421052631579,72.39930555555556,13.859701492537313,11.083333333333334,2,2,2,1,1,Bueno
2017-01-27,12.30281690140845,14.26923076923077,49.83506944444444,32.17611940298507,7.991666666666666,1,1,1,1,1,Muy Bueno
2017-01-28,4.493055555555555,7.46875,29.538194444444443,54.811940298507466,6.954166666666667,1,1,1,1,1,Muy Bueno
2017-01-29,10.354166666666666,15.003472222222221,41.458333333333336,22.591044776119404,6.833333333333333,1,1,1,1,1,Muy Bueno
2017-01-30,7.861111111111111,11.128472222222221,40.7347294938918,26.65432098765432,7.5021097046413505,1,1,1,1,1,Muy Bueno
2017-01-31,12.5,17.73170731707317,50.742160278745644,19.06006006006006,10.117154811715482,1,1,2,1,1,Bueno
2017-02-01,18.819444444444443,26.136363636363637,60.927943760984185,8.71987951807229,9.320833333333333,2,2,2,1,1,Bueno
2017-02-02,6.784722222222222,10.239583333333334,39.41361256544503,39.8433734939759,7.200836820083682,1,1,1,1,1,Muy Bueno
2017-02-03,5.222222222222222,14.559027777777779,27.767888307155324,56.5015015015015,6.620833333333334,1,1,1,1,1,Muy Bueno
2017-02-04,3.638888888888889,6.982638888888889,13.26736111111111,64.81194029850747,6.658333333333333,1,1,1,2,1,Bueno
2017-02-05,3.0277777777777777,6.208333333333333,11.682291666666666,75.57014925373134,6.391666666666667,1,1,1,2,1,Bueno
2017-02-06,4.340277777777778,9.424561403508772,25.885217391304348,64.96107784431138,6.46218487394958,1,1,1,2,1,Bueno
2017-02-07,7.5,14.833333333333334,37.18782608695652,36.629629629629626,6.8375,1,1,1,1,1,Muy Bueno
2017-02-08,4.284722222222222,7.871527777777778,36.78472222222222,54.4478527607362,8.445833333333333,1,1,1,1,1,Muy Bueno
2017-02-09,11.425531914893616,19.564912280701755,70.61631944444444,17.761194029850746,9.691666666666666,1,1,2,1,1,Bueno
2017-02-10,16.01388888888889,22.524305555555557,62.00347222222222,8.97910447761194,10.583333333333334,2,1,2,1,1,Bueno
2017-02-11,8.506944444444445,11.140350877192983,36.82086956521739,36.25970149253731,9.874476987447698,1,1,1,1,1,Muy Bueno
2017-02-12,10.027777777777779,37.24305555555556,33.502626970227674,38.19207317073171,8.2125,1,2,1,1,1,Bueno
2017-02-13,6.099236641221374,20.334545454545456,27.598214285714285,55.6749226006192,6.733050847457627,1,1,1,1,1,Muy Bueno
2017-02-14,9.647887323943662,16.66549295774648,48.80735551663748,26.347305389221557,8.594142259414227,1,1,1,1,1,Muy Bueno
2017-02-15,8.845070422535212,15.87900355871886,47.844133099824866,29.027027027027028,9.497907949790795,1,1,1,1,1,Muy Bueno
2017-02-16,10.521428571428572,20.433098591549296,52.23292469352014,30.035820895522388,9.920833333333333,1,1,2,1,1,Bueno
2017-02-17,13.77304964539007,23.78368794326241,58.67657342657343,22.46706586826347,9.970833333333333,1,1,2,1,1,Bueno
2017-02-18,19.86111111111111,29.072916666666668,62.19618055555556,15.617910447761194,10.083333333333334,2,2,2,1,1,Bueno
2017-02-19,17.229166666666668,23.57986111111111,33.96875,44.58507462686567,10.470833333333333,2,1,1,1,1,Bueno
2017-02-20,12.847222222222221,18.91958041958042,46.87152777777778,39.59701492537314,10.395833333333334,1,1,1,1,1,Muy Bueno
2017-02-21,10.909722222222221,16.810526315789474,53.529513888888886,34.74029850746269,11.120833333333334,1,1,2,1,1,Bueno
2017-02-22,16.035211267605632,52.50349650349651,62.59375,25.253731343283583,12.354166666666666,2,3,2,1,1,Regular
2017-02-23,41.04929577464789,146.47552447552448,60.982638888888886,10.164179104477611,11.4125,3,4,2,1,1,Malo
2017-02-24,21.319444444444443,70.81597222222223,47.041666666666664,22.37313432835821,9.641666666666667,2,3,1,1,1,Regular
2017-02-25,9.402777777777779,19.260416666666668,44.814236111111114,37.492537313432834,8.175,1,1,1,1,1,Muy Bueno
2017-02-26,18.375,32.88194444444444,38.626736111111114,31.0,7.829166666666667,2,2,1,1,1,Bueno
2017-02-27,11.215277777777779,21.22027972027972,23.583916083916083,54.570996978851966,6.680672268907563,1,1,1,1,1,Muy Bueno
2017-02-28,4.731884057971015,9.117021276595745,24.94589877835951,56.43504531722054,6.630252100840337,1,1,1,1,1,Muy Bueno
2017-03-01,9.380597014925373,14.883211678832117,40.6584938704028,42.46546546546546,7.439330543933054,1,1,1,1,1,Muy Bueno
2017-03-02,14.034722222222221,23.135888501742162,57.1239092495637,21.227272727272727,8.770833333333334,1,1,2,1,1,Bueno
2017-03-03,12.708333333333334,21.30902777777778,49.333333333333336,31.997014925373133,8.454166666666667,1,1,1,1,1,Muy Bueno
2017-03-04,3.6805555555555554,7.253472222222222,21.178819444444443,63.528358208955225,6.491666666666666,1,1,1,2,1,Bueno
2017-03-05,4.708333333333333,8.291666666666666,21.45486111111111,48.89253731343283,6.820833333333334,1,1,1,1,1,Muy Bueno
2017-03-06,4.604166666666667,9.270833333333334,28.03125,49.28443113772455,7.133333333333334,1,1,1,1,1,Muy Bueno
2017-03-07,5.611111111111111,11.197916666666666,33.296875,57.15568862275449,7.4625,1,1,1,1,1,Muy Bueno
2017-03-08,13.097222222222221,26.23758865248227,74.78434782608696,18.523952095808383,10.208333333333334,1,2,2,1,1,Bueno
2017-03-09,16.23611111111111,30.246478873239436,77.04861111111111,20.37125748502994,10.516666666666667,2,2,2,1,1,Bueno
2017-03-10,15.25,29.20212765957447,70.38368055555556,27.136904761904763,9.6625,2,2,2,1,1,Bueno
2017-03-11,15.0625,28.98611111111111,53.88715277777778,33.81845238095238,9.35,2,2,2,1,1,Bueno
2017-03-12,5.409722222222222,13.711805555555555,22.53298611111111,62.26488095238095,7.5875,1,1,1,2,1,Bueno
2017-03-13,2.852112676056338,12.433566433566433,15.710296684118674,75.11144578313252,8.411764705882353,1,1,1,2,1,Bueno
2017-03-14,8.326086956521738,16.271428571428572,27.115586690017512,63.09036144578313,9.808510638297872,1,1,1,2,1,Bueno
2017-03-15,10.021897810218977,20.153024911032027,32.45296167247387,61.84776119402985,8.974789915966387,1,1,1,2,1,Bueno
2017-03-16,12.4375,20.88888888888889,37.98251748251748,59.51497005988024,8.138655462184873,1,1,1,1,1,Muy Bueno
2017-03-17,7.492957746478873,15.566901408450704,44.25828970331588,59.833333333333336,8.629166666666666,1,1,1,1,1,Muy Bueno
2017-03-18,10.125,20.003521126760564,54.392361111111114,45.79761904761905,9.95,1,1,2,1,1,Bueno
2017-03-19,12.92361111111111,22.133802816901408,50.439236111111114,47.55952380952381,9.633333333333333,1,1,2,1,1,Bueno
2017-03-20,9.833333333333334,17.993006993006993,34.43402777777778,56.81845238095238,8.2625,1,1,1,1,1,Muy Bueno
2017-03-21,11.125,20.208333333333332,28.45694200351494,55.25,7.5,1,1,1,1,1,Muy Bueno
2017-03-22,4.354166666666667,10.447916666666666,25.82986111111111,64.75297619047619,7.258333333333334,1,1,1,2,1,Bueno
2017-03-23,4.486111111111111,7.944444444444445,36.63715277777778,49.44047619047619,7.0125,1,1,1,1,1,Muy Bueno
2017-03-24,8.04861111111111,11.010416666666666,40.03304347826087,41.659701492537316,8.1625,1,1,1,1,1,Muy Bueno
2017-03-25,10.194444444444445,14.9375,45.15972222222222,36.13690476190476,7.725,1,1,1,1,1,Muy Bueno
2017-03-26,4.891304347826087,7.952898550724638,24.98731884057971,65.53105590062111,8.208695652173914,1,1,1,2,1,Bueno
2017-03-27,4.979166666666667,10.32986111111111,27.48432055749129,69.02985074626865,7.2899159663865545,1,1,1,2,1,Bueno
2017-03-28,8.784722222222221,15.618055555555555,44.03157894736842,42.346385542168676,7.805907172995781,1,1,1,1,1,Muy Bueno
2017-03-29,10.631944444444445,19.552083333333332,57.26713532513181,36.005970149253734,8.23076923076923,1,1,2,1,1,Bueno
2017-03-30,12.70138888888889,22.85763888888889,54.505226480836235,42.93731343283582,7.172995780590718,1,1,2,1,1,Bueno
2017-03-31,10.305555555555555,18.84027777777778,38.00869565217391,54.98203592814371,6.370833333333334,1,1,1,1,1,Muy Bueno
2017-04-01,3.423611111111111,8.958333333333334,15.95138888888889,85.30654761904762,5.5875,1,1,1,2,1,Bueno
2017-04-02,3.9930555555555554,7.822916666666667,20.307291666666668,75.91369047619048,6.208333333333333,1,1,1,2,1,Bueno
2017-04-03,3.9583333333333335,9.791666666666666,33.617801047120416,69.42342342342343,6.229166666666667,1,1,1,2,1,Bueno
2017-04-04,6.283687943262412,14.536842105263158,50.318260869565215,52.580357142857146,6.8625,1,1,2,1,1,Bueno
2017-04-05,4.430555555555555,10.086805555555555,20.71631205673759,74.01785714285714,6.033333333333333,1,1,1,2,1,Bueno
2017-04-06,7.506944444444445,13.138790035587188,28.40798611111111,78.61011904761905,5.733333333333333,1,1,1,2,1,Bueno
2017-04-07,8.534722222222221,16.552083333333332,35.71228070175439,68.5327380952381,5.735294117647059,1,1,1,2,1,Bueno
2017-04-08,11.444444444444445,20.25,36.22144112478032,78.89164086687306,5.070833333333334,1,1,1,2,1,Bueno
2017-04-09,8.01388888888889,15.416666666666666,30.243055555555557,75.89473684210526,5.116666666666666,1,1,1,2,1,Bueno
2017-04-10,8.904411764705882,18.79642857142857,40.738219895287955,61.134328358208954,5.393805309734513,1,1,1,2,1,Bueno
2017-04-11,9.25,19.642599277978338,46.805217391304346,59.99096385542169,5.545454545454546,1,1,1,1,1,Muy Bueno
2017-04-12,11.364285714285714,22.989285714285714,44.16347826086957,67.6497005988024,5.066666666666666,1,1,1,2,1,Bueno
2017-04-13,13.541666666666666,26.013986013986013,40.296875,65.57313432835821,5.229166666666667,1,2,1,2,1,Bueno
2017-04-14,14.131944444444445,37.30902777777778,30.03125,57.666666666666664,5.075,1,2,1,1,1,Bueno
2017-04-15,7.319444444444445,16.60763888888889,26.772569444444443,63.517857142857146,4.820833333333334,1,1,1,2,1,Bueno
2017-04-16,7.305555555555555,14.413194444444445,20.288194444444443,79.65373134328358,4.6,1,1,1,2,1,Bueno
2017-04-17,10.42361111111111,20.895833333333332,47.714535901926446,55.31515151515151,5.329166666666667,1,1,1,1,1,Muy Bueno
2017-04-18,7.215277777777778,18.239583333333332,28.446180555555557,75.90178571428571,4.533333333333333,1,1,1,2,1,Bueno
2017-04-19,6.938931297709924,19.39852398523985,19.751304347826085,76.13333333333334,4.804166666666666,1,1,1,2,1,Bueno
2017-04-20,6.006944444444445,13.598540145985401,20.057291666666668,72.13897280966768,5.0,1,1,1,2,1,Bueno
2017-04-21,6.298611111111111,13.92,26.38086956521739,79.08734939759036,5.066666666666666,1,1,1,2,1,Bueno
2017-04-22,4.770833333333333,11.538732394366198,28.08916083916084,79.19701492537314,5.177966101694915,1,1,1,2,1,Bueno
2017-04-23,7.576388888888889,15.472222222222221,42.181184668989545,58.504477611940295,5.3655462184873945,1,1,1,1,1,Muy Bueno
2017-04-24,10.854166666666666,29.53356890459364,49.57267950963222,51.81024096385542,5.582278481012659,1,2,1,1,1,Bueno
2017-04-25,15.305555555555555,46.802083333333336,35.709281961471106,58.5609756097561,4.920168067226891,2,2,1,1,1,Bueno
2017-04-26,8.895833333333334,18.302083333333332,21.560420315236428,70.08059701492537,4.8375,1,1,1,2,1,Bueno
2017-04-27,4.194444444444445,8.04513888888889,15.830715532286213,82.4955223880597,6.341666666666667,1,1,1,2,1,Bueno
2017-04-28,5.354166666666667,11.552083333333334,17.977430555555557,80.69069069069069,5.405857740585774,1,1,1,2,1,Bueno
2017-04-29,6.0625,7.836805555555555,24.558875219683657,50.49850746268657,5.8875,1,1,1,1,1,Muy Bueno
2017-04-30,6.548611111111111,10.020833333333334,20.936479128856625,59.44179104477612,4.8875,1,1,1,1,1,Muy Bueno
2017-05-01,4.006944444444445,7.899305555555555,15.549645390070921,82.66666666666667,5.041841004184101,1,1,1,2,1,Bueno
2017-05-02,7.0,11.777777777777779,32.732638888888886,55.853731343283584,5.1875,1,1,1,1,1,Muy Bueno
2017-05-03,7.402777777777778,13.947916666666666,40.060763888888886,58.850746268656714,5.333333333333333,1,1,1,1,1,Muy Bueno
2017-05-04,10.44055944055944,22.21875,59.685763888888886,45.964071856287426,6.008333333333334,1,1,2,1,1,Bueno
2017-05-05,7.743055555555555,20.114583333333332,32.75347222222222,57.28955223880597,5.121338912133891,1,1,1,1,1,Muy Bueno
2017-05-06,4.034965034965035,7.602787456445993,14.721739130434782,73.22388059701493,4.794979079497908,1,1,1,2,1,Bueno
2017-05-07,5.166666666666667,9.65625,25.90972222222222,64.12537313432836,4.953974895397489,1,1,1,2,1,Bueno
2017-05-08,7.57037037037037,14.863970588235293,37.92631578947368,65.31641791044777,4.567796610169491,1,1,1,2,1,Bueno
2017-05-09,8.97872340425532,20.614035087719298,41.29565217391304,63.36555891238671,4.953586497890296,1,1,1,2,1,Bueno
2017-05-10,6.083333333333333,12.697916666666666,16.73123909249564,73.65203761755485,4.371308016877637,1,1,1,2,1,Bueno
2017-05-11,3.701388888888889,6.681818181818182,20.78086956521739,68.35913312693498,4.895397489539749,1,1,1,2,1,Bueno
2017-05-12,4.957746478873239,9.325174825174825,26.691099476439792,52.390243902439025,4.98744769874477,1,1,1,1,1,Muy Bueno
2017-05-13,4.902777777777778,9.23263888888889,17.661458333333332,55.641975308641975,4.841004184100418,1,1,1,1,1,Muy Bueno
2017-05-14,6.131944444444445,11.472222222222221,22.476106194690267,52.12621359223301,4.514644351464435,1,1,1,1,1,Muy Bueno
2017-05-15,7.520833333333333,15.177083333333334,32.446017699115046,53.29260450160772,4.924686192468619,1,1,1,1,1,Muy Bueno
2017-05-16,10.5625,18.48611111111111,42.38194444444444,62.63354037267081,5.2259414225941425,1,1,1,2,1,Bueno
2017-05-17,8.805555555555555,17.661971830985916,31.273204903677758,73.15223880597014,5.146443514644352,1,1,1,2,1,Bueno
2017-05-18,6.291666666666667,10.243055555555555,24.797556719022687,53.6497005988024,4.99163179916318,1,1,1,1,1,Muy Bueno
2017-05-19,5.090277777777778,9.815972222222221,28.85053380782918,65.50301204819277,5.087866108786611,1,1,1,2,1,Bueno
2017-05-20,6.173611111111111,11.66546762589928,31.8556338028169,74.25373134328358,5.02092050209205,1,1,1,2,1,Bueno
2017-05-21,7.969465648854962,17.207272727272727,35.52256944444444,61.17611940298507,5.422594142259414,1,1,1,2,1,Bueno
2017-05-22,11.503937007874017,27.977859778597786,48.50176678445229,58.74096385542169,5.55982905982906,1,2,1,1,1,Bueno
2017-05-23,10.305555555555555,23.645985401459853,26.895390070921987,83.43030303030304,5.609243697478991,1,1,1,2,1,Bueno
2017-05-24,9.215277777777779,21.958333333333332,35.78633975481611,75.85885885885885,5.495798319327731,1,1,1,2,1,Bueno
2017-05-25,10.33093525179856,23.91166077738516,40.39718804920914,78.61538461538461,5.419491525423729,1,1,1,2,1,Bueno
2017-05-26,13.67361111111111,38.90972222222222,37.71826086956522,71.96894409937889,5.2343096234309625,1,2,1,2,1,Bueno
2017-05-27,11.402777777777779,29.700348432055748,24.37847222222222,78.85329341317366,5.179916317991632,1,2,1,2,1,Bueno
2017-05-28,8.819444444444445,19.283216783216783,15.635416666666666,93.00895522388059,5.343096234309623,1,1,1,2,1,Bueno
2017-05-29,9.395833333333334,18.20921985815603,21.59375,68.1731343283582,5.158995815899582,1,1,1,2,1,Bueno
2017-05-30,8.57638888888889,15.225694444444445,26.071180555555557,72.96119402985074,4.849372384937238,1,1,1,2,1,Bueno
2017-05-31,9.63888888888889,18.295373665480426,33.3922942206655,75.4,5.112970711297071,1,1,1,2,1,Bueno
2017-06-01,11.208333333333334,22.30902777777778,33.720486111111114,81.64776119402985,5.301255230125523,1,1,1,2,1,Bueno
2017-06-02,13.208333333333334,31.066202090592334,40.75694444444444,73.03283582089553,5.359832635983263,1,2,1,2,1,Bueno
2017-06-03,10.319444444444445,18.96527777777778,17.80034722222222,78.59701492537313,4.866108786610878,1,1,1,2,1,Bueno
2017-06-04,7.576388888888889,12.930555555555555,12.097222222222221,68.9044776119403,5.050209205020921,1,1,1,2,1,Bueno
2017-06-05,4.922535211267606,9.706093189964157,23.890070921985817,59.70059880239521,5.13135593220339,1,1,1,1,1,Muy Bueno
2017-06-06,6.288732394366197,13.450354609929079,21.86865148861646,66.26219512195122,5.105485232067511,1,1,1,2,1,Bueno
2017-06-07,7.235714285714286,18.798561151079138,34.60175438596491,74.18018018018019,5.291845493562231,1,1,1,2,1,Bueno
2017-06-08,12.25,29.387323943661972,35.88111888111888,77.31927710843374,5.47457627118644,1,2,1,2,1,Bueno
2017-06-09,11.583941605839415,26.91756272401434,37.42402826855124,66.4770642201835,5.737068965517241,1,2,1,2,1,Bueno
2017-06-10,11.066666666666666,23.438931297709924,37.53623188405797,65.2443729903537,6.097674418604651,1,1,1,2,1,Bueno
2017-06-11,14.091666666666667,30.015444015444015,37.914855072463766,77.57234726688102,6.348837209302325,1,2,1,2,1,Bueno
2017-06-12,10.992248062015504,25.34926470588235,37.6085409252669,69.38198757763975,5.9511111111111115,1,2,1,2,1,Bueno
2017-06-13,11.04861111111111,26.22222222222222,30.67013888888889,88.27844311377245,5.598326359832636,1,2,1,2,1,Bueno
2017-06-14,13.402777777777779,36.37062937062937,41.208333333333336,80.08059701492537,5.89873417721519,1,2,1,2,1,Bueno
2017-06-15,18.256944444444443,51.0,53.138888888888886,60.2814371257485,6.348936170212766,2,3,2,2,1,Regular
2017-06-16,13.229166666666666,28.395833333333332,41.63130434782609,80.11111111111111,5.595744680851064,1,2,1,2,1,Bueno
2017-06-17,15.45138888888889,28.65972222222222,36.846830985915496,79.74096385542168,6.046808510638298,2,2,1,2,1,Bueno
2017-06-18,10.192857142857143,20.154929577464788,23.09107142857143,90.66467065868264,5.873949579831932,1,1,1,2,1,Bueno
2017-06-19,11.253521126760564,29.159010600706715,29.68935427574171,86.22727272727273,6.23109243697479,1,2,1,2,1,Bueno
2017-06-20,12.474074074074075,25.39068100358423,32.8932384341637,81.54938271604938,6.097345132743363,1,2,1,2,1,Bueno
2017-06-21,13.758333333333333,29.598484848484848,43.509981851179674,73.10610932475885,5.769953051643192,1,2,1,2,1,Bueno
2017-06-22,15.426356589147288,36.21245421245421,48.19928825622776,78.52215189873418,5.844036697247707,2,2,1,2,1,Bueno
2017-06-23,12.277777777777779,27.604166666666668,33.30890052356021,81.55421686746988,5.189075630252101,1,2,1,2,1,Bueno
2017-06-24,9.868055555555555,26.12847222222222,24.78472222222222,67.0,5.1125,1,2,1,2,1,Bueno
2017-06-25,9.777777777777779,25.76388888888889,28.81423611111111,56.65568862275449,5.283333333333333,1,2,1,1,1,Bueno
2017-06-26,9.166666666666666,19.90277777777778,26.68815331010453,61.183734939759034,5.266666666666667,1,1,1,2,1,Bueno
2017-06-27,7.708333333333333,15.71875,32.83159722222222,55.75820895522388,5.2125,1,1,1,1,1,Muy Bueno
2017-06-28,3.9788732394366195,10.853146853146853,14.390625,56.58682634730539,5.108333333333333,1,1,1,1,1,Muy Bueno
2017-06-29,3.6901408450704225,10.157342657342657,14.536458333333334,71.54191616766467,5.1,1,1,1,2,1,Bueno
2017-06-30,3.4027777777777777,8.70138888888889,16.86096256684492,62.5,5.170833333333333,1,1,1,2,1,Bueno
2017-07-01,3.0347222222222223,6.902777777777778,10.23611111111111,70.28358208955224,5.020833333333333,1,1,1,2,1,Bueno
2017-07-02,3.5416666666666665,8.055555555555555,12.605902777777779,62.125748502994014,5.1625,1,1,1,2,1,Bueno
2017-07-03,4.638888888888889,12.333333333333334,27.61511423550088,54.990990990990994,5.76890756302521,1,1,1,1,1,Muy Bueno
2017-07-04,5.534722222222222,18.67361111111111,29.962962962962962,58.249249249249246,5.807531380753138,1,1,1,1,1,Muy Bueno
2017-07-05,9.007042253521126,30.534965034965033,26.105448154657292,76.34743202416918,6.180672268907563,1,2,1,2,1,Bueno
2017-07-06,9.104166666666666,25.125,33.86062717770035,41.668656716417914,5.604166666666667,1,2,1,1,1,Bueno
2017-07-07,8.17361111111111,18.635416666666668,33.65095986038394,39.58734939759036,5.583333333333333,1,1,1,1,1,Muy Bueno
2017-07-08,8.354166666666666,16.145833333333332,31.8125,55.05059523809524,5.525,1,1,1,1,1,Muy Bueno
2017-07-09,11.875,23.14236111111111,37.99305555555556,61.660714285714285,5.7875,1,1,1,2,1,Bueno
2017-07-10,9.854166666666666,18.302083333333332,32.42260869565217,63.46268656716418,5.683333333333334,1,1,1,2,1,Bueno
2017-07-11,8.98611111111111,17.045454545454547,45.01215277777778,61.18452380952381,5.991525423728813,1,1,1,2,1,Bueno
2017-07-12,12.417910447761194,22.21323529411765,58.89877835951135,61.22985074626866,6.096916299559472,1,1,2,2,1,Bueno
2017-07-13,15.131944444444445,37.05263157894737,60.45115452930728,53.732142857142854,4.977064220183486,2,2,2,1,1,Bueno
2017-07-14,14.077464788732394,39.985915492957744,47.37769784172662,63.17261904761905,4.690376569037657,1,2,1,2,1,Bueno
2017-07-15,10.027777777777779,27.254355400696863,25.179130434782607,88.12835820895522,4.682008368200837,1,2,1,2,1,Bueno
2017-07-16,10.4375,24.65972222222222,23.854166666666668,86.58630952380952,5.283333333333333,1,1,1,2,1,Bueno
2017-07-17,9.866197183098592,25.121863799283155,42.49382716049383,71.7814371257485,5.932773109243698,1,2,1,2,1,Bueno
2017-07-18,13.458333333333334,44.364583333333336,36.786096256684495,69.4367469879518,5.907563025210084,1,2,1,2,1,Bueno
2017-07-19,8.520833333333334,23.916666666666668,23.001748251748253,71.82388059701492,5.03781512605042,1,1,1,2,1,Bueno
2017-07-20,7.138888888888889,15.26388888888889,28.683566433566433,73.72155688622755,4.11344537815126,1,1,1,2,1,Bueno
2017-07-21,8.356643356643357,19.024390243902438,30.56695652173913,75.74029850746268,3.9539748953974896,1,1,1,2,1,Bueno
2017-07-22,8.265734265734265,16.665505226480835,25.961805555555557,78.63690476190476,4.345833333333333,1,1,1,2,1,Bueno
2017-07-23,9.625,19.09375,24.727430555555557,79.8452380952381,4.408333333333333,1,1,1,2,1,Bueno
2017-07-24,7.659722222222222,17.864583333333332,24.619791666666668,65.80357142857143,4.798319327731092,1,1,1,2,1,Bueno
2017-07-25,4.541666666666667,10.778181818181817,15.883680555555555,67.98507462686567,5.020833333333333,1,1,1,2,1,Bueno
2017-07-26,6.304964539007092,15.421052631578947,27.804537521815007,72.41492537313432,5.220833333333333,1,1,1,2,1,Bueno
2017-07-27,9.358333333333333,22.34090909090909,40.55072463768116,58.48802395209581,5.608333333333333,1,1,1,1,1,Muy Bueno
2017-07-28,13.671875,27.27573529411765,51.13725490196079,66.5922619047619,5.825,1,2,2,2,1,Bueno
2017-07-29,9.375,20.663194444444443,45.567708333333336,59.470238095238095,5.725,1,1,1,1,1,Muy Bueno
2017-07-30,11.291666666666666,38.854166666666664,34.09375,45.43452380952381,5.75,1,2,1,1,1,Bueno
2017-07-31,13.3125,47.270833333333336,33.74171029668412,47.48192771084337,5.552742616033755,1,2,1,1,1,Bueno
2017-08-01,7.604166666666667,22.533333333333335,29.724258289703315,64.87164179104478,5.214285714285714,1,1,1,2,1,Bueno
2017-08-02,9.715277777777779,23.930555555555557,36.92307692307692,68.18373493975903,5.734177215189874,1,1,1,2,1,Bueno
2017-08-03,11.395833333333334,28.84027777777778,44.55052264808362,71.02985074626865,5.836820083682008,1,2,1,2,1,Bueno
2017-08-04,10.722222222222221,20.51388888888889,35.62086956521739,63.92814371257485,5.958333333333333,1,1,1,2,1,Bueno
2017-08-05,13.4375,23.99652777777778,27.446180555555557,67.21130952380952,5.9375,1,1,1,2,1,Bueno
2017-08-06,7.236111111111111,18.444444444444443,12.63888888888889,72.92238805970149,5.745833333333334,1,1,1,2,1,Bueno
2017-08-07,8.8125,23.958333333333332,23.921875,71.83035714285714,5.654166666666667,1,1,1,2,1,Bueno
2017-08-08,5.618055555555555,16.15625,16.954624781849912,84.04804804804805,5.6,1,1,1,2,1,Bueno
2017-08-09,5.873239436619718,18.38111888111888,17.758680555555557,69.63988095238095,5.808333333333334,1,1,1,2,1,Bueno
2017-08-10,3.5460992907801416,9.428070175438597,12.168695652173913,70.75820895522388,5.849372384937238,1,1,1,2,1,Bueno
2017-08-11,4.408450704225352,11.548951048951048,19.229166666666668,72.02985074626865,5.783333333333333,1,1,1,2,1,Bueno
2017-08-12,5.340277777777778,12.527777777777779,20.151041666666668,82.72537313432836,5.716666666666667,1,1,1,2,1,Bueno
2017-08-13,6.902777777777778,16.305555555555557,29.755208333333332,73.57142857142857,6.0125,1,1,1,2,1,Bueno
2017-08-14,8.788732394366198,25.646853146853147,26.26829268292683,67.6547619047619,6.333333333333333,1,2,1,2,1,Bueno
2017-08-15,11.215277777777779,33.72569444444444,14.104166666666666,74.91641791044776,6.116666666666666,1,2,1,2,1,Bueno
2017-08-16,15.06474820143885,39.24909747292419,36.85664335664335,69.54654654654655,6.445378151260504,2,2,1,2,1,Bueno
2017-08-17,12.25,29.17361111111111,30.664912280701753,79.7134328358209,6.435146443514644,1,2,1,2,1,Bueno
2017-08-18,14.006944444444445,32.80419580419581,47.386759581881535,58.61492537313433,6.816666666666666,1,2,1,1,1,Bueno
2017-08-19,8.368055555555555,19.288194444444443,17.32986111111111,78.12238805970149,6.270833333333333,1,1,1,2,1,Bueno
2017-08-20,8.458333333333334,18.21875,18.27951388888889,79.98397435897436,6.3,1,1,1,2,1,Bueno
2017-08-21,8.70138888888889,22.083333333333332,28.543362831858406,66.19543973941369,6.5,1,1,1,2,1,Bueno
2017-08-22,11.1875,34.93992932862191,27.719202898550726,71.90064102564102,6.4,1,2,1,2,1,Bueno
2017-08-23,15.097222222222221,39.15277777777778,44.32857142857143,65.46708463949844,6.716666666666667,2,2,1,2,1,Bueno
2017-08-24,12.333333333333334,30.44097222222222,36.46006944444444,62.11044776119403,7.016666666666667,1,2,1,2,1,Bueno
2017-08-25,13.416666666666666,31.07986111111111,43.328125,49.05074626865672,6.941666666666666,1,2,1,1,1,Bueno
2017-08-26,12.79861111111111,35.822916666666664,39.16546762589928,40.74925373134328,7.2125,1,2,1,1,1,Bueno
2017-08-27,10.3125,27.67013888888889,18.83159722222222,48.4,6.6125,1,2,1,1,1,Bueno
2017-08-28,8.791666666666666,19.25347222222222,32.53403141361257,25.82634730538922,6.55,1,1,1,1,1,Muy Bueno
2017-08-29,7.8125,14.243055555555555,25.799648506151144,43.42042042042042,6.425531914893617,1,1,1,1,1,Muy Bueno
2017-08-30,8.198581560283689,14.470175438596492,28.81118881118881,50.0625,6.506276150627615,1,1,1,1,1,Muy Bueno
2017-08-31,6.288732394366197,11.031468531468532,24.641739130434782,74.51796407185628,6.408333333333333,1,1,1,2,1,Bueno
2017-09-01,6.131944444444445,9.333333333333334,19.131944444444443,65.49702380952381,6.491666666666666,1,1,1,2,1,Bueno
2017-09-02,5.340277777777778,8.555555555555555,22.053819444444443,68.80357142857143,6.515837104072398,1,1,1,2,1,Bueno
2017-09-03,9.8125,14.67361111111111,43.583333333333336,59.38392857142857,6.961038961038961,1,1,1,1,1,Muy Bueno
2017-09-04,6.5625,13.006944444444445,27.28,57.708333333333336,6.620833333333334,1,1,1,1,1,Muy Bueno
2017-09-05,9.258741258741258,17.566433566433567,38.267361111111114,54.94925373134328,6.789029535864979,1,1,1,1,1,Muy Bueno
2017-09-06,10.472222222222221,18.78125,40.4955595026643,64.24179104477612,7.050632911392405,1,1,1,2,1,Bueno
2017-09-07,5.8125,9.75,23.15625,59.10746268656717,7.020833333333333,1,1,1,1,1,Muy Bueno
2017-09-08,15.583333333333334,22.43402777777778,44.5,57.47761194029851,6.6344537815126055,2,1,1,1,1,Bueno
2017-09-09,7.923611111111111,15.177083333333334,20.256944444444443,67.69047619047619,5.804166666666666,1,1,1,2,1,Bueno
2017-09-10,3.6180555555555554,6.940972222222222,15.206597222222221,58.041666666666664,6.066666666666666,1,1,1,1,1,Muy Bueno
2017-09-11,5.102941176470588,12.29496402877698,32.10582010582011,39.19578313253012,6.7076271186440675,1,1,1,1,1,Muy Bueno
2017-09-12,6.125,12.301526717557252,25.308243727598565,51.610591900311526,6.502202643171806,1,1,1,1,1,Muy Bueno
2017-09-13,7.296,15.156133828996282,48.67557932263814,42.53086419753087,6.954337899543379,1,1,1,1,1,Muy Bueno
2017-09-14,8.520833333333334,19.003521126760564,52.239858906525576,35.556231003039514,6.8201754385964914,1,1,2,1,1,Bueno
2017-09-15,3.647887323943662,11.229681978798586,16.00877192982456,56.25525525525526,6.191666666666666,1,1,1,1,1,Muy Bueno
2017-09-16,2.7847222222222223,6.055555555555555,16.75741710296684,56.507507507507505,6.3125,1,1,1,1,1,Muy Bueno
2017-09-17,4.618055555555555,10.035087719298245,31.510416666666668,49.42559523809524,6.7625,1,1,1,1,1,Muy Bueno
2017-09-18,5.069444444444445,12.003472222222221,35.17482517482517,50.080597014925374,6.174468085106383,1,1,1,1,1,Muy Bueno
2017-09-19,7.027777777777778,14.547368421052632,51.450434782608696,37.157738095238095,6.416666666666667,1,1,2,1,1,Bueno
2017-09-20,7.034722222222222,14.791666666666666,53.33682373472949,47.602985074626865,6.680851063829787,1,1,2,1,1,Bueno
2017-09-21,13.36111111111111,26.19097222222222,67.85814360770578,44.73939393939394,7.039130434782609,1,2,2,1,1,Bueno
2017-09-22,10.424460431654676,23.03886925795053,42.84375,58.80952380952381,6.3625,1,1,1,1,1,Muy Bueno
2017-09-23,8.944444444444445,17.87847222222222,35.36284722222222,66.38507462686567,6.795833333333333,1,1,1,2,1,Bueno
2017-09-24,13.48611111111111,25.01736111111111,54.614583333333336,51.05671641791045,7.779166666666667,1,2,2,1,1,Bueno
2017-09-25,9.20138888888889,20.61111111111111,46.90526315789474,50.364179104477614,7.453781512605042,1,1,1,1,1,Muy Bueno
2017-09-26,5.887323943661972,11.62937062937063,35.25044091710758,54.04531722054381,7.536480686695279,1,1,1,1,1,Muy Bueno
2017-09-27,9.86111111111111,23.80902777777778,61.61795774647887,39.10271903323263,8.451882845188285,1,1,2,1,1,Bueno
2017-09-28,12.590277777777779,29.59375,70.43630017452007,36.450746268656715,8.626609442060087,1,2,2,1,1,Bueno
2017-09-29,13.680555555555555,32.8125,67.54401408450704,37.160714285714285,7.995833333333334,1,2,2,1,1,Bueno
2017-09-30,12.840277777777779,30.4375,59.50868055555556,33.46567164179105,8.095833333333333,1,2,2,1,1,Bueno
2017-10-01,7.666666666666667,15.309027777777779,22.909574468085108,46.80298507462687,7.133333333333334,1,1,1,1,1,Muy Bueno
2017-10-02,6.678321678321678,13.571428571428571,41.186832740213525,19.58383233532934,8.06276150627615,1,1,1,1,1,Muy Bueno
2017-10-03,7.847222222222222,17.149305555555557,48.56195462478185,21.949101796407184,8.075,1,1,1,1,1,Muy Bueno
2017-10-04,7.9375,18.444444444444443,40.44405594405595,35.9044776119403,7.483050847457627,1,1,1,1,1,Muy Bueno
2017-10-05,10.29861111111111,23.972027972027973,68.5360281195079,30.568807339449542,7.348739495798319,1,1,2,1,1,Bueno
2017-10-06,7.069444444444445,15.71875,43.36602451838879,50.504477611940295,6.531380753138075,1,1,1,1,1,Muy Bueno
2017-10-07,5.125,12.283216783216783,36.11631944444444,58.288690476190474,5.620833333333334,1,1,1,1,1,Muy Bueno
2017-10-08,8.979166666666666,19.695804195804197,56.96875,39.958333333333336,6.0375,1,1,2,1,1,Bueno
2017-10-09,6.2611940298507465,15.154676258992806,65.69503546099291,32.972644376899694,5.83982683982684,1,1,2,1,1,Bueno
2017-10-10,8.316901408450704,22.20979020979021,71.12041884816755,33.56417910447761,5.245614035087719,1,1,2,1,1,Bueno
2017-10-11,15.442028985507246,33.28832116788321,89.65323992994746,32.51497005988024,5.282700421940929,2,2,2,1,1,Bueno
2017-10-12,18.95138888888889,38.53125,74.82465277777777,44.52095808383233,4.775,2,2,2,1,1,Bueno
2017-10-13,13.659722222222221,33.88111888111888,61.275261324041814,34.8978978978979,4.0966386554621845,1,2,2,1,1,Bueno
2017-10-14,13.07638888888889,32.78136200716846,63.53993055555556,33.44011976047904,4.0625,1,2,2,1,1,Bueno
2017-10-15,12.8125,31.42361111111111,49.626736111111114,41.23053892215569,3.558333333333333,1,2,1,1,1,Bueno
2017-10-16,10.527777777777779,30.04513888888889,44.64756944444444,46.25149700598802,2.8529411764705883,1,2,1,1,1,Bueno
2017-10-17,10.819444444444445,24.239583333333332,49.920138888888886,30.802985074626864,2.8296943231441047,1,1,1,1,1,Muy Bueno
2017-10-18,6.284722222222222,9.9375,41.354166666666664,28.835329341317365,2.55,1,1,1,1,1,Muy Bueno
2017-10-19,7.423611111111111,13.347517730496454,49.84670231729055,24.523952095808383,3.449781659388646,1,1,1,1,1,Muy Bueno
2017-10-20,9.222222222222221,17.10909090909091,48.513888888888886,27.3044776119403,3.495833333333333,1,1,1,1,1,Muy Bueno
2017-10-21,9.993055555555555,14.17361111111111,36.046875,24.149700598802394,3.0166666666666666,1,1,1,1,1,Muy Bueno
2017-10-22,5.048611111111111,11.003472222222221,35.265625,41.619760479041915,3.216666666666667,1,1,1,1,1,Muy Bueno
2017-10-23,7.145833333333333,14.128472222222221,58.50704225352113,27.993957703927492,4.571428571428571,1,1,2,1,1,Bueno
2017-10-24,9.090277777777779,17.405594405594407,66.95113438045375,21.493939393939392,5.191666666666666,1,1,2,1,1,Bueno
2017-10-25,11.527777777777779,21.61111111111111,75.68881118881119,19.012048192771083,6.093220338983051,1,1,2,1,1,Bueno
2017-10-26,14.097222222222221,25.375,83.65913043478261,18.31940298507463,6.754166666666666,1,2,2,1,1,Bueno
2017-10-27,13.347222222222221,33.083333333333336,56.78260869565217,25.035820895522388,5.481171548117155,1,2,2,1,1,Bueno
2017-10-28,7.020833333333333,13.159722222222221,37.08506944444444,37.55820895522388,4.204166666666667,1,1,1,1,1,Muy Bueno
2017-10-29,5.972222222222222,10.423076923076923,38.39198606271777,41.37837837837838,4.045833333333333,1,1,1,1,1,Muy Bueno
2017-10-30,4.943661971830986,10.610526315789473,37.751304347826085,34.17664670658683,4.2375,1,1,1,1,1,Muy Bueno
2017-10-31,8.965277777777779,17.607773851590107,49.817708333333336,35.401785714285715,5.754166666666666,1,1,1,1,1,Muy Bueno
2017-11-01,11.98611111111111,21.086805555555557,47.51215277777778,27.586309523809526,6.779166666666667,1,1,1,1,1,Muy Bueno
2017-11-02,11.20138888888889,21.583333333333332,56.29340277777778,24.633928571428573,5.979166666666667,1,1,2,1,1,Bueno
2017-11-03,12.180555555555555,20.8125,55.736111111111114,22.727544910179642,5.4625,1,1,2,1,1,Bueno
2017-11-04,6.951388888888889,10.73263888888889,38.11284722222222,30.964285714285715,4.345833333333333,1,1,1,1,1,Muy Bueno
2017-11-05,5.201388888888889,6.777777777777778,32.083333333333336,41.967261904761905,5.325,1,1,1,1,1,Muy Bueno
2017-11-06,3.951388888888889,6.965277777777778,37.289198606271775,39.961077844311376,5.790393013100437,1,1,1,1,1,Muy Bueno
2017-11-07,8.698529411764707,18.385714285714286,63.44736842105263,20.59090909090909,6.991489361702127,1,1,2,1,1,Bueno
2017-11-08,7.064285714285714,13.136200716845877,52.77447552447553,32.1144578313253,6.933054393305439,1,1,2,1,1,Bueno
2017-11-09,2.7291666666666665,5.34375,26.54861111111111,55.014925373134325,5.51063829787234,1,1,1,1,1,Muy Bueno
2017-11-10,6.395833333333333,11.88888888888889,52.057391304347824,32.09880239520958,7.148471615720524,1,1,2,1,1,Bueno
2017-11-11,10.792857142857143,16.426056338028168,67.18229166666667,15.711711711711711,7.770833333333333,1,1,2,1,1,Bueno
2017-11-12,10.208333333333334,14.26388888888889,57.14409722222222,17.35843373493976,7.458333333333333,1,1,2,1,1,Bueno
2017-11-13,6.432624113475177,10.6,44.458333333333336,38.62951807228916,6.7,1,1,1,1,1,Muy Bueno
2017-11-14,9.20138888888889,17.101754385964913,67.61631944444444,22.461309523809526,7.483333333333333,1,1,2,1,1,Bueno
2017-11-15,13.743055555555555,25.961805555555557,81.78125,9.844311377245509,9.245833333333334,1,2,2,1,1,Bueno
2017-11-16,20.0,34.126315789473686,97.17013888888889,5.51044776119403,11.2,2,2,2,1,1,Bueno
2017-11-17,16.18881118881119,28.714285714285715,91.51304347826087,6.497005988023952,11.117154811715482,2,2,2,1,1,Bueno
2017-11-18,11.565217391304348,17.81205673758865,63.57719298245614,15.753799392097264,10.106837606837606,1,1,2,1,1,Bueno
2017-11-19,12.256944444444445,18.177083333333332,63.35243055555556,17.452095808383234,8.529166666666667,1,1,2,1,1,Bueno
2017-11-20,18.865248226950353,31.860714285714284,87.70598591549296,8.647590361445783,10.457627118644067,2,2,2,1,1,Bueno
2017-11-21,20.71527777777778,36.295138888888886,95.31634446397189,7.6534954407294835,10.957983193277311,2,2,2,1,1,Bueno
2017-11-22,19.8125,34.5719298245614,86.98432055749129,8.423423423423424,10.815126050420169,2,2,2,1,1,Bueno
2017-11-23,19.625,39.55594405594405,98.56770833333333,7.277611940298508,12.095833333333333,2,2,2,1,1,Bueno
2017-11-24,15.375,34.20557491289198,79.08869565217391,9.261904761904763,8.725,2,2,2,1,1,Bueno
2017-11-25,13.42361111111111,27.663194444444443,57.010416666666664,15.952380952380953,9.008333333333333,1,2,2,1,1,Bueno
2017-11-26,3.5069444444444446,6.46875,31.819444444444443,36.839285714285715,7.0625,1,1,1,1,1,Muy Bueno
2017-11-27,10.485915492957746,20.287719298245612,69.25347222222223,12.273809523809524,8.85,1,1,2,1,1,Bueno
2017-11-28,20.99290780141844,34.47761194029851,80.59375,2.607142857142857,9.468619246861925,2,2,2,1,1,Bueno
2017-11-29,11.909722222222221,17.895833333333332,49.23090277777778,24.18154761904762,7.591666666666667,1,1,1,1,1,Muy Bueno
2017-11-30,4.138888888888889,7.3546099290780145,42.83745583038869,33.80487804878049,6.969827586206897,1,1,1,1,1,Muy Bueno
2017-12-01,4.340277777777778,8.535211267605634,40.54086956521739,41.71641791044776,5.295833333333333,1,1,1,1,1,Muy Bueno
2017-12-02,4.25,6.965277777777778,43.25694444444444,37.30952380952381,5.833333333333333,1,1,1,1,1,Muy Bueno
2017-12-03,5.111111111111111,7.541666666666667,41.032986111111114,36.602985074626865,7.6625,1,1,1,1,1,Muy Bueno
2017-12-04,9.604166666666666,15.96875,67.44483362521892,14.283987915407854,9.808510638297872,1,1,2,1,1,Bueno
2017-12-05,12.0625,19.0,76.90718038528897,12.552552552552553,10.25,1,1,2,1,1,Bueno
2017-12-06,17.65277777777778,22.041666666666668,74.50868055555556,11.964179104477612,9.875,2,1,2,1,1,Bueno
2017-12-07,24.3125,31.82638888888889,81.47212543554006,6.907185628742515,10.853556485355648,2,2,2,1,1,Bueno
2017-12-08,34.833333333333336,43.11805555555556,81.15625,4.191044776119403,10.929166666666667,3,2,2,1,1,Regular
2017-12-09,23.98611111111111,29.854166666666668,54.21180555555556,12.629850746268657,8.375,2,2,2,1,1,Bueno
2017-12-10,5.020833333333333,8.381944444444445,18.01909722222222,43.464071856287426,5.1625,1,1,1,1,1,Muy Bueno
2017-12-11,3.464788732394366,5.118881118881119,26.005208333333332,49.51940298507463,5.191666666666666,1,1,1,1,1,Muy Bueno
2017-12-12,6.125,12.427083333333334,54.74131944444444,24.97910447761194,7.395833333333333,1,1,2,1,1,Bueno
2017-12-13,11.272727272727273,18.43840579710145,65.14409722222223,10.438805970149254,7.470833333333333,1,1,2,1,1,Bueno
2017-12-14,6.854166666666667,9.817543859649122,36.614583333333336,21.22822822822823,4.322175732217573,1,1,1,1,1,Muy Bueno
2017-12-15,3.7777777777777777,6.3578947368421055,37.829861111111114,38.36119402985074,4.719148936170213,1,1,1,1,1,Muy Bueno
2017-12-16,6.701388888888889,9.475694444444445,50.85243055555556,26.823880597014924,6.945833333333334,1,1,2,1,1,Bueno
2017-12-17,3.4375,5.697916666666667,36.34027777777778,36.18263473053892,5.854166666666667,1,1,1,1,1,Muy Bueno
2017-12-18,12.864285714285714,21.169014084507044,74.89024390243902,10.003048780487806,7.911016949152542,1,1,2,1,1,Bueno
2017-12-19,9.633802816901408,16.43816254416961,70.4553415061296,23.027190332326285,9.941176470588236,1,1,2,1,1,Bueno
2017-12-20,21.833333333333332,34.370106761565836,98.87260034904014,3.942942942942943,12.236286919831224,2,2,2,1,1,Bueno
2017-12-21,14.13888888888889,22.288732394366196,82.34375,7.580838323353293,10.766949152542374,1,1,2,1,1,Bueno
2017-12-22,28.382978723404257,38.1719298245614,98.89391304347826,2.6516516516516515,12.74537037037037,2,2,2,1,1,Bueno
2017-12-23,12.01388888888889,15.67361111111111,56.817708333333336,16.48502994011976,10.33953488372093,1,1,2,1,1,Bueno
2017-12-24,13.291666666666666,17.475524475524477,50.49652777777778,13.7874251497006,7.212962962962963,1,1,2,1,1,Bueno
2017-12-25,15.625,18.09027777777778,42.392361111111114,6.850299401197605,5.888888888888889,2,1,1,1,1,Bueno
2017-12-26,7.881944444444445,10.625,39.50347222222222,24.643712574850298,4.030701754385965,1,1,1,1,1,Muy Bueno
2017-12-27,2.625,5.0625,21.43576388888889,54.42089552238806,3.9491525423728815,1,1,1,1,1,Muy Bueno
2017-12-28,3.701388888888889,6.809027777777778,32.05902777777778,38.44011976047904,4.141666666666667,1,1,1,1,1,Muy Bueno
2017-12-29,4.868055555555555,7.642361111111111,34.82118055555556,36.23652694610779,4.2375,1,1,1,1,1,Muy Bueno
2017-12-30,6.277777777777778,9.03125,32.88715277777778,26.06845238095238,4.25,1,1,1,1,1,Muy Bueno
2017-12-31,8.347222222222221,11.20486111111111,33.392361111111114,28.053571428571427,4.625,1,1,1,1,1,Muy Bueno
2018-01-01,4.145833333333333,12.645833333333334,22.805555555555557,51.12238805970149,3.9458333333333333,1,1,1,1,1,Muy Bueno
2018-01-02,4.923611111111111,10.965277777777779,32.467713787085515,43.734939759036145,4.030042918454936,1,1,1,1,1,Muy Bueno
2018-01-03,7.382165605095541,11.637873754152825,38.29790940766551,19.363095238095237,4.25462962962963,1,1,1,1,1,Muy Bueno
2018-01-04,6.803571428571429,9.669871794871796,32.104166666666664,20.396396396396398,4.090909090909091,1,1,1,1,1,Muy Bueno
2018-01-05,3.982142857142857,5.910256410256411,29.337391304347825,35.92559523809524,3.816666666666667,1,1,1,1,1,Muy Bueno
2018-01-06,2.9226190476190474,2.9615384615384617,26.01909722222222,52.92559523809524,3.65,1,1,1,1,1,Muy Bueno
2018-01-07,3.1607142857142856,3.9198717948717947,27.24826388888889,43.13988095238095,5.0625,1,1,1,1,1,Muy Bueno
2018-01-08,8.05,12.333333333333334,54.33680555555556,21.720238095238095,6.879166666666666,1,1,2,1,1,Bueno
2018-01-09,14.987951807228916,21.149350649350648,62.003478260869564,5.4474474474474475,5.401673640167364,1,1,2,1,1,Bueno
2018-01-10,8.93452380952381,12.171521035598705,46.275261324041814,18.401785714285715,4.525,1,1,1,1,1,Muy Bueno
2018-01-11,3.855421686746988,8.0,33.72569444444444,49.919642857142854,4.670833333333333,1,1,1,1,1,Muy Bueno
2018-01-12,10.277777777777779,18.431372549019606,65.58159722222223,20.892857142857142,6.854166666666667,1,1,2,1,1,Bueno
2018-01-13,15.226190476190476,20.07051282051282,62.223958333333336,6.794642857142857,5.795833333333333,2,1,2,1,1,Bueno
2018-01-14,6.125,8.445512820512821,30.78125,36.30513595166163,5.525,1,1,1,1,1,Muy Bueno
2018-01-15,10.601190476190476,15.778846153846153,55.31468531468531,17.442006269592476,5.9789029535864975,1,1,2,1,1,Bueno
2018-01-16,12.547619047619047,19.686274509803923,59.813380281690144,13.555555555555555,6.11344537815126,1,1,2,1,1,Bueno
2018-01-17,10.906832298136646,17.62295081967213,56.67781690140845,18.683734939759034,8.468619246861925,1,1,2,1,1,Bueno
2018-01-18,12.367469879518072,21.870967741935484,70.53684210526316,13.647590361445783,8.395833333333334,1,1,2,1,1,Bueno
2018-01-19,15.625,24.23076923076923,75.31076388888889,9.398809523809524,9.920833333333333,2,1,2,1,1,Bueno
2018-01-20,14.928571428571429,23.330128205128204,65.84895833333333,16.267857142857142,7.575,1,1,2,1,1,Bueno
2018-01-21,7.728476821192053,13.06159420289855,48.99295774647887,19.770833333333332,5.870689655172414,1,1,1,1,1,Muy Bueno
2018-01-22,11.820512820512821,19.0,55.85191637630662,9.661676646706587,7.870833333333334,1,1,2,1,1,Bueno
2018-01-23,12.589285714285714,19.78205128205128,61.53403141361257,10.395209580838323,9.645833333333334,1,1,2,1,1,Bueno
2018-01-24,19.901840490797547,28.462540716612377,64.97916666666667,7.160714285714286,8.482905982905983,2,2,2,1,1,Bueno
2018-01-25,21.351190476190474,27.868167202572348,56.97569444444444,10.011976047904191,6.75,2,2,2,1,1,Bueno
2018-01-26,3.216867469879518,6.087096774193548,31.07867132867133,47.01510574018127,4.495833333333334,1,1,1,1,1,Muy Bueno
2018-01-27,2.994047619047619,5.705128205128205,20.63715277777778,57.92537313432836,5.579166666666667,1,1,1,1,1,Muy Bueno
2018-01-28,4.083333333333333,7.1923076923076925,20.50173611111111,53.78507462686567,7.7625,1,1,1,1,1,Muy Bueno
2018-01-29,10.0,18.753205128205128,56.219298245614034,28.984939759036145,8.253218884120171,1,1,2,1,1,Bueno
2018-01-30,12.523809523809524,20.772435897435898,65.57491289198606,16.936936936936938,8.957805907172995,1,1,2,1,1,Bueno
2018-01-31,14.202453987730062,22.257328990228014,76.18388791593695,12.475903614457831,8.953781512605042,1,1,2,1,1,Bueno
2018-02-01,16.166666666666668,26.08653846153846,67.76614310645724,16.955223880597014,8.825,2,2,2,1,1,Bueno
2018-02-02,4.0,6.201923076923077,35.060763888888886,46.62089552238806,5.125,1,1,1,1,1,Muy Bueno
2018-02-03,5.261904761904762,9.541666666666666,41.60590277777778,37.854166666666664,4.408333333333333,1,1,1,1,1,Muy Bueno
2018-02-04,4.059523809523809,5.006410256410256,26.741319444444443,47.476190476190474,3.2666666666666666,1,1,1,1,1,Muy Bueno
2018-02-05,4.445783132530121,5.061290322580645,38.99131944444444,32.70746268656716,5.025,1,1,1,1,1,Muy Bueno
2018-02-06,5.122699386503068,7.237785016286645,31.50785340314136,41.4954954954955,5.337552742616034,1,1,1,1,1,Muy Bueno
2018-02-07,5.761904761904762,9.258899676375405,42.87652173913043,34.419642857142854,6.075,1,1,1,1,1,Muy Bueno
2018-02-08,7.135802469135802,10.843137254901961,46.94444444444444,34.270833333333336,7.367088607594937,1,1,1,1,1,Muy Bueno
2018-02-09,15.08433734939759,25.851612903225806,76.88715277777777,14.625,6.954166666666667,2,2,2,1,1,Bueno
2018-02-10,5.607142857142857,8.826923076923077,36.592013888888886,51.49404761904762,5.875,1,1,1,1,1,Muy Bueno
2018-02-11,10.892857142857142,16.076923076923077,48.435763888888886,26.25,5.720833333333333,1,1,1,1,1,Muy Bueno
2018-02-12,4.555555555555555,7.84640522875817,36.818815331010455,45.616766467065865,5.220833333333333,1,1,1,1,1,Muy Bueno
2018-02-13,8.209876543209877,15.582781456953642,49.85989492119089,32.82934131736527,4.89873417721519,1,1,1,1,1,Muy Bueno
2018-02-14,5.54601226993865,9.079470198675496,28.029824561403508,44.972972972972975,4.147058823529412,1,1,1,1,1,Muy Bueno
2018-02-15,12.136904761904763,18.644012944983817,53.18739054290718,20.214285714285715,6.0375,1,1,2,1,1,Bueno
2018-02-16,17.446428571428573,23.993548387096773,45.85689354275742,15.140298507462687,6.2384937238493725,2,1,1,1,1,Bueno
2018-02-17,16.625,23.694533762057876,38.29391304347826,25.408955223880596,7.384937238493724,2,1,1,1,1,Bueno
2018-02-18,3.2083333333333335,5.435483870967742,23.307291666666668,53.232142857142854,6.983333333333333,1,1,1,1,1,Muy Bueno
2018-02-19,3.748502994011976,6.919463087248322,33.474782608695655,47.38507462686567,7.192468619246862,1,1,1,1,1,Muy Bueno
2018-02-20,3.6011904761904763,6.830128205128205,33.060763888888886,49.23880597014925,6.439330543933054,1,1,1,1,1,Muy Bueno
2018-02-21,3.7005988023952097,6.573717948717949,29.84494773519164,53.232835820895524,5.841004184100418,1,1,1,1,1,Muy Bueno
2018-02-22,8.68452380952381,13.665594855305466,45.36411149825784,43.940298507462686,7.117154811715481,1,1,1,1,1,Muy Bueno
2018-02-23,8.642857142857142,14.583333333333334,51.42881944444444,39.455357142857146,6.954166666666667,1,1,2,1,1,Bueno
2018-02-24,13.535714285714286,21.932692307692307,63.670138888888886,29.892857142857142,6.970833333333333,1,1,2,1,1,Bueno
2018-02-25,16.730538922155688,23.659163987138264,63.015625,33.36904761904762,7.229166666666667,2,1,2,1,1,Bueno
2018-02-26,18.030864197530864,27.862745098039216,80.6555944055944,23.58858858858859,9.084745762711865,2,2,2,1,1,Bueno
2018-02-27,11.172619047619047,17.83974358974359,59.37696335078534,32.101190476190474,6.6625,1,1,2,1,1,Bueno
2018-02-28,8.142857142857142,10.349358974358974,56.890243902439025,20.871641791044777,5.383333333333334,1,1,2,1,1,Bueno
2018-03-01,3.625,5.189102564102564,31.434325744308232,55.78247734138973,4.5375,1,1,1,1,1,Muy Bueno
2018-03-02,5.532934131736527,7.825242718446602,49.34086956521739,37.00898203592814,4.895833333333333,1,1,1,1,1,Muy Bueno
2018-03-03,3.4166666666666665,5.971153846153846,24.161458333333332,68.72321428571429,4.270833333333333,1,1,1,2,1,Bueno
2018-03-04,3.2142857142857144,4.810897435897436,23.427083333333332,65.50892857142857,4.470833333333333,1,1,1,2,1,Bueno
2018-03-05,3.2916666666666665,4.721153846153846,30.776041666666668,63.038690476190474,4.029166666666667,1,1,1,2,1,Bueno
2018-03-06,3.7023809523809526,6.274193548387097,31.723958333333332,55.592261904761905,4.008333333333334,1,1,1,1,1,Muy Bueno
2018-03-07,4.1454545454545455,7.883495145631068,31.89409722222222,60.88392857142857,4.2625,1,1,1,2,1,Bueno
2018-03-08,7.771604938271605,12.277777777777779,47.755208333333336,39.76190476190476,4.679166666666666,1,1,1,1,1,Muy Bueno
2018-03-09,8.19078947368421,12.56081081081081,49.88035714285714,24.235119047619047,4.620833333333334,1,1,1,1,1,Muy Bueno
2018-03-10,4.2976190476190474,5.666666666666667,33.10590277777778,45.76190476190476,4.1625,1,1,1,1,1,Muy Bueno
2018-03-11,3.2738095238095237,6.634615384615385,13.855902777777779,75.43452380952381,3.957627118644068,1,1,1,2,1,Bueno
2018-03-12,3.5,8.0,20.5609756097561,67.87724550898204,4.0,1,1,1,2,1,Bueno
2018-03-13,6.09375,12.119205298013245,39.81786339754816,42.633633633633636,4.138655462184874,1,1,1,1,1,Muy Bueno
2018-03-14,5.785714285714286,9.185667752442997,41.210434782608694,31.160714285714285,4.125523012552302,1,1,1,1,1,Muy Bueno
2018-03-15,3.1204819277108435,6.490322580645161,22.092495636998255,75.03293413173652,3.845833333333333,1,1,1,2,1,Bueno
2018-03-16,3.4404761904761907,6.309677419354839,26.43205574912892,61.76047904191617,3.879166666666667,1,1,1,2,1,Bueno
2018-03-17,3.2962962962962963,4.967320261437909,23.756944444444443,64.1577380952381,3.85,1,1,1,2,1,Bueno
2018-03-18,3.7116564417177913,5.993485342019544,21.307291666666668,70.35714285714286,4.279166666666667,1,1,1,2,1,Bueno
2018-03-19,3.8774193548387097,6.581939799331104,28.677083333333332,62.479166666666664,4.0125,1,1,1,2,1,Bueno
2018-03-20,3.4761904761904763,5.926282051282051,22.19097222222222,68.22916666666667,3.8875,1,1,1,2,1,Bueno
2018-03-21,5.2272727272727275,8.885906040268456,23.79930191972077,77.07507507507508,4.570833333333334,1,1,1,2,1,Bueno
2018-03-22,7.052631578947368,13.379432624113475,45.12720848056537,55.82208588957055,4.795833333333333,1,1,1,1,1,Muy Bueno
2018-03-23,10.078014184397164,16.6084142394822,54.13368055555556,32.49107142857143,5.197424892703863,1,1,2,1,1,Bueno
2018-03-24,3.2777777777777777,7.157051282051282,12.289930555555555,77.6955223880597,4.1625,1,1,1,2,1,Bueno
2018-03-25,3.1739130434782608,5.25752508361204,16.05253623188406,79.3208722741433,4.8,1,1,1,2,1,Bueno
2018-03-26,5.326388888888889,8.64102564102564,38.83802816901409,55.292682926829265,5.632478632478633,1,1,1,1,1,Muy Bueno
2018-03-27,5.430555555555555,10.631410256410257,34.6830122591944,51.19760479041916,5.050632911392405,1,1,1,1,1,Muy Bueno
2018-03-28,8.63888888888889,15.717948717948717,41.217013888888886,33.91641791044776,6.054166666666666,1,1,1,1,1,Muy Bueno
2018-03-29,4.951388888888889,7.528846153846154,12.957820738137082,60.87234042553192,4.566666666666666,1,1,1,2,1,Bueno
2018-03-30,2.7083333333333335,6.003205128205129,8.848958333333334,88.77380952380952,4.475,1,1,1,2,1,Bueno
2018-03-31,2.4652777777777777,4.522435897435898,12.796875,80.83333333333333,4.5125,1,1,1,2,1,Bueno
2018-04-01,5.584507042253521,9.14516129032258,29.776041666666668,54.657738095238095,6.575,1,1,1,1,1,Muy Bueno
2018-04-02,7.263888888888889,13.657051282051283,37.482638888888886,54.51190476190476,5.823529411764706,1,1,1,1,1,Muy Bueno
2018-04-03,4.583333333333333,8.211538461538462,22.243055555555557,64.26190476190476,4.529166666666667,1,1,1,2,1,Bueno
2018-04-04,3.326388888888889,8.495176848874598,18.67361111111111,74.42857142857143,4.220833333333333,1,1,1,2,1,Bueno
2018-04-05,7.847222222222222,14.69032258064516,42.2904347826087,47.680597014925375,5.4,1,1,1,1,1,Muy Bueno
2018-04-06,9.82638888888889,21.20257234726688,58.05663716814159,32.0462962962963,6.7238493723849375,1,1,2,1,1,Bueno
2018-04-07,4.659722222222222,7.4480519480519485,29.041666666666668,61.64776119402985,4.533333333333333,1,1,1,2,1,Bueno
2018-04-08,4.006944444444445,6.166666666666667,18.96701388888889,62.05059523809524,4.3375,1,1,1,2,1,Bueno
2018-04-09,3.1857142857142855,4.967532467532467,22.74165202108963,74.40853658536585,4.370212765957447,1,1,1,2,1,Bueno
2018-04-10,3.443661971830986,4.8431372549019605,30.93542757417103,63.14328358208955,4.121848739495798,1,1,1,2,1,Bueno
2018-04-11,3.471014492753623,5.620915032679738,28.67132867132867,68.69969969969969,4.343096234309623,1,1,1,2,1,Bueno
2018-04-12,4.819444444444445,8.058631921824103,29.396160558464224,63.27710843373494,4.708860759493671,1,1,1,2,1,Bueno
2018-04-13,4.375,7.9743589743589745,31.01215277777778,67.91317365269461,4.420833333333333,1,1,1,2,1,Bueno
2018-04-14,6.652777777777778,10.179487179487179,36.47569444444444,47.42388059701493,5.575,1,1,1,1,1,Muy Bueno
2018-04-15,5.659722222222222,9.871794871794872,21.696180555555557,50.2814371257485,4.7112970711297075,1,1,1,1,1,Muy Bueno
2018-04-16,4.513888888888889,8.482758620689655,22.01909722222222,70.34925373134328,4.588235294117647,1,1,1,2,1,Bueno
2018-04-17,8.555555555555555,15.968421052631578,46.743859649122804,39.69908814589666,5.184549356223176,1,1,1,1,1,Muy Bueno
2018-04-18,9.875,16.711267605633804,49.7632058287796,46.45779220779221,4.42654028436019,1,1,1,1,1,Muy Bueno
2018-04-19,10.930555555555555,27.09246575342466,32.04129263913824,71.06918238993711,4.108597285067873,1,2,1,2,1,Bueno
2018-04-20,12.818840579710145,40.28431372549019,24.837127845884414,75.35889570552148,3.8912133891213387,1,2,1,2,1,Bueno
2018-04-21,14.04861111111111,40.44551282051282,25.100694444444443,63.080357142857146,4.175,1,2,1,2,1,Bueno
2018-04-22,14.42361111111111,35.868589743589745,33.19097222222222,50.464285714285715,4.420833333333333,1,2,1,1,1,Bueno
2018-04-23,13.5625,33.47096774193548,42.80836236933798,38.13855421686747,5.00418410041841,1,2,1,1,1,Bueno
2018-04-24,13.305555555555555,35.487096774193546,39.146596858638745,45.82477341389728,4.3008474576271185,1,2,1,1,1,Bueno
2018-04-25,15.194444444444445,38.29807692307692,48.923478260869565,45.25149700598802,4.30672268907563,2,2,1,1,1,Bueno
2018-04-26,12.402777777777779,35.041666666666664,38.57739130434783,57.38392857142857,3.8451882845188283,1,2,1,1,1,Bueno
2018-04-27,10.256944444444445,26.27831715210356,26.074782608695653,65.69578313253012,3.6779661016949152,1,2,1,2,1,Bueno
2018-04-28,5.930555555555555,10.971153846153847,13.512152777777779,71.7065868263473,3.6041666666666665,1,1,1,2,1,Bueno
2018-04-29,3.2291666666666665,6.955128205128205,11.098958333333334,78.04464285714286,3.591666666666667,1,1,1,2,1,Bueno
2018-04-30,3.3541666666666665,6.862179487179487,20.57638888888889,68.81492537313433,3.8,1,1,1,2,1,Bueno
2018-05-01,2.6666666666666665,4.461538461538462,29.125,56.357142857142854,4.5,1,1,1,1,1,Muy Bueno
